country,category,editor,software,importance,status,kind,via_chift,source_url,confirmed_by,evidence
"FR","expense","pleo","cegid-quadra","dominant","not_found","","","","",""
"FR","expense","spendesk","cegid-quadra","dominant","declared","file_export","","https://helpcenter.spendesk.com/fr/articles/7339550-importer-votre-journal-d-achats-spendesk-dans-cegid-quadra","","Custom export Cegid Quadra; import purchase journal file"
"FR","expense","payhawk","cegid-quadra","dominant","declared","file_export","","https://payhawk.com/integrations","","Page names ""Cegid"" without the product. Card: predefined CSV/XLS export templates for Cegid"
"FR","expense","mooncard","cegid-quadra","dominant","declared","file_export","","https://help.mooncard.co/g%C3%A9rez-vos-%C3%A9critures-comptables/5mUaTzBWZTZd3G16uKLVre/comment-importer-vos-%C3%A9critures-comptables-mooncard-dans-quadratus-/5TMA5CunEc4MVGe4EFb4q6","",".txt export imported via Quadratus 'Import ASCII (compta)'"
"FR","expense","n2f","cegid-quadra","dominant","directory","api","","https://www.n2f.com/fr/note-de-frais/export-comptable/","https://www.connect-compta.fr/#annuaire","Page names ""Cegid"" without the product. entries ""directement générées au format accepté par votre écosystème"". Also listed in connect-compta (direct connection)."
"FR","expense","expensya","cegid-quadra","dominant","declared","file_export","","https://www.expensya.com/fr/solutions/integrations/","","named as Cegid solution; dedicated export tool or .TRA file"
"FR","expense","jenji","cegid-quadra","dominant","declared","unknown","","https://www.jenji.io/fr/integrations/erp-comptabilite-finance","","Logo in 'ERP & Comptabilité' grid; connector type not specified per software"
"FR","expense","moss","cegid-quadra","dominant","not_found","","","","",""
"FR","banking","qonto","cegid-quadra","dominant","directory","api","","https://qonto.com/fr/accountants/integrations/cegid-quadra","https://www.connect-compta.fr/#annuaire","Regate by Qonto API pushes entries, third parties, receipts to Quadra. Also listed in connect-compta (direct connection)."
"FR","banking","shine","cegid-quadra","dominant","declared","via_partner","","https://www.shine.fr/integrations-comptables/","","Listed as: Transactions - via Jedeclare, TransfertBANQUE"
"FR","banking","finom","cegid-quadra","dominant","declared","unknown","","https://finom.co/fr-fr/integrations/","","Page names ""Cegid"" without the product. Listed under ""Intégrations"" on Finom's French integrations page (read 2026-10-02 in a browser); no mechanism stated."
"FR","banking","memo-bank","cegid-quadra","dominant","declared","api","","https://memo.bank/produit/integrations/","","Listed with connector: EBICS (direct EBICS TS connection)"
"FR","banking","revolut-business","cegid-quadra","dominant","not_found","","","","",""
"FR","banking","bunq","cegid-quadra","dominant","not_found","","","","",""
"FR","banking","tide","cegid-quadra","dominant","not_found","","","","",""
"FR","banking","holvi","cegid-quadra","dominant","not_found","","","","",""
"FR","cash","agicap","cegid-quadra","dominant","declared","unknown","","https://agicap.com/fr/nos-integrations/","","Listed under ERP & Comptabilite, no mechanism"
"FR","cash","fygr","cegid-quadra","dominant","not_found","","","","",""
"FR","cash","trezy","cegid-quadra","dominant","declared","unknown","","https://www.trezy.io/documentation","","Page names ""CEGID"" without the product. Docs: CEGID credentials, read-only sync of entries, balances"
"FR","payables","dext","cegid-quadra","dominant","directory","api","","https://help.dext.com/fr/articles/458456-connecter-dext-a-cegid-quadra-par-api","https://www.connect-compta.fr/#annuaire","API key from CegidLife; publish documents to Quadra in one click. Also listed in connect-compta (direct connection)."
"FR","payables","libeo","cegid-quadra","dominant","declared","file_export","","https://help.libeo.io/fr/articles/6680558-quadratus-exporter-mes-ecritures-comptables-avec-pieces-et-analytique","","Export entries with the Quadratus template and import them"
"FR","payables","candis","cegid-quadra","dominant","not_found","","","","",""
"FR","payables","getmyinvoices","cegid-quadra","dominant","not_found","","","","",""
"FR","payables","klippa","cegid-quadra","dominant","not_found","","","","",""
"FR","payables","yooz","cegid-quadra","dominant","directory","api","","https://www.getyooz.com/fr/logiciels-comptables-et-erp-connectes","https://www.connect-compta.fr/#annuaire","Logo on connected-ERP list (250+ native connectors); mechanism not detailed. Also listed in connect-compta (direct connection)."
"FR","payables","chaintrust","cegid-quadra","dominant","directory","api","","https://www.chaintrust.io/blog/actualites/integration-logiciels-comptables-avec-chaintrust/","https://www.connect-compta.fr/#annuaire","New API connection now available. Also listed in connect-compta (direct connection)."
"FR","invoicing","billit","cegid-quadra","dominant","not_found","","","","",""
"FR","invoicing","teamleader","cegid-quadra","dominant","declared","unknown","","https://www.teamleader.eu/fr/solutions/integrations","","Named in Teamleader Orbit tools list (FR page)"
"FR","invoicing","sellsy","cegid-quadra","dominant","not_found","","","","",""
"FR","invoicing","axonaut","cegid-quadra","dominant","directory","api","","https://axonaut.com/blog/axonaut-cegid/","https://www.connect-compta.fr/#annuaire","'vous pourrez vous connecter à Cegid Loop et Cegid Quadra Plus'. Also listed in connect-compta (built-in connection (same vendor))."
"FR","pos","sumup","cegid-quadra","dominant","directory","via_partner","yes","https://www.connect-compta.fr/#annuaire","https://www.connect-compta.fr/#annuaire","connect-compta, Chift's directory, lists a connection through Chift."
"FR","pos","lightspeed","cegid-quadra","dominant","declared","via_partner","yes","https://www.lightspeedhq.com/uk/integrations/chift/","","Page names ""Cegid"" without the product. Sage, Cegid, Pennylane, Inqom, MyUnisoft use Chift for Lightspeed"
"FR","pos","mollie","cegid-quadra","dominant","not_found","","","","",""
"FR","pos","gocardless","cegid-quadra","dominant","not_found","","","","",""
"FR","pos","payplug","cegid-quadra","dominant","not_found","","","","",""
"FR","pos","zettle","cegid-quadra","dominant","not_found","","","","",""
"FR","hr","payfit","cegid-quadra","dominant","not_found","","","","",""
"FR","hr","lucca","cegid-quadra","dominant","declared","file_export","","https://support.luccasoftware.com/s/article/param%C3%A9trage-des-formats-d-export-comptable-dans-lucca-notes-de-frais?language=fr","","Page names ""CEGID"" without the product. Export templates; fixed-length native SAGE and CEGID file formats"
"FR","hr","skello","cegid-quadra","dominant","not_found","","","","",""
"FR","hr","combo","cegid-quadra","dominant","not_found","","","","",""
"FR","construction","vertuoza","cegid-quadra","dominant","not_found","","","","",""
"FR","construction","graneet","cegid-quadra","dominant","declared","file_export","","https://help.graneet.fr/fr/articles/769108-export-comptable-au-format-cegid-quadra","","Accounting entries exported in a Cegid Quadra compatible format"
"FR","construction","obat","cegid-quadra","dominant","not_found","","","","",""
"FR","invoicing","abby","cegid-quadra","dominant","not_found","","","","",""
"FR","vertical","boondmanager","cegid-quadra","dominant","not_found","","","","",""
"FR","vertical","dashdoc","cegid-quadra","dominant","not_found","","","","",""
"FR","invoicing","dolibarr","cegid-quadra","dominant","directory","api","","https://www.connect-compta.fr/#annuaire","https://www.connect-compta.fr/#annuaire","connect-compta, Chift's directory, lists a direct connection."
"FR","invoicing","ebp-gescom","cegid-quadra","dominant","directory","api","","https://www.connect-compta.fr/#annuaire","https://www.connect-compta.fr/#annuaire","connect-compta, Chift's directory, lists a direct connection."
"FR","invoicing","evoliz","cegid-quadra","dominant","directory","api","","https://www.connect-compta.fr/#annuaire","https://www.connect-compta.fr/#annuaire","connect-compta, Chift's directory, lists a direct connection."
"FR","payables","facnote","cegid-quadra","dominant","not_found","","","","",""
"FR","invoicing","factomos","cegid-quadra","dominant","not_found","","","","",""
"FR","invoicing","henrri","cegid-quadra","dominant","not_found","","","","",""
"FR","invoicing","jefacture-com","cegid-quadra","dominant","not_found","","","","",""
"FR","invoicing","kolecto","cegid-quadra","dominant","not_found","","","","",""
"FR","construction","organilog","cegid-quadra","dominant","not_found","","","","",""
"FR","invoicing","sage-100-gestion-commerciale","cegid-quadra","dominant","not_found","","","","",""
"FR","invoicing","seqino","cegid-quadra","dominant","not_found","","","","",""
"FR","invoicing","toolcie","cegid-quadra","dominant","not_found","","","","",""
"FR","invoicing","vosfactures","cegid-quadra","dominant","not_found","","","","",""
"FR","construction","costructor","cegid-quadra","dominant","not_found","","","","",""
"FR","construction","progbat","cegid-quadra","dominant","not_found","","","","",""
"FR","vertical","digiforma","cegid-quadra","dominant","not_found","","","","",""
"FR","payables","ipaidthat","cegid-quadra","dominant","not_found","","","","",""
"FR","invoicing","meg","cegid-quadra","dominant","directory","api","","https://www.connect-compta.fr/#annuaire","https://www.connect-compta.fr/#annuaire","connect-compta, Chift's directory, lists a direct connection."
"FR","invoicing","zoho","cegid-quadra","dominant","not_found","","","","",""
"FR","invoicing","team-system-facture","cegid-quadra","dominant","not_found","","","","",""
"FR","invoicing","teledec","cegid-quadra","dominant","not_found","","","","",""
"FR","vertical","sinari","cegid-quadra","dominant","not_found","","","","",""
"FR","invoicing","infast","cegid-quadra","dominant","not_found","","","","",""
"FR","invoicing","freebe","cegid-quadra","dominant","not_found","","","","",""
"FR","invoicing","invoicing-plus","cegid-quadra","dominant","not_found","","","","",""
"FR","vertical","menlog","cegid-quadra","dominant","directory","api","","https://www.connect-compta.fr/#annuaire","https://www.connect-compta.fr/#annuaire","connect-compta, Chift's directory, lists a direct connection."
"FR","vertical","gestav","cegid-quadra","dominant","not_found","","","","",""
"FR","vertical","sufatech","cegid-quadra","dominant","not_found","","","","",""
"FR","invoicing","septeo","cegid-quadra","dominant","directory","api","","https://www.connect-compta.fr/#annuaire","https://www.connect-compta.fr/#annuaire","connect-compta, Chift's directory, lists a direct connection."
"FR","construction","kalitics","cegid-quadra","dominant","not_found","","","","",""
"FR","payables","weinvoice-by-weproc","cegid-quadra","dominant","directory","api","","https://www.connect-compta.fr/#annuaire","https://www.connect-compta.fr/#annuaire","connect-compta, Chift's directory, lists a direct connection."
"FR","vertical","isaeta","cegid-quadra","dominant","not_found","","","","",""
"FR","vertical","isavigne","cegid-quadra","dominant","not_found","","","","",""
"FR","vertical","wineriz","cegid-quadra","dominant","directory","api","","https://www.connect-compta.fr/#annuaire","https://www.connect-compta.fr/#annuaire","connect-compta, Chift's directory, lists a direct connection."
"FR","payables","open-bee","cegid-quadra","dominant","not_found","","","","",""
"FR","vertical","manerty","cegid-quadra","dominant","not_found","","","","",""
"FR","pos","abill","cegid-quadra","dominant","directory","via_partner","yes","https://www.connect-compta.fr/#annuaire","https://www.connect-compta.fr/#annuaire","connect-compta, Chift's directory, lists a connection through Chift."
"FR","pos","addictill","cegid-quadra","dominant","directory","via_partner","yes","https://www.connect-compta.fr/#annuaire","https://www.connect-compta.fr/#annuaire","connect-compta, Chift's directory, lists a connection through Chift."
"FR","pos","apitic","cegid-quadra","dominant","not_found","","","","",""
"FR","pos","atilla","cegid-quadra","dominant","directory","via_partner","yes","https://www.connect-compta.fr/#annuaire","https://www.connect-compta.fr/#annuaire","connect-compta, Chift's directory, lists a connection through Chift."
"FR","pos","bdp","cegid-quadra","dominant","not_found","","","","",""
"FR","pos","carrepos","cegid-quadra","dominant","directory","via_partner","yes","https://www.connect-compta.fr/#annuaire","https://www.connect-compta.fr/#annuaire","connect-compta, Chift's directory, lists a connection through Chift."
"FR","pos","cashmag","cegid-quadra","dominant","directory","via_partner","yes","https://www.connect-compta.fr/#annuaire","https://www.connect-compta.fr/#annuaire","connect-compta, Chift's directory, lists a connection through Chift."
"FR","pos","cashpad","cegid-quadra","dominant","directory","via_partner","yes","https://www.connect-compta.fr/#annuaire","https://www.connect-compta.fr/#annuaire","connect-compta, Chift's directory, lists a connection through Chift."
"FR","pos","cegid-retail","cegid-quadra","dominant","not_found","","","","",""
"FR","pos","clyo-systems","cegid-quadra","dominant","directory","via_partner","yes","https://www.connect-compta.fr/#annuaire","https://www.connect-compta.fr/#annuaire","connect-compta, Chift's directory, lists a connection through Chift."
"FR","pos","connectill","cegid-quadra","dominant","directory","via_partner","yes","https://www.connect-compta.fr/#annuaire","https://www.connect-compta.fr/#annuaire","connect-compta, Chift's directory, lists a connection through Chift."
"FR","pos","fastmag","cegid-quadra","dominant","directory","via_partner","yes","https://www.connect-compta.fr/#annuaire","https://www.connect-compta.fr/#annuaire","connect-compta, Chift's directory, lists a connection through Chift."
"FR","pos","fulleapps","cegid-quadra","dominant","directory","via_partner","yes","https://www.connect-compta.fr/#annuaire","https://www.connect-compta.fr/#annuaire","connect-compta, Chift's directory, lists a connection through Chift."
"FR","pos","hellocash","cegid-quadra","dominant","directory","via_partner","yes","https://www.connect-compta.fr/#annuaire","https://www.connect-compta.fr/#annuaire","connect-compta, Chift's directory, lists a connection through Chift."
"FR","pos","hiboutik","cegid-quadra","dominant","directory","via_partner","yes","https://www.connect-compta.fr/#annuaire","https://www.connect-compta.fr/#annuaire","connect-compta, Chift's directory, lists a connection through Chift."
"FR","pos","innovorder","cegid-quadra","dominant","directory","via_partner","yes","https://www.connect-compta.fr/#annuaire","https://www.connect-compta.fr/#annuaire","connect-compta, Chift's directory, lists a connection through Chift."
"FR","pos","jalia-jdc","cegid-quadra","dominant","directory","via_partner","yes","https://www.connect-compta.fr/#annuaire","https://www.connect-compta.fr/#annuaire","connect-compta, Chift's directory, lists a connection through Chift."
"FR","pos","l-addition","cegid-quadra","dominant","directory","via_partner","yes","https://www.connect-compta.fr/#annuaire","https://www.connect-compta.fr/#annuaire","connect-compta, Chift's directory, lists a connection through Chift."
"FR","pos","last-app","cegid-quadra","dominant","not_found","","","","",""
"FR","pos","leo2","cegid-quadra","dominant","directory","via_partner","yes","https://www.connect-compta.fr/#annuaire","https://www.connect-compta.fr/#annuaire","connect-compta, Chift's directory, lists a connection through Chift."
"FR","pos","pi-electronique","cegid-quadra","dominant","directory","via_partner","yes","https://www.connect-compta.fr/#annuaire","https://www.connect-compta.fr/#annuaire","connect-compta, Chift's directory, lists a connection through Chift."
"FR","pos","planity","cegid-quadra","dominant","directory","via_partner","yes","https://www.connect-compta.fr/#annuaire","https://www.connect-compta.fr/#annuaire","connect-compta, Chift's directory, lists a connection through Chift."
"FR","pos","popina","cegid-quadra","dominant","directory","via_partner","yes","https://www.connect-compta.fr/#annuaire","https://www.connect-compta.fr/#annuaire","connect-compta, Chift's directory, lists a connection through Chift."
"FR","pos","restomax","cegid-quadra","dominant","directory","via_partner","yes","https://www.connect-compta.fr/#annuaire","https://www.connect-compta.fr/#annuaire","connect-compta, Chift's directory, lists a connection through Chift."
"FR","pos","shopcaisse","cegid-quadra","dominant","directory","via_partner","yes","https://www.connect-compta.fr/#annuaire","https://www.connect-compta.fr/#annuaire","connect-compta, Chift's directory, lists a connection through Chift."
"FR","pos","shopify-pos","cegid-quadra","dominant","not_found","","","","",""
"FR","pos","simphony","cegid-quadra","dominant","not_found","","","","",""
"FR","pos","square","cegid-quadra","dominant","not_found","","","","",""
"FR","pos","synapsy","cegid-quadra","dominant","directory","via_partner","yes","https://www.connect-compta.fr/#annuaire","https://www.connect-compta.fr/#annuaire","connect-compta, Chift's directory, lists a connection through Chift."
"FR","pos","tactilpad","cegid-quadra","dominant","directory","via_partner","yes","https://www.connect-compta.fr/#annuaire","https://www.connect-compta.fr/#annuaire","connect-compta, Chift's directory, lists a connection through Chift."
"FR","pos","tiller","cegid-quadra","dominant","not_found","","","","",""
"FR","pos","toporder-mypos-cash-register","cegid-quadra","dominant","not_found","","","","",""
"FR","pos","trivec","cegid-quadra","dominant","directory","via_partner","yes","https://www.connect-compta.fr/#annuaire","https://www.connect-compta.fr/#annuaire","connect-compta, Chift's directory, lists a connection through Chift."
"FR","pos","zelty","cegid-quadra","dominant","directory","via_partner","yes","https://www.connect-compta.fr/#annuaire","https://www.connect-compta.fr/#annuaire","connect-compta, Chift's directory, lists a connection through Chift."
"FR","pos","biborne","cegid-quadra","dominant","not_found","","","","",""
"FR","pos","breeze-pos","cegid-quadra","dominant","not_found","","","","",""
"FR","pos","caisse-enregistreuse-fr-kash-click","cegid-quadra","dominant","not_found","","","","",""
"FR","pos","cash-systemes-industrie","cegid-quadra","dominant","not_found","","","","",""
"FR","pos","clictill","cegid-quadra","dominant","not_found","","","","",""
"FR","pos","force7-by-cashmag","cegid-quadra","dominant","not_found","","","","",""
"FR","pos","genius-by-neosystems","cegid-quadra","dominant","not_found","","","","",""
"FR","pos","hairnet-by-cashmag","cegid-quadra","dominant","not_found","","","","",""
"FR","pos","jdc-caisse-et-monetique-sans-bo","cegid-quadra","dominant","not_found","","","","",""
"FR","pos","kerawen","cegid-quadra","dominant","not_found","","","","",""
"FR","pos","kezia-ii-by-jdc","cegid-quadra","dominant","not_found","","","","",""
"FR","pos","kwisatz","cegid-quadra","dominant","not_found","","","","",""
"FR","pos","locatouch","cegid-quadra","dominant","not_found","","","","",""
"FR","pos","ls-coiffure-bu-cashmag","cegid-quadra","dominant","not_found","","","","",""
"FR","pos","macxiphone","cegid-quadra","dominant","not_found","","","","",""
"FR","pos","neosystems","cegid-quadra","dominant","not_found","","","","",""
"FR","pos","nova-by-jdc","cegid-quadra","dominant","not_found","","","","",""
"FR","pos","one-touch-encaissement","cegid-quadra","dominant","not_found","","","","",""
"FR","pos","rezomatic-tgm-commerce","cegid-quadra","dominant","not_found","","","","",""
"FR","pos","popina-k-by-jdc","cegid-quadra","dominant","not_found","","","","",""
"FR","pos","smart-caisse","cegid-quadra","dominant","not_found","","","","",""
"FR","pos","solumag-easycommerce-et-sydevcamp","cegid-quadra","dominant","not_found","","","","",""
"FR","pos","solutions-pdv","cegid-quadra","dominant","not_found","","","","",""
"FR","pos","sora","cegid-quadra","dominant","not_found","","","","",""
"FR","pos","synergie-73-informatique","cegid-quadra","dominant","not_found","","","","",""
"FR","pos","weshop","cegid-quadra","dominant","not_found","","","","",""
"FR","pos","crisalid","cegid-quadra","dominant","not_found","","","","",""
"FR","expense","pleo","acd","dominant","confirmed","unknown","","https://www.acd-groupe.fr/partenaires/#interfaces-technologiques","https://www.acd-groupe.fr/partenaires/#interfaces-technologiques","Listed by the accounting software: Card 'PLEO - Solution de gestion des dépenses professionnelles'"
"FR","expense","spendesk","acd","dominant","confirmed","via_partner","yes","https://www.spendesk.com/integrations/acd-integration/","https://www.acd-groupe.fr/partenaires/#interfaces-technologiques","Developed by: Spendesk via Chift; native ACD integration, 2-way sync. Also listed in connect-compta (connection through Chift)."
"FR","expense","payhawk","acd","dominant","not_found","","","","",""
"FR","expense","mooncard","acd","dominant","not_found","","","","",""
"FR","expense","n2f","acd","dominant","directory","api","","https://www.n2f.com/fr/nos-integrations/acd/","https://www.connect-compta.fr/#annuaire","Dedicated page 'N2F integrates with ACD'; mechanism not described. Also listed in connect-compta (direct connection)."
"FR","expense","expensya","acd","dominant","not_found","","","","",""
"FR","expense","jenji","acd","dominant","not_found","","","","",""
"FR","expense","moss","acd","dominant","not_found","","","","",""
"FR","banking","qonto","acd","dominant","directory","api","","https://qonto.com/fr/accountants/integrations/acd","https://www.connect-compta.fr/#annuaire","Regate by Qonto connector pushes journals to ACD iSuite in real time. Also listed in connect-compta (direct connection)."
"FR","banking","shine","acd","dominant","declared","via_partner","","https://www.shine.fr/integrations-comptables/","","Listed as: Transactions - via Jedeclare"
"FR","banking","finom","acd","dominant","not_found","","","","",""
"FR","banking","memo-bank","acd","dominant","declared","via_partner","","https://memo.bank/produit/integrations/","","Listed with connector: Jedeclare.com (third-party aggregator)"
"FR","banking","revolut-business","acd","dominant","not_found","","","","",""
"FR","banking","bunq","acd","dominant","not_found","","","","",""
"FR","banking","tide","acd","dominant","not_found","","","","",""
"FR","banking","holvi","acd","dominant","not_found","","","","",""
"FR","cash","agicap","acd","dominant","directory","unknown","yes","https://agicap.com/fr/nos-integrations/","https://www.connect-compta.fr/#annuaire","Listed under ERP & Comptabilite, no mechanism. Also listed in connect-compta (connection through Chift)."
"FR","cash","fygr","acd","dominant","declared","api","","https://www.okimia.com/fr/integrations/acd","","Accounts 401, 411, 512 sync automatically with Okimia"
"FR","cash","trezy","acd","dominant","not_found","","","","",""
"FR","payables","dext","acd","dominant","directory","api","","https://dext.com/fr/ressources/export-comptable-et-integration/acd","https://www.connect-compta.fr/#annuaire","Direct API integration: chart of accounts synced, entries published in one click. Also listed in connect-compta (direct connection)."
"FR","payables","libeo","acd","dominant","directory","api","yes","https://libeo.io/integrations/acd","https://www.connect-compta.fr/#annuaire","Documents and accounting entries are sent by API into ACD. Also listed in connect-compta (connection through Chift)."
"FR","payables","candis","acd","dominant","not_found","","","","",""
"FR","payables","getmyinvoices","acd","dominant","not_found","","","","",""
"FR","payables","klippa","acd","dominant","not_found","","","","",""
"FR","payables","yooz","acd","dominant","declared","api","","https://www.getyooz.com/wp-content/uploads/Yooz-Infographie-ACD.pdf","","Connecteur API Yooz - ACD Expert, native connector"
"FR","payables","chaintrust","acd","dominant","directory","api","","https://www.chaintrust.io/blog/actualites/integration-logiciels-comptables-avec-chaintrust/","https://www.connect-compta.fr/#annuaire","Listed under software currently connected via API. Also listed in connect-compta (direct connection)."
"FR","invoicing","billit","acd","dominant","not_found","","","","",""
"FR","invoicing","teamleader","acd","dominant","not_found","","","","",""
"FR","invoicing","sellsy","acd","dominant","directory","via_partner","yes","https://help.sellsy.com/fr/articles/15457201-connecter-sellsy-et-acd","https://www.connect-compta.fr/#annuaire","via Chift: 'Vous serez redirigé vers l'interface sécurisée Chift'. Also listed in connect-compta (connection through Chift)."
"FR","invoicing","axonaut","acd","dominant","directory","api","yes","https://axonaut.com/blog/axonaut-acd/","https://www.connect-compta.fr/#annuaire","'les factures clients et fournisseurs sont transmises automatiquement ... au logiciel ACD'. Also listed in connect-compta (connection through Chift)."
"FR","pos","sumup","acd","dominant","not_found","","","","",""
"FR","pos","lightspeed","acd","dominant","directory","via_partner","yes","https://www.connect-compta.fr/#annuaire","https://www.connect-compta.fr/#annuaire","connect-compta, Chift's directory, lists a connection through Chift."
"FR","pos","mollie","acd","dominant","not_found","","","","",""
"FR","pos","gocardless","acd","dominant","not_found","","","","",""
"FR","pos","payplug","acd","dominant","not_found","","","","",""
"FR","pos","zettle","acd","dominant","not_found","","","","",""
"FR","hr","payfit","acd","dominant","not_found","","","","",""
"FR","hr","lucca","acd","dominant","directory","via_partner","yes","https://support.luccasoftware.com/s/article/Cr%C3%A9er-une-connexion-API?language=fr","https://www.connect-compta.fr/#annuaire","API connection for accounting entries; setup guide hosted on help.chift.app (Chift). Also listed in connect-compta (connection through Chift)."
"FR","hr","skello","acd","dominant","not_found","","","","",""
"FR","hr","combo","acd","dominant","not_found","","","","",""
"FR","construction","vertuoza","acd","dominant","directory","api","yes","https://intercom-help.eu/vertuoza/fr/articles/522531-synchronisation-comptable-vue-d-ensemble","https://www.connect-compta.fr/#annuaire","Compatible-software table: sales and purchase send; no purchase retrieval. Also listed in connect-compta (connection through Chift)."
"FR","construction","graneet","acd","dominant","directory","via_partner","yes","https://help.graneet.fr/fr/articles/769186-connexion-api-graneet-x-acd","https://www.connect-compta.fr/#annuaire","API connection; setup procedure links to Chift help center. Also listed in connect-compta (connection through Chift)."
"FR","construction","obat","acd","dominant","directory","via_partner","yes","https://aide.obat.fr/obat-chift-la-solution-incontournable-pour-la-comptabilit%C3%A9-des-entreprises-du-b%C3%A2timent","https://www.connect-compta.fr/#annuaire","Listed as software supported through the Chift integration. Also listed in connect-compta (connection through Chift)."
"FR","invoicing","abby","acd","dominant","not_found","","","","",""
"FR","vertical","boondmanager","acd","dominant","not_found","","","","",""
"FR","vertical","dashdoc","acd","dominant","not_found","","","","",""
"FR","invoicing","dolibarr","acd","dominant","not_found","","","","",""
"FR","invoicing","ebp-gescom","acd","dominant","not_found","","","","",""
"FR","invoicing","evoliz","acd","dominant","directory","api","","https://www.connect-compta.fr/#annuaire","https://www.connect-compta.fr/#annuaire","connect-compta, Chift's directory, lists a built-in connection (same vendor)."
"FR","payables","facnote","acd","dominant","not_found","","","","",""
"FR","invoicing","factomos","acd","dominant","not_found","","","","",""
"FR","invoicing","henrri","acd","dominant","not_found","","","","",""
"FR","invoicing","jefacture-com","acd","dominant","directory","api","","https://www.connect-compta.fr/#annuaire","https://www.connect-compta.fr/#annuaire","connect-compta, Chift's directory, lists a direct connection."
"FR","invoicing","kolecto","acd","dominant","directory","via_partner","yes","https://www.connect-compta.fr/#annuaire","https://www.connect-compta.fr/#annuaire","connect-compta, Chift's directory, lists a connection through Chift."
"FR","construction","organilog","acd","dominant","not_found","","","","",""
"FR","invoicing","sage-100-gestion-commerciale","acd","dominant","not_found","","","","",""
"FR","invoicing","seqino","acd","dominant","directory","via_partner","yes","https://www.connect-compta.fr/#annuaire","https://www.connect-compta.fr/#annuaire","connect-compta, Chift's directory, lists a connection through Chift."
"FR","invoicing","toolcie","acd","dominant","not_found","","","","",""
"FR","invoicing","vosfactures","acd","dominant","not_found","","","","",""
"FR","construction","costructor","acd","dominant","directory","via_partner","yes","https://www.connect-compta.fr/#annuaire","https://www.connect-compta.fr/#annuaire","connect-compta, Chift's directory, lists a connection through Chift."
"FR","construction","progbat","acd","dominant","directory","via_partner","yes","https://www.connect-compta.fr/#annuaire","https://www.connect-compta.fr/#annuaire","connect-compta, Chift's directory, lists a connection through Chift."
"FR","vertical","digiforma","acd","dominant","directory","via_partner","yes","https://www.connect-compta.fr/#annuaire","https://www.connect-compta.fr/#annuaire","connect-compta, Chift's directory, lists a connection through Chift."
"FR","payables","ipaidthat","acd","dominant","directory","api","","https://www.connect-compta.fr/#annuaire","https://www.connect-compta.fr/#annuaire","connect-compta, Chift's directory, lists a direct connection."
"FR","invoicing","meg","acd","dominant","directory","api","","https://www.connect-compta.fr/#annuaire","https://www.connect-compta.fr/#annuaire","connect-compta, Chift's directory, lists a direct connection."
"FR","invoicing","zoho","acd","dominant","not_found","","","","",""
"FR","invoicing","team-system-facture","acd","dominant","not_found","","","","",""
"FR","invoicing","teledec","acd","dominant","not_found","","","","",""
"FR","vertical","sinari","acd","dominant","not_found","","","","",""
"FR","invoicing","infast","acd","dominant","not_found","","","","",""
"FR","invoicing","freebe","acd","dominant","not_found","","","","",""
"FR","invoicing","invoicing-plus","acd","dominant","directory","api","","https://www.connect-compta.fr/#annuaire","https://www.connect-compta.fr/#annuaire","connect-compta, Chift's directory, lists a direct connection."
"FR","vertical","menlog","acd","dominant","not_found","","","","",""
"FR","vertical","gestav","acd","dominant","not_found","","","","",""
"FR","vertical","sufatech","acd","dominant","not_found","","","","",""
"FR","invoicing","septeo","acd","dominant","directory","api","","https://www.connect-compta.fr/#annuaire","https://www.connect-compta.fr/#annuaire","connect-compta, Chift's directory, lists a direct connection."
"FR","construction","kalitics","acd","dominant","not_found","","","","",""
"FR","payables","weinvoice-by-weproc","acd","dominant","not_found","","","","",""
"FR","vertical","isaeta","acd","dominant","not_found","","","","",""
"FR","vertical","isavigne","acd","dominant","not_found","","","","",""
"FR","vertical","wineriz","acd","dominant","not_found","","","","",""
"FR","payables","open-bee","acd","dominant","directory","api","","https://www.connect-compta.fr/#annuaire","https://www.connect-compta.fr/#annuaire","connect-compta, Chift's directory, lists a direct connection."
"FR","vertical","manerty","acd","dominant","directory","via_partner","yes","https://www.connect-compta.fr/#annuaire","https://www.connect-compta.fr/#annuaire","connect-compta, Chift's directory, lists a connection through Chift."
"FR","pos","abill","acd","dominant","directory","via_partner","yes","https://www.connect-compta.fr/#annuaire","https://www.connect-compta.fr/#annuaire","connect-compta, Chift's directory, lists a connection through Chift."
"FR","pos","addictill","acd","dominant","directory","via_partner","yes","https://www.connect-compta.fr/#annuaire","https://www.connect-compta.fr/#annuaire","connect-compta, Chift's directory, lists a connection through Chift."
"FR","pos","apitic","acd","dominant","not_found","","","","",""
"FR","pos","atilla","acd","dominant","directory","via_partner","yes","https://www.connect-compta.fr/#annuaire","https://www.connect-compta.fr/#annuaire","connect-compta, Chift's directory, lists a connection through Chift."
"FR","pos","bdp","acd","dominant","not_found","","","","",""
"FR","pos","carrepos","acd","dominant","directory","via_partner","yes","https://www.connect-compta.fr/#annuaire","https://www.connect-compta.fr/#annuaire","connect-compta, Chift's directory, lists a connection through Chift."
"FR","pos","cashmag","acd","dominant","directory","via_partner","yes","https://www.connect-compta.fr/#annuaire","https://www.connect-compta.fr/#annuaire","connect-compta, Chift's directory, lists a connection through Chift."
"FR","pos","cashpad","acd","dominant","directory","via_partner","yes","https://www.connect-compta.fr/#annuaire","https://www.connect-compta.fr/#annuaire","connect-compta, Chift's directory, lists a connection through Chift."
"FR","pos","cegid-retail","acd","dominant","not_found","","","","",""
"FR","pos","clyo-systems","acd","dominant","directory","via_partner","yes","https://www.connect-compta.fr/#annuaire","https://www.connect-compta.fr/#annuaire","connect-compta, Chift's directory, lists a connection through Chift."
"FR","pos","connectill","acd","dominant","directory","via_partner","yes","https://www.connect-compta.fr/#annuaire","https://www.connect-compta.fr/#annuaire","connect-compta, Chift's directory, lists a connection through Chift."
"FR","pos","fastmag","acd","dominant","directory","via_partner","yes","https://www.connect-compta.fr/#annuaire","https://www.connect-compta.fr/#annuaire","connect-compta, Chift's directory, lists a connection through Chift."
"FR","pos","fulleapps","acd","dominant","directory","via_partner","yes","https://www.connect-compta.fr/#annuaire","https://www.connect-compta.fr/#annuaire","connect-compta, Chift's directory, lists a connection through Chift."
"FR","pos","hellocash","acd","dominant","directory","via_partner","yes","https://www.connect-compta.fr/#annuaire","https://www.connect-compta.fr/#annuaire","connect-compta, Chift's directory, lists a connection through Chift."
"FR","pos","hiboutik","acd","dominant","directory","via_partner","yes","https://www.connect-compta.fr/#annuaire","https://www.connect-compta.fr/#annuaire","connect-compta, Chift's directory, lists a connection through Chift."
"FR","pos","innovorder","acd","dominant","directory","via_partner","yes","https://www.connect-compta.fr/#annuaire","https://www.connect-compta.fr/#annuaire","connect-compta, Chift's directory, lists a connection through Chift."
"FR","pos","jalia-jdc","acd","dominant","directory","via_partner","yes","https://www.connect-compta.fr/#annuaire","https://www.connect-compta.fr/#annuaire","connect-compta, Chift's directory, lists a connection through Chift."
"FR","pos","l-addition","acd","dominant","directory","via_partner","yes","https://www.connect-compta.fr/#annuaire","https://www.connect-compta.fr/#annuaire","connect-compta, Chift's directory, lists a connection through Chift."
"FR","pos","last-app","acd","dominant","not_found","","","","",""
"FR","pos","leo2","acd","dominant","directory","via_partner","yes","https://www.connect-compta.fr/#annuaire","https://www.connect-compta.fr/#annuaire","connect-compta, Chift's directory, lists a connection through Chift."
"FR","pos","pi-electronique","acd","dominant","directory","via_partner","yes","https://www.connect-compta.fr/#annuaire","https://www.connect-compta.fr/#annuaire","connect-compta, Chift's directory, lists a connection through Chift."
"FR","pos","planity","acd","dominant","directory","via_partner","yes","https://www.connect-compta.fr/#annuaire","https://www.connect-compta.fr/#annuaire","connect-compta, Chift's directory, lists a connection through Chift."
"FR","pos","popina","acd","dominant","directory","via_partner","yes","https://www.connect-compta.fr/#annuaire","https://www.connect-compta.fr/#annuaire","connect-compta, Chift's directory, lists a connection through Chift."
"FR","pos","restomax","acd","dominant","directory","via_partner","yes","https://www.connect-compta.fr/#annuaire","https://www.connect-compta.fr/#annuaire","connect-compta, Chift's directory, lists a connection through Chift."
"FR","pos","shopcaisse","acd","dominant","directory","via_partner","yes","https://www.connect-compta.fr/#annuaire","https://www.connect-compta.fr/#annuaire","connect-compta, Chift's directory, lists a connection through Chift."
"FR","pos","shopify-pos","acd","dominant","not_found","","","","",""
"FR","pos","simphony","acd","dominant","directory","via_partner","yes","https://www.connect-compta.fr/#annuaire","https://www.connect-compta.fr/#annuaire","connect-compta, Chift's directory, lists a connection through Chift."
"FR","pos","square","acd","dominant","not_found","","","","",""
"FR","pos","synapsy","acd","dominant","directory","via_partner","yes","https://www.connect-compta.fr/#annuaire","https://www.connect-compta.fr/#annuaire","connect-compta, Chift's directory, lists a connection through Chift."
"FR","pos","tactilpad","acd","dominant","directory","via_partner","yes","https://www.connect-compta.fr/#annuaire","https://www.connect-compta.fr/#annuaire","connect-compta, Chift's directory, lists a connection through Chift."
"FR","pos","tiller","acd","dominant","not_found","","","","",""
"FR","pos","toporder-mypos-cash-register","acd","dominant","not_found","","","","",""
"FR","pos","trivec","acd","dominant","directory","via_partner","yes","https://www.connect-compta.fr/#annuaire","https://www.connect-compta.fr/#annuaire","connect-compta, Chift's directory, lists a connection through Chift."
"FR","pos","zelty","acd","dominant","directory","via_partner","yes","https://www.connect-compta.fr/#annuaire","https://www.connect-compta.fr/#annuaire","connect-compta, Chift's directory, lists a connection through Chift."
"FR","pos","biborne","acd","dominant","not_found","","","","",""
"FR","pos","breeze-pos","acd","dominant","not_found","","","","",""
"FR","pos","caisse-enregistreuse-fr-kash-click","acd","dominant","not_found","","","","",""
"FR","pos","cash-systemes-industrie","acd","dominant","not_found","","","","",""
"FR","pos","clictill","acd","dominant","not_found","","","","",""
"FR","pos","force7-by-cashmag","acd","dominant","not_found","","","","",""
"FR","pos","genius-by-neosystems","acd","dominant","not_found","","","","",""
"FR","pos","hairnet-by-cashmag","acd","dominant","not_found","","","","",""
"FR","pos","jdc-caisse-et-monetique-sans-bo","acd","dominant","not_found","","","","",""
"FR","pos","kerawen","acd","dominant","not_found","","","","",""
"FR","pos","kezia-ii-by-jdc","acd","dominant","not_found","","","","",""
"FR","pos","kwisatz","acd","dominant","not_found","","","","",""
"FR","pos","locatouch","acd","dominant","not_found","","","","",""
"FR","pos","ls-coiffure-bu-cashmag","acd","dominant","not_found","","","","",""
"FR","pos","macxiphone","acd","dominant","not_found","","","","",""
"FR","pos","neosystems","acd","dominant","not_found","","","","",""
"FR","pos","nova-by-jdc","acd","dominant","not_found","","","","",""
"FR","pos","one-touch-encaissement","acd","dominant","not_found","","","","",""
"FR","pos","rezomatic-tgm-commerce","acd","dominant","not_found","","","","",""
"FR","pos","popina-k-by-jdc","acd","dominant","not_found","","","","",""
"FR","pos","smart-caisse","acd","dominant","not_found","","","","",""
"FR","pos","solumag-easycommerce-et-sydevcamp","acd","dominant","not_found","","","","",""
"FR","pos","solutions-pdv","acd","dominant","not_found","","","","",""
"FR","pos","sora","acd","dominant","not_found","","","","",""
"FR","pos","synergie-73-informatique","acd","dominant","not_found","","","","",""
"FR","pos","weshop","acd","dominant","not_found","","","","",""
"FR","pos","crisalid","acd","dominant","not_found","","","","",""
"FR","expense","pleo","sage-100","important","not_found","","","","",""
"FR","expense","spendesk","sage-100","important","declared","via_partner","yes","https://www.spendesk.com/integrations/sage-100/","","Developed by: Spendesk via Chift; local agent, on-premise and cloud SPC"
"FR","expense","payhawk","sage-100","important","declared","file_export","","https://payhawk.com/integrations","","Card: predefined CSV/XLS export templates for Sage 100"
"FR","expense","mooncard","sage-100","important","declared","file_export","","https://help.mooncard.co/g%C3%A9rez-vos-%C3%A9critures-comptables/5mUaTzBWZTZd3G16uKLVre/comment-importer-un-fichier-mooncard-vers-sage-100-/5TMA5CunEcxWSUfAfB9ksS","","dedicated .PNM export compatible with Sage 100, 100c and i7"
"FR","expense","n2f","sage-100","important","confirmed","unknown","","https://www.n2f.com/fr/nos-integrations/sage/","https://fr-marketplace.sage.com/fr-FR/apps/119362/n2f-%E2%80%93-notes-de-frais","Sage 100 is named; the page says files, API or third-party connectors without choosing"
"FR","expense","expensya","sage-100","important","declared","file_export","","https://www.expensya.com/fr/solutions/integrations/","","""modèles d'exportation CSV/XLS prédéfinis"" for Sage solutions"
"FR","expense","jenji","sage-100","important","declared","unknown","","https://www.jenji.io/fr/integrations/erp-comptabilite-finance","","Page names ""Sage"" without the product. Logo in 'ERP & Comptabilité' grid; connector type not specified per software"
"FR","expense","moss","sage-100","important","not_found","","","","",""
"FR","banking","qonto","sage-100","important","declared","api","","https://qonto.com/fr/accountants/integrations/sage100","","Regate by Qonto native integration, daily push of entries to Sage 100"
"FR","banking","shine","sage-100","important","declared","via_partner","","https://www.shine.fr/integrations-comptables/","","Listed as: Transactions - via TransfertBANQUE"
"FR","banking","finom","sage-100","important","declared","unknown","","https://finom.co/fr-fr/integrations/","","Page names ""Sage"" without the product. Listed under ""Intégrations"" on Finom's French integrations page (read 2026-10-02 in a browser); no mechanism stated."
"FR","banking","memo-bank","sage-100","important","declared","api","","https://memo.bank/produit/integrations/","","Listed with connector: EBICS (direct EBICS TS connection)"
"FR","banking","revolut-business","sage-100","important","not_found","","","","",""
"FR","banking","bunq","sage-100","important","not_found","","","","",""
"FR","banking","tide","sage-100","important","not_found","","","","",""
"FR","banking","holvi","sage-100","important","not_found","","","","",""
"FR","cash","agicap","sage-100","important","declared","api","","https://agicap.com/fr/nos-integrations/sage100/","","Payment files synced automatically to Agicap via API"
"FR","cash","fygr","sage-100","important","declared","unknown","","https://help.okimia.com/fr/articles/10437208-comment-fonctionne-l-integration-entre-okimia-et-sage-100","","Help 'Autres integrations' (not API); setup by appointment"
"FR","cash","trezy","sage-100","important","not_found","","","","",""
"FR","payables","dext","sage-100","important","declared","file_export","","https://dext.com/fr/ressources/export-comptable-et-integration/sage","","Sage 50 or 100 (Sage Ciel): export entries as FEC without images"
"FR","payables","libeo","sage-100","important","declared","api","","https://libeo.io/integrations/sage-100","","Documents and accounting entries are sent by API into Sage 100"
"FR","payables","candis","sage-100","important","declared","api","","https://www.candis.io/funktionen/sage-100","","Direct Sage interface built with Sage Partner Desk GmbH (Desk.SageConnect)"
"FR","payables","getmyinvoices","sage-100","important","not_found","","","","",""
"FR","payables","klippa","sage-100","important","not_found","","","","",""
"FR","payables","yooz","sage-100","important","declared","api","","https://www.getyooz.com/wp-content/uploads/Yooz-Infographie-Sage100-FR-1.pdf","","Native connector Yooz - Sage 100; US infographic: API integration"
"FR","payables","chaintrust","sage-100","important","declared","file_export","","https://www.chaintrust.io/blog/actualites/integration-logiciels-comptables-avec-chaintrust/","","Manual import file; attachments not transferred"
"FR","invoicing","billit","sage-100","important","not_found","","","","",""
"FR","invoicing","teamleader","sage-100","important","not_found","","","","",""
"FR","invoicing","sellsy","sage-100","important","declared","via_partner","yes","https://go.sellsy.com/applications/sage-100","","via Chift: connect through marketplaces.chift.app/sellsy; developed by Sellsy"
"FR","invoicing","axonaut","sage-100","important","declared","unknown","","https://support.axonaut.com/gerez-votre-comptabilite/le-portail-comptable-axonaut/","","Page names ""SAGE"" without the product. Listed for 'remontée automatique des écritures'; Sage product not specified"
"FR","pos","sumup","sage-100","important","not_found","","","","",""
"FR","pos","lightspeed","sage-100","important","declared","via_partner","yes","https://www.lightspeedhq.fr/integrations/chift/","","Page names ""Sage"" without the product. Chift connecte Lightspeed à Pennylane, MyUnisoft, Sage (product unspecified)"
"FR","pos","mollie","sage-100","important","not_found","","","","",""
"FR","pos","gocardless","sage-100","important","not_found","","","","",""
"FR","pos","payplug","sage-100","important","not_found","","","","",""
"FR","pos","zettle","sage-100","important","not_found","","","","",""
"FR","hr","payfit","sage-100","important","not_found","","","","",""
"FR","hr","lucca","sage-100","important","declared","via_partner","yes","https://support.luccasoftware.com/s/article/Cr%C3%A9er-une-connexion-API?language=fr","","API connection for accounting entries; setup guide hosted on help.chift.app (Chift)"
"FR","hr","skello","sage-100","important","not_found","","","","",""
"FR","hr","combo","sage-100","important","not_found","","","","",""
"FR","construction","vertuoza","sage-100","important","declared","api","","https://intercom-help.eu/vertuoza/fr/articles/522531-synchronisation-comptable-vue-d-ensemble","","Compatible-software table: full sync; needs local agent install"
"FR","construction","graneet","sage-100","important","declared","via_partner","yes","https://help.graneet.fr/fr/articles/769162-connexion-api-graneet-x-sage-100","","API connection; setup follows Chift help pages (on-premise or SPC); file export too"
"FR","construction","obat","sage-100","important","not_found","","","","",""
"FR","invoicing","abby","sage-100","important","not_found","","","","",""
"FR","vertical","boondmanager","sage-100","important","not_found","","","","",""
"FR","vertical","dashdoc","sage-100","important","not_found","","","","",""
"FR","invoicing","dolibarr","sage-100","important","not_found","","","","",""
"FR","invoicing","ebp-gescom","sage-100","important","not_found","","","","",""
"FR","invoicing","evoliz","sage-100","important","not_found","","","","",""
"FR","payables","facnote","sage-100","important","not_found","","","","",""
"FR","invoicing","factomos","sage-100","important","not_found","","","","",""
"FR","invoicing","henrri","sage-100","important","not_found","","","","",""
"FR","invoicing","jefacture-com","sage-100","important","not_found","","","","",""
"FR","invoicing","kolecto","sage-100","important","not_found","","","","",""
"FR","construction","organilog","sage-100","important","not_found","","","","",""
"FR","invoicing","sage-100-gestion-commerciale","sage-100","important","not_found","","","","",""
"FR","invoicing","seqino","sage-100","important","not_found","","","","",""
"FR","invoicing","toolcie","sage-100","important","not_found","","","","",""
"FR","invoicing","vosfactures","sage-100","important","not_found","","","","",""
"FR","construction","costructor","sage-100","important","not_found","","","","",""
"FR","construction","progbat","sage-100","important","not_found","","","","",""
"FR","vertical","digiforma","sage-100","important","not_found","","","","",""
"FR","payables","ipaidthat","sage-100","important","not_found","","","","",""
"FR","invoicing","meg","sage-100","important","not_found","","","","",""
"FR","invoicing","zoho","sage-100","important","not_found","","","","",""
"FR","invoicing","team-system-facture","sage-100","important","not_found","","","","",""
"FR","invoicing","teledec","sage-100","important","not_found","","","","",""
"FR","vertical","sinari","sage-100","important","not_found","","","","",""
"FR","invoicing","infast","sage-100","important","not_found","","","","",""
"FR","invoicing","freebe","sage-100","important","not_found","","","","",""
"FR","invoicing","invoicing-plus","sage-100","important","not_found","","","","",""
"FR","vertical","menlog","sage-100","important","not_found","","","","",""
"FR","vertical","gestav","sage-100","important","not_found","","","","",""
"FR","vertical","sufatech","sage-100","important","not_found","","","","",""
"FR","invoicing","septeo","sage-100","important","not_found","","","","",""
"FR","construction","kalitics","sage-100","important","not_found","","","","",""
"FR","payables","weinvoice-by-weproc","sage-100","important","not_found","","","","",""
"FR","vertical","isaeta","sage-100","important","not_found","","","","",""
"FR","vertical","isavigne","sage-100","important","not_found","","","","",""
"FR","vertical","wineriz","sage-100","important","not_found","","","","",""
"FR","payables","open-bee","sage-100","important","not_found","","","","",""
"FR","vertical","manerty","sage-100","important","not_found","","","","",""
"FR","pos","abill","sage-100","important","not_found","","","","",""
"FR","pos","addictill","sage-100","important","not_found","","","","",""
"FR","pos","apitic","sage-100","important","not_found","","","","",""
"FR","pos","atilla","sage-100","important","not_found","","","","",""
"FR","pos","bdp","sage-100","important","not_found","","","","",""
"FR","pos","carrepos","sage-100","important","not_found","","","","",""
"FR","pos","cashmag","sage-100","important","not_found","","","","",""
"FR","pos","cashpad","sage-100","important","not_found","","","","",""
"FR","pos","cegid-retail","sage-100","important","not_found","","","","",""
"FR","pos","clyo-systems","sage-100","important","not_found","","","","",""
"FR","pos","connectill","sage-100","important","not_found","","","","",""
"FR","pos","fastmag","sage-100","important","not_found","","","","",""
"FR","pos","fulleapps","sage-100","important","not_found","","","","",""
"FR","pos","hellocash","sage-100","important","not_found","","","","",""
"FR","pos","hiboutik","sage-100","important","not_found","","","","",""
"FR","pos","innovorder","sage-100","important","not_found","","","","",""
"FR","pos","jalia-jdc","sage-100","important","not_found","","","","",""
"FR","pos","l-addition","sage-100","important","not_found","","","","",""
"FR","pos","last-app","sage-100","important","not_found","","","","",""
"FR","pos","leo2","sage-100","important","not_found","","","","",""
"FR","pos","pi-electronique","sage-100","important","not_found","","","","",""
"FR","pos","planity","sage-100","important","not_found","","","","",""
"FR","pos","popina","sage-100","important","not_found","","","","",""
"FR","pos","restomax","sage-100","important","not_found","","","","",""
"FR","pos","shopcaisse","sage-100","important","not_found","","","","",""
"FR","pos","shopify-pos","sage-100","important","not_found","","","","",""
"FR","pos","simphony","sage-100","important","not_found","","","","",""
"FR","pos","square","sage-100","important","not_found","","","","",""
"FR","pos","synapsy","sage-100","important","not_found","","","","",""
"FR","pos","tactilpad","sage-100","important","not_found","","","","",""
"FR","pos","tiller","sage-100","important","not_found","","","","",""
"FR","pos","toporder-mypos-cash-register","sage-100","important","not_found","","","","",""
"FR","pos","trivec","sage-100","important","not_found","","","","",""
"FR","pos","zelty","sage-100","important","not_found","","","","",""
"FR","pos","biborne","sage-100","important","not_found","","","","",""
"FR","pos","breeze-pos","sage-100","important","not_found","","","","",""
"FR","pos","caisse-enregistreuse-fr-kash-click","sage-100","important","not_found","","","","",""
"FR","pos","cash-systemes-industrie","sage-100","important","not_found","","","","",""
"FR","pos","clictill","sage-100","important","not_found","","","","",""
"FR","pos","force7-by-cashmag","sage-100","important","not_found","","","","",""
"FR","pos","genius-by-neosystems","sage-100","important","not_found","","","","",""
"FR","pos","hairnet-by-cashmag","sage-100","important","not_found","","","","",""
"FR","pos","jdc-caisse-et-monetique-sans-bo","sage-100","important","not_found","","","","",""
"FR","pos","kerawen","sage-100","important","not_found","","","","",""
"FR","pos","kezia-ii-by-jdc","sage-100","important","not_found","","","","",""
"FR","pos","kwisatz","sage-100","important","not_found","","","","",""
"FR","pos","locatouch","sage-100","important","not_found","","","","",""
"FR","pos","ls-coiffure-bu-cashmag","sage-100","important","not_found","","","","",""
"FR","pos","macxiphone","sage-100","important","not_found","","","","",""
"FR","pos","neosystems","sage-100","important","not_found","","","","",""
"FR","pos","nova-by-jdc","sage-100","important","not_found","","","","",""
"FR","pos","one-touch-encaissement","sage-100","important","not_found","","","","",""
"FR","pos","rezomatic-tgm-commerce","sage-100","important","not_found","","","","",""
"FR","pos","popina-k-by-jdc","sage-100","important","not_found","","","","",""
"FR","pos","smart-caisse","sage-100","important","not_found","","","","",""
"FR","pos","solumag-easycommerce-et-sydevcamp","sage-100","important","not_found","","","","",""
"FR","pos","solutions-pdv","sage-100","important","not_found","","","","",""
"FR","pos","sora","sage-100","important","not_found","","","","",""
"FR","pos","synergie-73-informatique","sage-100","important","not_found","","","","",""
"FR","pos","weshop","sage-100","important","not_found","","","","",""
"FR","pos","crisalid","sage-100","important","not_found","","","","",""
"FR","expense","pleo","ebp","important","not_found","","","","",""
"FR","expense","spendesk","ebp","important","declared","file_export","","https://helpcenter.spendesk.com/fr/articles/7833429-importer-votre-journal-d-achats-spendesk-dans-cegid-ebp-compta","","Import Spendesk purchase journal file into EBP"
"FR","expense","payhawk","ebp","important","not_found","","","","",""
"FR","expense","mooncard","ebp","important","confirmed","file_export","","https://www.mooncard.co/fr/integrations/ebp","https://www.ebp.com/applications-editeurs-partenaires-ebp/mooncard/","""Paramétrez le format d'import selon vos besoins"""
"FR","expense","n2f","ebp","important","confirmed","file_export","","https://www.n2f.com/fr/note-de-frais/export-comptable/","https://www.ebp.com/applications-editeurs-partenaires-ebp/n2f/","entries ""directement générées au format accepté par votre écosystème"""
"FR","expense","expensya","ebp","important","not_found","","","","",""
"FR","expense","jenji","ebp","important","not_found","","","","",""
"FR","expense","moss","ebp","important","not_found","","","","",""
"FR","banking","qonto","ebp","important","declared","via_partner","","https://qonto.com/fr/integrations/ebp-jedeclare","","EBICS link through jedeclare.com (third party)"
"FR","banking","shine","ebp","important","declared","via_partner","","https://www.shine.fr/integrations-comptables/","","Listed as: Transactions - via Jedeclare, Powens"
"FR","banking","finom","ebp","important","declared","unknown","","https://finom.co/fr-fr/integrations/","","Listed under ""Intégrations"" on Finom's French integrations page (read 2026-10-02 in a browser); no mechanism stated."
"FR","banking","memo-bank","ebp","important","declared","via_partner","","https://memo.bank/produit/integrations/","","Listed with connector: Jedeclare.com (third-party aggregator)"
"FR","banking","revolut-business","ebp","important","not_found","","","","",""
"FR","banking","bunq","ebp","important","not_found","","","","",""
"FR","banking","tide","ebp","important","not_found","","","","",""
"FR","banking","holvi","ebp","important","not_found","","","","",""
"FR","cash","agicap","ebp","important","declared","unknown","","https://agicap.com/fr/nos-integrations/","","Listed under ERP & Comptabilite, no mechanism"
"FR","cash","fygr","ebp","important","not_found","","","","",""
"FR","cash","trezy","ebp","important","not_found","","","","",""
"FR","payables","dext","ebp","important","declared","api","","https://dext.com/fr/ressources/export-comptable-et-integration/ebp","","API connection: import chart of accounts, publish purchase entries to EBP"
"FR","payables","libeo","ebp","important","declared","file_export","","https://help.libeo.io/fr/articles/6680564-ebp-exporter-mes-ecritures-comptables-avec-pieces-et-analytique","","Export entries with EBP templates and import into EBP"
"FR","payables","candis","ebp","important","not_found","","","","",""
"FR","payables","getmyinvoices","ebp","important","not_found","","","","",""
"FR","payables","klippa","ebp","important","not_found","","","","",""
"FR","payables","yooz","ebp","important","declared","api","","https://www.getyooz.com/wp-content/uploads/Yooz-Infographie-Integration-EBP-v05.pdf","","Connecteur Yooz - EBP, API Yooz"
"FR","payables","chaintrust","ebp","important","declared","file_export","","https://www.chaintrust.io/blog/actualites/integration-logiciels-comptables-avec-chaintrust/","","Compatible via manual import of entries file"
"FR","invoicing","billit","ebp","important","not_found","","","","",""
"FR","invoicing","teamleader","ebp","important","not_found","","","","",""
"FR","invoicing","sellsy","ebp","important","declared","via_partner","","https://go.sellsy.com/applications/ebp","","via EdiConnect (Big Data Consulting): 'grâce à EdiConnect, un connecteur flexible'"
"FR","invoicing","axonaut","ebp","important","declared","file_export","","https://axonaut.com/portail-comptable","","'formats d'exports (prédéfinis pour sage, ebp, cegid, ...)'"
"FR","pos","sumup","ebp","important","not_found","","","","",""
"FR","pos","lightspeed","ebp","important","not_found","","","","",""
"FR","pos","mollie","ebp","important","not_found","","","","",""
"FR","pos","gocardless","ebp","important","declared","api","","https://gocardless.com/fr-fr/partenaires/ebp","","EBP marque la facture payée et rapproche automatiquement"
"FR","pos","payplug","ebp","important","declared","api","","https://www.payplug.com/fr/modules/ebp/","","Payplug payment links in EBP invoices and quotes"
"FR","pos","zettle","ebp","important","not_found","","","","",""
"FR","hr","payfit","ebp","important","not_found","","","","",""
"FR","hr","lucca","ebp","important","declared","unknown","","https://www.lucca.fr/finance/notes-de-frais/fonctionnalites/comptabilite/","","EBP logo in accounting-entries logo strip; no mechanism stated"
"FR","hr","skello","ebp","important","not_found","","","","",""
"FR","hr","combo","ebp","important","not_found","","","","",""
"FR","construction","vertuoza","ebp","important","declared","api","","https://www.vertuoza.com/fr-be/fonctionnalites/la-finance","","FAQ: 'intégrations natives Sage, EBP, Cegid, Codial, Horus, WinBooks'"
"FR","construction","graneet","ebp","important","declared","file_export","","https://help.graneet.fr/fr/articles/767244-export-comptable-au-format-ebp","","Accounting entries exported in an EBP compatible format"
"FR","construction","obat","ebp","important","not_found","","","","",""
"FR","invoicing","abby","ebp","important","not_found","","","","",""
"FR","vertical","boondmanager","ebp","important","not_found","","","","",""
"FR","vertical","dashdoc","ebp","important","not_found","","","","",""
"FR","invoicing","dolibarr","ebp","important","not_found","","","","",""
"FR","invoicing","ebp-gescom","ebp","important","not_found","","","","",""
"FR","invoicing","evoliz","ebp","important","not_found","","","","",""
"FR","payables","facnote","ebp","important","not_found","","","","",""
"FR","invoicing","factomos","ebp","important","not_found","","","","",""
"FR","invoicing","henrri","ebp","important","not_found","","","","",""
"FR","invoicing","jefacture-com","ebp","important","not_found","","","","",""
"FR","invoicing","kolecto","ebp","important","not_found","","","","",""
"FR","construction","organilog","ebp","important","not_found","","","","",""
"FR","invoicing","sage-100-gestion-commerciale","ebp","important","not_found","","","","",""
"FR","invoicing","seqino","ebp","important","not_found","","","","",""
"FR","invoicing","toolcie","ebp","important","not_found","","","","",""
"FR","invoicing","vosfactures","ebp","important","not_found","","","","",""
"FR","construction","costructor","ebp","important","not_found","","","","",""
"FR","construction","progbat","ebp","important","not_found","","","","",""
"FR","vertical","digiforma","ebp","important","not_found","","","","",""
"FR","payables","ipaidthat","ebp","important","not_found","","","","",""
"FR","invoicing","meg","ebp","important","not_found","","","","",""
"FR","invoicing","zoho","ebp","important","not_found","","","","",""
"FR","invoicing","team-system-facture","ebp","important","not_found","","","","",""
"FR","invoicing","teledec","ebp","important","not_found","","","","",""
"FR","vertical","sinari","ebp","important","not_found","","","","",""
"FR","invoicing","infast","ebp","important","not_found","","","","",""
"FR","invoicing","freebe","ebp","important","not_found","","","","",""
"FR","invoicing","invoicing-plus","ebp","important","not_found","","","","",""
"FR","vertical","menlog","ebp","important","not_found","","","","",""
"FR","vertical","gestav","ebp","important","not_found","","","","",""
"FR","vertical","sufatech","ebp","important","not_found","","","","",""
"FR","invoicing","septeo","ebp","important","not_found","","","","",""
"FR","construction","kalitics","ebp","important","not_found","","","","",""
"FR","payables","weinvoice-by-weproc","ebp","important","not_found","","","","",""
"FR","vertical","isaeta","ebp","important","not_found","","","","",""
"FR","vertical","isavigne","ebp","important","not_found","","","","",""
"FR","vertical","wineriz","ebp","important","not_found","","","","",""
"FR","payables","open-bee","ebp","important","not_found","","","","",""
"FR","vertical","manerty","ebp","important","not_found","","","","",""
"FR","pos","abill","ebp","important","not_found","","","","",""
"FR","pos","addictill","ebp","important","not_found","","","","",""
"FR","pos","apitic","ebp","important","not_found","","","","",""
"FR","pos","atilla","ebp","important","not_found","","","","",""
"FR","pos","bdp","ebp","important","not_found","","","","",""
"FR","pos","carrepos","ebp","important","not_found","","","","",""
"FR","pos","cashmag","ebp","important","not_found","","","","",""
"FR","pos","cashpad","ebp","important","not_found","","","","",""
"FR","pos","cegid-retail","ebp","important","not_found","","","","",""
"FR","pos","clyo-systems","ebp","important","not_found","","","","",""
"FR","pos","connectill","ebp","important","not_found","","","","",""
"FR","pos","fastmag","ebp","important","not_found","","","","",""
"FR","pos","fulleapps","ebp","important","not_found","","","","",""
"FR","pos","hellocash","ebp","important","not_found","","","","",""
"FR","pos","hiboutik","ebp","important","not_found","","","","",""
"FR","pos","innovorder","ebp","important","not_found","","","","",""
"FR","pos","jalia-jdc","ebp","important","not_found","","","","",""
"FR","pos","l-addition","ebp","important","not_found","","","","",""
"FR","pos","last-app","ebp","important","not_found","","","","",""
"FR","pos","leo2","ebp","important","not_found","","","","",""
"FR","pos","pi-electronique","ebp","important","not_found","","","","",""
"FR","pos","planity","ebp","important","not_found","","","","",""
"FR","pos","popina","ebp","important","not_found","","","","",""
"FR","pos","restomax","ebp","important","not_found","","","","",""
"FR","pos","shopcaisse","ebp","important","not_found","","","","",""
"FR","pos","shopify-pos","ebp","important","not_found","","","","",""
"FR","pos","simphony","ebp","important","not_found","","","","",""
"FR","pos","square","ebp","important","not_found","","","","",""
"FR","pos","synapsy","ebp","important","not_found","","","","",""
"FR","pos","tactilpad","ebp","important","not_found","","","","",""
"FR","pos","tiller","ebp","important","not_found","","","","",""
"FR","pos","toporder-mypos-cash-register","ebp","important","not_found","","","","",""
"FR","pos","trivec","ebp","important","not_found","","","","",""
"FR","pos","zelty","ebp","important","not_found","","","","",""
"FR","pos","biborne","ebp","important","not_found","","","","",""
"FR","pos","breeze-pos","ebp","important","not_found","","","","",""
"FR","pos","caisse-enregistreuse-fr-kash-click","ebp","important","not_found","","","","",""
"FR","pos","cash-systemes-industrie","ebp","important","not_found","","","","",""
"FR","pos","clictill","ebp","important","not_found","","","","",""
"FR","pos","force7-by-cashmag","ebp","important","not_found","","","","",""
"FR","pos","genius-by-neosystems","ebp","important","not_found","","","","",""
"FR","pos","hairnet-by-cashmag","ebp","important","not_found","","","","",""
"FR","pos","jdc-caisse-et-monetique-sans-bo","ebp","important","not_found","","","","",""
"FR","pos","kerawen","ebp","important","not_found","","","","",""
"FR","pos","kezia-ii-by-jdc","ebp","important","not_found","","","","",""
"FR","pos","kwisatz","ebp","important","not_found","","","","",""
"FR","pos","locatouch","ebp","important","not_found","","","","",""
"FR","pos","ls-coiffure-bu-cashmag","ebp","important","not_found","","","","",""
"FR","pos","macxiphone","ebp","important","not_found","","","","",""
"FR","pos","neosystems","ebp","important","not_found","","","","",""
"FR","pos","nova-by-jdc","ebp","important","not_found","","","","",""
"FR","pos","one-touch-encaissement","ebp","important","not_found","","","","",""
"FR","pos","rezomatic-tgm-commerce","ebp","important","not_found","","","","",""
"FR","pos","popina-k-by-jdc","ebp","important","not_found","","","","",""
"FR","pos","smart-caisse","ebp","important","not_found","","","","",""
"FR","pos","solumag-easycommerce-et-sydevcamp","ebp","important","not_found","","","","",""
"FR","pos","solutions-pdv","ebp","important","not_found","","","","",""
"FR","pos","sora","ebp","important","not_found","","","","",""
"FR","pos","synergie-73-informatique","ebp","important","not_found","","","","",""
"FR","pos","weshop","ebp","important","not_found","","","","",""
"FR","pos","crisalid","ebp","important","not_found","","","","",""
"FR","expense","pleo","pennylane","dominant","not_found","","","","",""
"FR","expense","spendesk","pennylane","dominant","confirmed","api","","https://helpcenter.spendesk.com/en/articles/13716946-overview-of-pennylane-native-integration","https://www.pennylane.com/fr/integrations/spendesk","The integration is developed and managed by Pennylane. Also listed in connect-compta (direct connection)."
"FR","expense","payhawk","pennylane","dominant","confirmed","api","","https://payhawk.com/integration/pennylane","https://www.pennylane.com/fr/integrations/payhawk","Native, bi-directional Pennylane integration; real-time sync"
"FR","expense","mooncard","pennylane","dominant","declared","api","","https://help.mooncard.co/le-guide-de-la-facturation-%C3%A9lectronique-rfe/7Z6rGsKb5Bssv4x9uYBWCr/comment-connecter-votre-compte-de-facturation-%C3%A9lectronique-pennylane-%C3%A0-mooncard-/8ti5V59w5gwkY8ak2JQJ1u","","Pennylane API token pasted in Mooncard e-invoicing settings, then connection test"
"FR","expense","n2f","pennylane","dominant","directory","api","","https://www.n2f.com/fr/nos-integrations/pennylane/","https://www.connect-compta.fr/#annuaire","Dedicated page 'N2F integrates with Pennylane'; mechanism not described. Also listed in connect-compta (direct connection)."
"FR","expense","expensya","pennylane","dominant","not_found","","","","",""
"FR","expense","jenji","pennylane","dominant","not_found","","","","",""
"FR","expense","moss","pennylane","dominant","not_found","","","","",""
"FR","banking","qonto","pennylane","dominant","directory","api","","https://qonto.com/fr/integrations/pennylane","https://www.connect-compta.fr/#annuaire","Transactions and receipts auto-synced to Pennylane 3 times a day. Also listed in connect-compta (direct connection)."
"FR","banking","shine","pennylane","dominant","directory","api","","https://www.shine.fr/integrations-comptables/","https://www.connect-compta.fr/#annuaire","Listed as: Transactions, Factures - API directe. Also listed in connect-compta (direct connection)."
"FR","banking","finom","pennylane","dominant","declared","unknown","","https://finom.co/fr-fr/integrations/","","Listed under ""Intégrations"" on Finom's French integrations page (read 2026-10-02 in a browser); no mechanism stated."
"FR","banking","memo-bank","pennylane","dominant","declared","via_partner","","https://memo.bank/produit/integrations/","","Listed with connector: Bridge (third-party aggregator)"
"FR","banking","revolut-business","pennylane","dominant","not_found","","","","",""
"FR","banking","bunq","pennylane","dominant","declared","api","","https://help.bunq.com/articles/what-bookkeeping-software-is-available-with-bunq-integration","","Listed as available bookkeeping software with bunq API integration (OAuth)"
"FR","banking","tide","pennylane","dominant","not_found","","","","",""
"FR","banking","holvi","pennylane","dominant","not_found","","","","",""
"FR","cash","agicap","pennylane","dominant","directory","api","yes","https://agicap.com/fr/nos-integrations/pennylane/","https://www.connect-compta.fr/#annuaire","Bi-directional flows; data via encrypted API or SFTP. Also listed in connect-compta (connection through Chift)."
"FR","cash","fygr","pennylane","dominant","declared","api","","https://help.okimia.com/fr/articles/9113684-comment-fonctionne-l-integration-entre-okimia-et-pennylane","","Help 'Integrations via API': Pennylane API token"
"FR","cash","trezy","pennylane","dominant","declared","api","","https://www.trezy.io/pennylane-partnership","","Certified Pennylane partner; data synced automatically (OAuth)"
"FR","payables","dext","pennylane","dominant","directory","api","","https://dext.com/fr/ressources/export-comptable-et-integration/pennylane","https://www.connect-compta.fr/#annuaire","Direct API integration: sync chart of accounts, publish entries with images. Also listed in connect-compta (direct connection)."
"FR","payables","libeo","pennylane","dominant","directory","api","yes","https://libeo.io/integrations/pennylane","https://www.connect-compta.fr/#annuaire","Documents and accounting entries are sent by API into Pennylane. Also listed in connect-compta (connection through Chift)."
"FR","payables","candis","pennylane","dominant","not_found","","","","",""
"FR","payables","getmyinvoices","pennylane","dominant","declared","api","","https://www.getmyinvoices.com/en/integration/automatically-export-invoices-to-pennylane/","","Automatically creates an invoice in pennylane and attaches scanned files"
"FR","payables","klippa","pennylane","dominant","not_found","","","","",""
"FR","payables","yooz","pennylane","dominant","directory","api","","https://www.getyooz.com/wp-content/uploads/Yooz-Infographie-Pennylane-FR.pdf","https://www.connect-compta.fr/#annuaire","Interface API Yooz <> Pennylane. Also listed in connect-compta (direct connection)."
"FR","payables","chaintrust","pennylane","dominant","directory","api","","https://www.chaintrust.io/blog/actualites/integration-logiciels-comptables-avec-chaintrust/","https://www.connect-compta.fr/#annuaire","Listed under software currently connected via API. Also listed in connect-compta (direct connection)."
"FR","invoicing","billit","pennylane","dominant","not_found","","","","",""
"FR","invoicing","teamleader","pennylane","dominant","declared","via_partner","","https://marketplace.teamleader.eu/fr/en/category/bookkeeping","","Marketplace app by Billy (third party)"
"FR","invoicing","sellsy","pennylane","dominant","directory","api","","https://go.sellsy.com/applications/pennylane","https://www.connect-compta.fr/#annuaire","Auto sync invoices, payments, contacts every 12h; developed by partner. Also listed in connect-compta (direct connection)."
"FR","invoicing","axonaut","pennylane","dominant","directory","api","yes","https://axonaut.com/blog/axonaut-pennylane/","https://www.connect-compta.fr/#annuaire","'Sélectionnez Pennylane et renseignez le nom de la connexion et la clé API'. Also listed in connect-compta (connection through Chift)."
"FR","pos","sumup","pennylane","dominant","not_found","","","","",""
"FR","pos","lightspeed","pennylane","dominant","directory","via_partner","yes","https://www.lightspeedhq.fr/integrations/chift/","https://www.connect-compta.fr/#annuaire","Chift connects Lightspeed to Pennylane; own listing gives no mechanism. Also listed in connect-compta (connection through Chift)."
"FR","pos","mollie","pennylane","dominant","declared","api","","https://www.mollie.com/integrations/pennylane","","Mollie payments automatically synchronised with your Pennylane account"
"FR","pos","gocardless","pennylane","dominant","declared","api","","https://gocardless.com/fr-fr/partenaires/pennylane","","Prélevez automatiquement vos clients depuis Pennylane"
"FR","pos","payplug","pennylane","dominant","declared","unknown","","https://support.payplug.com/hc/fr/articles/4404783507218-Comment-fonctionne-la-comptabilit%C3%A9-sur-Payplug","","Listed under 'Intégrations pour ERP et outils comptables'; no mechanism"
"FR","pos","zettle","pennylane","dominant","directory","via_partner","yes","https://www.connect-compta.fr/#annuaire","https://www.connect-compta.fr/#annuaire","connect-compta, Chift's directory, lists a connection through Chift."
"FR","hr","payfit","pennylane","dominant","declared","api","","https://support.payfit.com/contents/Relier-et-utiliser-l-integration-Pennylane-PayFit-ux9dUkVn","","Payroll journal entries synced automatically into Pennylane each month"
"FR","hr","lucca","pennylane","dominant","directory","via_partner","yes","https://support.luccasoftware.com/s/article/Cr%C3%A9er-une-connexion-API?language=fr","https://www.connect-compta.fr/#annuaire","API connection for accounting entries; setup guide hosted on help.chift.app (Chift). Also listed in connect-compta (connection through Chift)."
"FR","hr","skello","pennylane","dominant","not_found","","","","",""
"FR","hr","combo","pennylane","dominant","not_found","","","","",""
"FR","construction","vertuoza","pennylane","dominant","directory","api","yes","https://intercom-help.eu/vertuoza/fr/articles/522531-synchronisation-comptable-vue-d-ensemble","https://www.connect-compta.fr/#annuaire","Compatible-software table: sales, purchase send and purchase retrieval supported. Also listed in connect-compta (connection through Chift)."
"FR","construction","graneet","pennylane","dominant","directory","api","","https://help.graneet.fr/fr/articles/769055-connexion-api-graneet-x-pennylane","https://www.connect-compta.fr/#annuaire","API connection: chart of accounts synced, entries and PDFs pushed. Also listed in connect-compta (built-in connection (same vendor))."
"FR","construction","obat","pennylane","dominant","directory","api","yes","https://partenariats.obat.fr/comptables","https://www.connect-compta.fr/#annuaire","Avec l'intégration en temps réel de Pennylane, accédez facilement à tous les documents; connexion à votre outil comptable Pennylane. Also listed in connect-compta (connection through Chift)."
"FR","invoicing","abby","pennylane","dominant","not_found","","","","",""
"FR","vertical","boondmanager","pennylane","dominant","directory","api","","https://www.connect-compta.fr/#annuaire","https://www.connect-compta.fr/#annuaire","connect-compta, Chift's directory, lists a built-in connection (same vendor)."
"FR","vertical","dashdoc","pennylane","dominant","directory","via_partner","yes","https://www.connect-compta.fr/#annuaire","https://www.connect-compta.fr/#annuaire","connect-compta, Chift's directory, lists a connection through Chift."
"FR","invoicing","dolibarr","pennylane","dominant","directory","api","","https://www.connect-compta.fr/#annuaire","https://www.connect-compta.fr/#annuaire","connect-compta, Chift's directory, lists a built-in connection (same vendor)."
"FR","invoicing","ebp-gescom","pennylane","dominant","directory","via_partner","yes","https://www.connect-compta.fr/#annuaire","https://www.connect-compta.fr/#annuaire","connect-compta, Chift's directory, lists a connection through Chift."
"FR","invoicing","evoliz","pennylane","dominant","directory","api","","https://www.connect-compta.fr/#annuaire","https://www.connect-compta.fr/#annuaire","connect-compta, Chift's directory, lists a built-in connection (same vendor)."
"FR","payables","facnote","pennylane","dominant","not_found","","","","",""
"FR","invoicing","factomos","pennylane","dominant","directory","api","","https://www.connect-compta.fr/#annuaire","https://www.connect-compta.fr/#annuaire","connect-compta, Chift's directory, lists a direct connection."
"FR","invoicing","henrri","pennylane","dominant","directory","api","","https://www.connect-compta.fr/#annuaire","https://www.connect-compta.fr/#annuaire","connect-compta, Chift's directory, lists a built-in connection (same vendor)."
"FR","invoicing","jefacture-com","pennylane","dominant","directory","api","","https://www.connect-compta.fr/#annuaire","https://www.connect-compta.fr/#annuaire","connect-compta, Chift's directory, lists a direct connection."
"FR","invoicing","kolecto","pennylane","dominant","directory","via_partner","yes","https://www.connect-compta.fr/#annuaire","https://www.connect-compta.fr/#annuaire","connect-compta, Chift's directory, lists a connection through Chift."
"FR","construction","organilog","pennylane","dominant","directory","via_partner","yes","https://www.connect-compta.fr/#annuaire","https://www.connect-compta.fr/#annuaire","connect-compta, Chift's directory, lists a connection through Chift."
"FR","invoicing","sage-100-gestion-commerciale","pennylane","dominant","directory","via_partner","yes","https://www.connect-compta.fr/#annuaire","https://www.connect-compta.fr/#annuaire","connect-compta, Chift's directory, lists a connection through Chift."
"FR","invoicing","seqino","pennylane","dominant","not_found","","","","",""
"FR","invoicing","toolcie","pennylane","dominant","not_found","","","","",""
"FR","invoicing","vosfactures","pennylane","dominant","directory","api","","https://www.connect-compta.fr/#annuaire","https://www.connect-compta.fr/#annuaire","connect-compta, Chift's directory, lists a direct connection."
"FR","construction","costructor","pennylane","dominant","directory","via_partner","yes","https://www.connect-compta.fr/#annuaire","https://www.connect-compta.fr/#annuaire","connect-compta, Chift's directory, lists a connection through Chift."
"FR","construction","progbat","pennylane","dominant","directory","api","","https://www.connect-compta.fr/#annuaire","https://www.connect-compta.fr/#annuaire","connect-compta, Chift's directory, lists a direct connection."
"FR","vertical","digiforma","pennylane","dominant","directory","via_partner","yes","https://www.connect-compta.fr/#annuaire","https://www.connect-compta.fr/#annuaire","connect-compta, Chift's directory, lists a connection through Chift."
"FR","payables","ipaidthat","pennylane","dominant","not_found","","","","",""
"FR","invoicing","meg","pennylane","dominant","directory","api","","https://www.connect-compta.fr/#annuaire","https://www.connect-compta.fr/#annuaire","connect-compta, Chift's directory, lists a direct connection."
"FR","invoicing","zoho","pennylane","dominant","not_found","","","","",""
"FR","invoicing","team-system-facture","pennylane","dominant","not_found","","","","",""
"FR","invoicing","teledec","pennylane","dominant","not_found","","","","",""
"FR","vertical","sinari","pennylane","dominant","not_found","","","","",""
"FR","invoicing","infast","pennylane","dominant","not_found","","","","",""
"FR","invoicing","freebe","pennylane","dominant","not_found","","","","",""
"FR","invoicing","invoicing-plus","pennylane","dominant","directory","api","","https://www.connect-compta.fr/#annuaire","https://www.connect-compta.fr/#annuaire","connect-compta, Chift's directory, lists a direct connection."
"FR","vertical","menlog","pennylane","dominant","not_found","","","","",""
"FR","vertical","gestav","pennylane","dominant","not_found","","","","",""
"FR","vertical","sufatech","pennylane","dominant","directory","api","","https://www.connect-compta.fr/#annuaire","https://www.connect-compta.fr/#annuaire","connect-compta, Chift's directory, lists a direct connection."
"FR","invoicing","septeo","pennylane","dominant","directory","api","","https://www.connect-compta.fr/#annuaire","https://www.connect-compta.fr/#annuaire","connect-compta, Chift's directory, lists a direct connection."
"FR","construction","kalitics","pennylane","dominant","directory","api","","https://www.connect-compta.fr/#annuaire","https://www.connect-compta.fr/#annuaire","connect-compta, Chift's directory, lists a direct connection."
"FR","payables","weinvoice-by-weproc","pennylane","dominant","directory","api","","https://www.connect-compta.fr/#annuaire","https://www.connect-compta.fr/#annuaire","connect-compta, Chift's directory, lists a direct connection."
"FR","vertical","isaeta","pennylane","dominant","not_found","","","","",""
"FR","vertical","isavigne","pennylane","dominant","not_found","","","","",""
"FR","vertical","wineriz","pennylane","dominant","directory","api","","https://www.connect-compta.fr/#annuaire","https://www.connect-compta.fr/#annuaire","connect-compta, Chift's directory, lists a direct connection."
"FR","payables","open-bee","pennylane","dominant","not_found","","","","",""
"FR","vertical","manerty","pennylane","dominant","directory","via_partner","yes","https://www.connect-compta.fr/#annuaire","https://www.connect-compta.fr/#annuaire","connect-compta, Chift's directory, lists a connection through Chift."
"FR","pos","abill","pennylane","dominant","directory","via_partner","yes","https://www.connect-compta.fr/#annuaire","https://www.connect-compta.fr/#annuaire","connect-compta, Chift's directory, lists a connection through Chift."
"FR","pos","addictill","pennylane","dominant","directory","via_partner","yes","https://www.connect-compta.fr/#annuaire","https://www.connect-compta.fr/#annuaire","connect-compta, Chift's directory, lists a connection through Chift."
"FR","pos","apitic","pennylane","dominant","directory","via_partner","yes","https://www.connect-compta.fr/#annuaire","https://www.connect-compta.fr/#annuaire","connect-compta, Chift's directory, lists a connection through Chift."
"FR","pos","atilla","pennylane","dominant","directory","via_partner","yes","https://www.connect-compta.fr/#annuaire","https://www.connect-compta.fr/#annuaire","connect-compta, Chift's directory, lists a connection through Chift."
"FR","pos","bdp","pennylane","dominant","not_found","","","","",""
"FR","pos","carrepos","pennylane","dominant","directory","via_partner","yes","https://www.connect-compta.fr/#annuaire","https://www.connect-compta.fr/#annuaire","connect-compta, Chift's directory, lists a connection through Chift."
"FR","pos","cashmag","pennylane","dominant","directory","via_partner","yes","https://www.connect-compta.fr/#annuaire","https://www.connect-compta.fr/#annuaire","connect-compta, Chift's directory, lists a connection through Chift."
"FR","pos","cashpad","pennylane","dominant","directory","via_partner","yes","https://www.connect-compta.fr/#annuaire","https://www.connect-compta.fr/#annuaire","connect-compta, Chift's directory, lists a connection through Chift."
"FR","pos","cegid-retail","pennylane","dominant","not_found","","","","",""
"FR","pos","clyo-systems","pennylane","dominant","directory","via_partner","yes","https://www.connect-compta.fr/#annuaire","https://www.connect-compta.fr/#annuaire","connect-compta, Chift's directory, lists a connection through Chift."
"FR","pos","connectill","pennylane","dominant","directory","via_partner","yes","https://www.connect-compta.fr/#annuaire","https://www.connect-compta.fr/#annuaire","connect-compta, Chift's directory, lists a connection through Chift."
"FR","pos","fastmag","pennylane","dominant","directory","via_partner","yes","https://www.connect-compta.fr/#annuaire","https://www.connect-compta.fr/#annuaire","connect-compta, Chift's directory, lists a connection through Chift."
"FR","pos","fulleapps","pennylane","dominant","directory","via_partner","yes","https://www.connect-compta.fr/#annuaire","https://www.connect-compta.fr/#annuaire","connect-compta, Chift's directory, lists a connection through Chift."
"FR","pos","hellocash","pennylane","dominant","directory","via_partner","yes","https://www.connect-compta.fr/#annuaire","https://www.connect-compta.fr/#annuaire","connect-compta, Chift's directory, lists a connection through Chift."
"FR","pos","hiboutik","pennylane","dominant","directory","via_partner","yes","https://www.connect-compta.fr/#annuaire","https://www.connect-compta.fr/#annuaire","connect-compta, Chift's directory, lists a connection through Chift."
"FR","pos","innovorder","pennylane","dominant","directory","via_partner","yes","https://www.connect-compta.fr/#annuaire","https://www.connect-compta.fr/#annuaire","connect-compta, Chift's directory, lists a connection through Chift."
"FR","pos","jalia-jdc","pennylane","dominant","directory","via_partner","yes","https://www.connect-compta.fr/#annuaire","https://www.connect-compta.fr/#annuaire","connect-compta, Chift's directory, lists a connection through Chift."
"FR","pos","l-addition","pennylane","dominant","directory","via_partner","yes","https://www.connect-compta.fr/#annuaire","https://www.connect-compta.fr/#annuaire","connect-compta, Chift's directory, lists a connection through Chift."
"FR","pos","last-app","pennylane","dominant","directory","via_partner","yes","https://www.connect-compta.fr/#annuaire","https://www.connect-compta.fr/#annuaire","connect-compta, Chift's directory, lists a connection through Chift."
"FR","pos","leo2","pennylane","dominant","directory","via_partner","yes","https://www.connect-compta.fr/#annuaire","https://www.connect-compta.fr/#annuaire","connect-compta, Chift's directory, lists a connection through Chift."
"FR","pos","pi-electronique","pennylane","dominant","directory","via_partner","yes","https://www.connect-compta.fr/#annuaire","https://www.connect-compta.fr/#annuaire","connect-compta, Chift's directory, lists a connection through Chift."
"FR","pos","planity","pennylane","dominant","directory","via_partner","yes","https://www.connect-compta.fr/#annuaire","https://www.connect-compta.fr/#annuaire","connect-compta, Chift's directory, lists a connection through Chift."
"FR","pos","popina","pennylane","dominant","directory","via_partner","yes","https://www.connect-compta.fr/#annuaire","https://www.connect-compta.fr/#annuaire","connect-compta, Chift's directory, lists a connection through Chift."
"FR","pos","restomax","pennylane","dominant","directory","via_partner","yes","https://www.connect-compta.fr/#annuaire","https://www.connect-compta.fr/#annuaire","connect-compta, Chift's directory, lists a connection through Chift."
"FR","pos","shopcaisse","pennylane","dominant","directory","via_partner","yes","https://www.connect-compta.fr/#annuaire","https://www.connect-compta.fr/#annuaire","connect-compta, Chift's directory, lists a connection through Chift."
"FR","pos","shopify-pos","pennylane","dominant","not_found","","","","",""
"FR","pos","simphony","pennylane","dominant","directory","via_partner","yes","https://www.connect-compta.fr/#annuaire","https://www.connect-compta.fr/#annuaire","connect-compta, Chift's directory, lists a connection through Chift."
"FR","pos","square","pennylane","dominant","directory","via_partner","yes","https://www.connect-compta.fr/#annuaire","https://www.connect-compta.fr/#annuaire","connect-compta, Chift's directory, lists a connection through Chift."
"FR","pos","synapsy","pennylane","dominant","directory","via_partner","yes","https://www.connect-compta.fr/#annuaire","https://www.connect-compta.fr/#annuaire","connect-compta, Chift's directory, lists a connection through Chift."
"FR","pos","tactilpad","pennylane","dominant","directory","via_partner","yes","https://www.connect-compta.fr/#annuaire","https://www.connect-compta.fr/#annuaire","connect-compta, Chift's directory, lists a connection through Chift."
"FR","pos","tiller","pennylane","dominant","directory","via_partner","yes","https://www.connect-compta.fr/#annuaire","https://www.connect-compta.fr/#annuaire","connect-compta, Chift's directory, lists a connection through Chift."
"FR","pos","toporder-mypos-cash-register","pennylane","dominant","directory","via_partner","yes","https://www.connect-compta.fr/#annuaire","https://www.connect-compta.fr/#annuaire","connect-compta, Chift's directory, lists a connection through Chift."
"FR","pos","trivec","pennylane","dominant","directory","via_partner","yes","https://www.connect-compta.fr/#annuaire","https://www.connect-compta.fr/#annuaire","connect-compta, Chift's directory, lists a connection through Chift."
"FR","pos","zelty","pennylane","dominant","directory","via_partner","yes","https://www.connect-compta.fr/#annuaire","https://www.connect-compta.fr/#annuaire","connect-compta, Chift's directory, lists a connection through Chift."
"FR","pos","biborne","pennylane","dominant","directory","api","","https://www.connect-compta.fr/#annuaire","https://www.connect-compta.fr/#annuaire","connect-compta, Chift's directory, lists a direct connection."
"FR","pos","breeze-pos","pennylane","dominant","directory","api","","https://www.connect-compta.fr/#annuaire","https://www.connect-compta.fr/#annuaire","connect-compta, Chift's directory, lists a direct connection."
"FR","pos","caisse-enregistreuse-fr-kash-click","pennylane","dominant","directory","api","","https://www.connect-compta.fr/#annuaire","https://www.connect-compta.fr/#annuaire","connect-compta, Chift's directory, lists a direct connection."
"FR","pos","cash-systemes-industrie","pennylane","dominant","directory","api","","https://www.connect-compta.fr/#annuaire","https://www.connect-compta.fr/#annuaire","connect-compta, Chift's directory, lists a direct connection."
"FR","pos","clictill","pennylane","dominant","directory","api","","https://www.connect-compta.fr/#annuaire","https://www.connect-compta.fr/#annuaire","connect-compta, Chift's directory, lists a direct connection."
"FR","pos","force7-by-cashmag","pennylane","dominant","directory","api","","https://www.connect-compta.fr/#annuaire","https://www.connect-compta.fr/#annuaire","connect-compta, Chift's directory, lists a direct connection."
"FR","pos","genius-by-neosystems","pennylane","dominant","directory","api","","https://www.connect-compta.fr/#annuaire","https://www.connect-compta.fr/#annuaire","connect-compta, Chift's directory, lists a direct connection."
"FR","pos","hairnet-by-cashmag","pennylane","dominant","directory","api","","https://www.connect-compta.fr/#annuaire","https://www.connect-compta.fr/#annuaire","connect-compta, Chift's directory, lists a direct connection."
"FR","pos","jdc-caisse-et-monetique-sans-bo","pennylane","dominant","directory","api","","https://www.connect-compta.fr/#annuaire","https://www.connect-compta.fr/#annuaire","connect-compta, Chift's directory, lists a direct connection."
"FR","pos","kerawen","pennylane","dominant","directory","api","","https://www.connect-compta.fr/#annuaire","https://www.connect-compta.fr/#annuaire","connect-compta, Chift's directory, lists a direct connection."
"FR","pos","kezia-ii-by-jdc","pennylane","dominant","directory","api","","https://www.connect-compta.fr/#annuaire","https://www.connect-compta.fr/#annuaire","connect-compta, Chift's directory, lists a direct connection."
"FR","pos","kwisatz","pennylane","dominant","directory","api","","https://www.connect-compta.fr/#annuaire","https://www.connect-compta.fr/#annuaire","connect-compta, Chift's directory, lists a direct connection."
"FR","pos","locatouch","pennylane","dominant","directory","api","","https://www.connect-compta.fr/#annuaire","https://www.connect-compta.fr/#annuaire","connect-compta, Chift's directory, lists a direct connection."
"FR","pos","ls-coiffure-bu-cashmag","pennylane","dominant","directory","api","","https://www.connect-compta.fr/#annuaire","https://www.connect-compta.fr/#annuaire","connect-compta, Chift's directory, lists a direct connection."
"FR","pos","macxiphone","pennylane","dominant","directory","api","","https://www.connect-compta.fr/#annuaire","https://www.connect-compta.fr/#annuaire","connect-compta, Chift's directory, lists a direct connection."
"FR","pos","neosystems","pennylane","dominant","directory","api","","https://www.connect-compta.fr/#annuaire","https://www.connect-compta.fr/#annuaire","connect-compta, Chift's directory, lists a direct connection."
"FR","pos","nova-by-jdc","pennylane","dominant","directory","api","","https://www.connect-compta.fr/#annuaire","https://www.connect-compta.fr/#annuaire","connect-compta, Chift's directory, lists a direct connection."
"FR","pos","one-touch-encaissement","pennylane","dominant","directory","api","","https://www.connect-compta.fr/#annuaire","https://www.connect-compta.fr/#annuaire","connect-compta, Chift's directory, lists a direct connection."
"FR","pos","rezomatic-tgm-commerce","pennylane","dominant","directory","api","","https://www.connect-compta.fr/#annuaire","https://www.connect-compta.fr/#annuaire","connect-compta, Chift's directory, lists a direct connection."
"FR","pos","popina-k-by-jdc","pennylane","dominant","directory","api","","https://www.connect-compta.fr/#annuaire","https://www.connect-compta.fr/#annuaire","connect-compta, Chift's directory, lists a direct connection."
"FR","pos","smart-caisse","pennylane","dominant","directory","api","","https://www.connect-compta.fr/#annuaire","https://www.connect-compta.fr/#annuaire","connect-compta, Chift's directory, lists a direct connection."
"FR","pos","solumag-easycommerce-et-sydevcamp","pennylane","dominant","directory","api","","https://www.connect-compta.fr/#annuaire","https://www.connect-compta.fr/#annuaire","connect-compta, Chift's directory, lists a direct connection."
"FR","pos","solutions-pdv","pennylane","dominant","directory","api","","https://www.connect-compta.fr/#annuaire","https://www.connect-compta.fr/#annuaire","connect-compta, Chift's directory, lists a direct connection."
"FR","pos","sora","pennylane","dominant","directory","api","","https://www.connect-compta.fr/#annuaire","https://www.connect-compta.fr/#annuaire","connect-compta, Chift's directory, lists a direct connection."
"FR","pos","synergie-73-informatique","pennylane","dominant","directory","api","","https://www.connect-compta.fr/#annuaire","https://www.connect-compta.fr/#annuaire","connect-compta, Chift's directory, lists a direct connection."
"FR","pos","weshop","pennylane","dominant","directory","api","","https://www.connect-compta.fr/#annuaire","https://www.connect-compta.fr/#annuaire","connect-compta, Chift's directory, lists a direct connection."
"FR","pos","crisalid","pennylane","dominant","not_found","","","","",""
"FR","expense","pleo","sage-generation-experts","important","not_found","","","","",""
"FR","expense","spendesk","sage-generation-experts","important","declared","file_export","","https://helpcenter.spendesk.com/fr/articles/7339363-importe-votre-journal-d-achats-spendesk-dans-sage-generation-experts-connect","","Import purchase journal file into Sage Coala / Sage Generation Experts Connect"
"FR","expense","payhawk","sage-generation-experts","important","not_found","","","","",""
"FR","expense","mooncard","sage-generation-experts","important","declared","file_export","","https://www.mooncard.co/fr/integrations/sage","","Page names ""Sage"" without the product. importer directement votre fichier d'écritures comptables dans votre logiciel Sage"
"FR","expense","n2f","sage-generation-experts","important","directory","api","","https://www.n2f.com/fr/note-de-frais/export-comptable/","https://www.connect-compta.fr/#annuaire","Page names ""Sage"" without the product. entries ""directement générées au format accepté par votre écosystème"". Also listed in connect-compta (direct connection)."
"FR","expense","expensya","sage-generation-experts","important","declared","file_export","","https://www.expensya.com/fr/solutions/integrations/","","""modèles d'exportation CSV/XLS prédéfinis"" for Sage solutions"
"FR","expense","jenji","sage-generation-experts","important","declared","unknown","","https://www.jenji.io/fr/integrations/erp-comptabilite-finance","","Page names ""Sage"" without the product. Logo in 'ERP & Comptabilité' grid; connector type not specified per software"
"FR","expense","moss","sage-generation-experts","important","not_found","","","","",""
"FR","banking","qonto","sage-generation-experts","important","directory","api","","https://qonto.com/fr/accountants/integrations/sage-ge","https://www.connect-compta.fr/#annuaire","Regate by Qonto real-time API pushes journals into Sage GE. Also listed in connect-compta (direct connection)."
"FR","banking","shine","sage-generation-experts","important","declared","via_partner","","https://www.shine.fr/integrations-comptables/","","Listed as: Transactions - via Jedeclare, TransfertBANQUE"
"FR","banking","finom","sage-generation-experts","important","declared","unknown","","https://finom.co/fr-fr/integrations/","","Page names ""Sage"" without the product. Listed under ""Intégrations"" on Finom's French integrations page (read 2026-10-02 in a browser); no mechanism stated."
"FR","banking","memo-bank","sage-generation-experts","important","declared","api","","https://memo.bank/produit/integrations/","","Listed with connector: EBICS (direct EBICS TS connection)"
"FR","banking","revolut-business","sage-generation-experts","important","not_found","","","","",""
"FR","banking","bunq","sage-generation-experts","important","not_found","","","","",""
"FR","banking","tide","sage-generation-experts","important","not_found","","","","",""
"FR","banking","holvi","sage-generation-experts","important","not_found","","","","",""
"FR","cash","agicap","sage-generation-experts","important","directory","via_partner","yes","https://www.connect-compta.fr/#annuaire","https://www.connect-compta.fr/#annuaire","connect-compta, Chift's directory, lists a connection through Chift."
"FR","cash","fygr","sage-generation-experts","important","not_found","","","","",""
"FR","cash","trezy","sage-generation-experts","important","not_found","","","","",""
"FR","payables","dext","sage-generation-experts","important","directory","api","","https://dext.com/fr/ressources/export-comptable-et-integration/sage","https://www.connect-compta.fr/#annuaire","Direct API connection with Sage Generation Expert (GE); also GE export formats. Also listed in connect-compta (direct connection)."
"FR","payables","libeo","sage-generation-experts","important","directory","api","yes","https://libeo.io/integrations/sage-generation-experts","https://www.connect-compta.fr/#annuaire","Entries sent by API into Sage Generation Experts (formerly Sage Coala). Also listed in connect-compta (connection through Chift)."
"FR","payables","candis","sage-generation-experts","important","not_found","","","","",""
"FR","payables","getmyinvoices","sage-generation-experts","important","not_found","","","","",""
"FR","payables","klippa","sage-generation-experts","important","not_found","","","","",""
"FR","payables","yooz","sage-generation-experts","important","declared","api","","https://www.getyooz.com/wp-content/uploads/Yooz-Infographie-SageGE-FR.pdf","","API Sage Génération Expert Connect, native connector"
"FR","payables","chaintrust","sage-generation-experts","important","directory","api","","https://www.chaintrust.io/blog/actualites/integration-logiciels-comptables-avec-chaintrust/","https://www.connect-compta.fr/#annuaire","Listed under software currently connected via API. Also listed in connect-compta (direct connection)."
"FR","invoicing","billit","sage-generation-experts","important","not_found","","","","",""
"FR","invoicing","teamleader","sage-generation-experts","important","not_found","","","","",""
"FR","invoicing","sellsy","sage-generation-experts","important","directory","via_partner","yes","https://help.sellsy.com/fr/articles/15480890-connecter-sellsy-et-sage-generation-experts","https://www.connect-compta.fr/#annuaire","via Chift: must activate public application 'Chift' in Sage Génération Experts. Also listed in connect-compta (connection through Chift)."
"FR","invoicing","axonaut","sage-generation-experts","important","directory","api","yes","https://support.axonaut.com/gerez-votre-comptabilite/le-portail-comptable-axonaut/","https://www.connect-compta.fr/#annuaire","Page names ""SAGE"" without the product. Listed for 'remontée automatique des écritures'; Sage product not specified. Also listed in connect-compta (connection through Chift)."
"FR","pos","sumup","sage-generation-experts","important","not_found","","","","",""
"FR","pos","lightspeed","sage-generation-experts","important","directory","via_partner","yes","https://www.lightspeedhq.fr/integrations/chift/","https://www.connect-compta.fr/#annuaire","Page names ""Sage"" without the product. Chift connecte Lightspeed à Pennylane, MyUnisoft, Sage (product unspecified). Also listed in connect-compta (connection through Chift)."
"FR","pos","mollie","sage-generation-experts","important","not_found","","","","",""
"FR","pos","gocardless","sage-generation-experts","important","not_found","","","","",""
"FR","pos","payplug","sage-generation-experts","important","not_found","","","","",""
"FR","pos","zettle","sage-generation-experts","important","directory","via_partner","yes","https://www.connect-compta.fr/#annuaire","https://www.connect-compta.fr/#annuaire","connect-compta, Chift's directory, lists a connection through Chift."
"FR","hr","payfit","sage-generation-experts","important","not_found","","","","",""
"FR","hr","lucca","sage-generation-experts","important","declared","via_partner","yes","https://support.luccasoftware.com/s/article/Cr%C3%A9er-une-connexion-API?language=fr","","API connection for accounting entries; setup guide hosted on help.chift.app (Chift)"
"FR","hr","skello","sage-generation-experts","important","not_found","","","","",""
"FR","hr","combo","sage-generation-experts","important","not_found","","","","",""
"FR","construction","vertuoza","sage-generation-experts","important","directory","api","yes","https://intercom-help.eu/vertuoza/fr/articles/522531-synchronisation-comptable-vue-d-ensemble","https://www.connect-compta.fr/#annuaire","Compatible-software table: sales, purchase send and purchase retrieval supported. Also listed in connect-compta (connection through Chift)."
"FR","construction","graneet","sage-generation-experts","important","directory","via_partner","yes","https://www.connect-compta.fr/#annuaire","https://www.connect-compta.fr/#annuaire","connect-compta, Chift's directory, lists a connection through Chift."
"FR","construction","obat","sage-generation-experts","important","not_found","","","","",""
"FR","invoicing","abby","sage-generation-experts","important","not_found","","","","",""
"FR","vertical","boondmanager","sage-generation-experts","important","not_found","","","","",""
"FR","vertical","dashdoc","sage-generation-experts","important","not_found","","","","",""
"FR","invoicing","dolibarr","sage-generation-experts","important","not_found","","","","",""
"FR","invoicing","ebp-gescom","sage-generation-experts","important","not_found","","","","",""
"FR","invoicing","evoliz","sage-generation-experts","important","not_found","","","","",""
"FR","payables","facnote","sage-generation-experts","important","not_found","","","","",""
"FR","invoicing","factomos","sage-generation-experts","important","not_found","","","","",""
"FR","invoicing","henrri","sage-generation-experts","important","not_found","","","","",""
"FR","invoicing","jefacture-com","sage-generation-experts","important","not_found","","","","",""
"FR","invoicing","kolecto","sage-generation-experts","important","directory","via_partner","yes","https://www.connect-compta.fr/#annuaire","https://www.connect-compta.fr/#annuaire","connect-compta, Chift's directory, lists a connection through Chift."
"FR","construction","organilog","sage-generation-experts","important","directory","via_partner","yes","https://www.connect-compta.fr/#annuaire","https://www.connect-compta.fr/#annuaire","connect-compta, Chift's directory, lists a connection through Chift."
"FR","invoicing","sage-100-gestion-commerciale","sage-generation-experts","important","directory","via_partner","yes","https://www.connect-compta.fr/#annuaire","https://www.connect-compta.fr/#annuaire","connect-compta, Chift's directory, lists a connection through Chift."
"FR","invoicing","seqino","sage-generation-experts","important","directory","via_partner","yes","https://www.connect-compta.fr/#annuaire","https://www.connect-compta.fr/#annuaire","connect-compta, Chift's directory, lists a connection through Chift."
"FR","invoicing","toolcie","sage-generation-experts","important","not_found","","","","",""
"FR","invoicing","vosfactures","sage-generation-experts","important","not_found","","","","",""
"FR","construction","costructor","sage-generation-experts","important","not_found","","","","",""
"FR","construction","progbat","sage-generation-experts","important","directory","via_partner","yes","https://www.connect-compta.fr/#annuaire","https://www.connect-compta.fr/#annuaire","connect-compta, Chift's directory, lists a connection through Chift."
"FR","vertical","digiforma","sage-generation-experts","important","directory","via_partner","yes","https://www.connect-compta.fr/#annuaire","https://www.connect-compta.fr/#annuaire","connect-compta, Chift's directory, lists a connection through Chift."
"FR","payables","ipaidthat","sage-generation-experts","important","directory","api","","https://www.connect-compta.fr/#annuaire","https://www.connect-compta.fr/#annuaire","connect-compta, Chift's directory, lists a direct connection."
"FR","invoicing","meg","sage-generation-experts","important","directory","api","","https://www.connect-compta.fr/#annuaire","https://www.connect-compta.fr/#annuaire","connect-compta, Chift's directory, lists a direct connection."
"FR","invoicing","zoho","sage-generation-experts","important","not_found","","","","",""
"FR","invoicing","team-system-facture","sage-generation-experts","important","not_found","","","","",""
"FR","invoicing","teledec","sage-generation-experts","important","not_found","","","","",""
"FR","vertical","sinari","sage-generation-experts","important","not_found","","","","",""
"FR","invoicing","infast","sage-generation-experts","important","not_found","","","","",""
"FR","invoicing","freebe","sage-generation-experts","important","not_found","","","","",""
"FR","invoicing","invoicing-plus","sage-generation-experts","important","not_found","","","","",""
"FR","vertical","menlog","sage-generation-experts","important","directory","api","","https://www.connect-compta.fr/#annuaire","https://www.connect-compta.fr/#annuaire","connect-compta, Chift's directory, lists a direct connection."
"FR","vertical","gestav","sage-generation-experts","important","not_found","","","","",""
"FR","vertical","sufatech","sage-generation-experts","important","not_found","","","","",""
"FR","invoicing","septeo","sage-generation-experts","important","directory","api","","https://www.connect-compta.fr/#annuaire","https://www.connect-compta.fr/#annuaire","connect-compta, Chift's directory, lists a direct connection."
"FR","construction","kalitics","sage-generation-experts","important","not_found","","","","",""
"FR","payables","weinvoice-by-weproc","sage-generation-experts","important","directory","api","","https://www.connect-compta.fr/#annuaire","https://www.connect-compta.fr/#annuaire","connect-compta, Chift's directory, lists a direct connection."
"FR","vertical","isaeta","sage-generation-experts","important","not_found","","","","",""
"FR","vertical","isavigne","sage-generation-experts","important","not_found","","","","",""
"FR","vertical","wineriz","sage-generation-experts","important","directory","api","","https://www.connect-compta.fr/#annuaire","https://www.connect-compta.fr/#annuaire","connect-compta, Chift's directory, lists a direct connection."
"FR","payables","open-bee","sage-generation-experts","important","directory","api","","https://www.connect-compta.fr/#annuaire","https://www.connect-compta.fr/#annuaire","connect-compta, Chift's directory, lists a direct connection."
"FR","vertical","manerty","sage-generation-experts","important","directory","via_partner","yes","https://www.connect-compta.fr/#annuaire","https://www.connect-compta.fr/#annuaire","connect-compta, Chift's directory, lists a connection through Chift."
"FR","pos","abill","sage-generation-experts","important","directory","via_partner","yes","https://www.connect-compta.fr/#annuaire","https://www.connect-compta.fr/#annuaire","connect-compta, Chift's directory, lists a connection through Chift."
"FR","pos","addictill","sage-generation-experts","important","directory","via_partner","yes","https://www.connect-compta.fr/#annuaire","https://www.connect-compta.fr/#annuaire","connect-compta, Chift's directory, lists a connection through Chift."
"FR","pos","apitic","sage-generation-experts","important","not_found","","","","",""
"FR","pos","atilla","sage-generation-experts","important","directory","via_partner","yes","https://www.connect-compta.fr/#annuaire","https://www.connect-compta.fr/#annuaire","connect-compta, Chift's directory, lists a connection through Chift."
"FR","pos","bdp","sage-generation-experts","important","not_found","","","","",""
"FR","pos","carrepos","sage-generation-experts","important","directory","via_partner","yes","https://www.connect-compta.fr/#annuaire","https://www.connect-compta.fr/#annuaire","connect-compta, Chift's directory, lists a connection through Chift."
"FR","pos","cashmag","sage-generation-experts","important","directory","via_partner","yes","https://www.connect-compta.fr/#annuaire","https://www.connect-compta.fr/#annuaire","connect-compta, Chift's directory, lists a connection through Chift."
"FR","pos","cashpad","sage-generation-experts","important","directory","via_partner","yes","https://www.connect-compta.fr/#annuaire","https://www.connect-compta.fr/#annuaire","connect-compta, Chift's directory, lists a connection through Chift."
"FR","pos","cegid-retail","sage-generation-experts","important","not_found","","","","",""
"FR","pos","clyo-systems","sage-generation-experts","important","directory","via_partner","yes","https://www.connect-compta.fr/#annuaire","https://www.connect-compta.fr/#annuaire","connect-compta, Chift's directory, lists a connection through Chift."
"FR","pos","connectill","sage-generation-experts","important","directory","via_partner","yes","https://www.connect-compta.fr/#annuaire","https://www.connect-compta.fr/#annuaire","connect-compta, Chift's directory, lists a connection through Chift."
"FR","pos","fastmag","sage-generation-experts","important","not_found","","","","",""
"FR","pos","fulleapps","sage-generation-experts","important","directory","via_partner","yes","https://www.connect-compta.fr/#annuaire","https://www.connect-compta.fr/#annuaire","connect-compta, Chift's directory, lists a connection through Chift."
"FR","pos","hellocash","sage-generation-experts","important","directory","via_partner","yes","https://www.connect-compta.fr/#annuaire","https://www.connect-compta.fr/#annuaire","connect-compta, Chift's directory, lists a connection through Chift."
"FR","pos","hiboutik","sage-generation-experts","important","directory","via_partner","yes","https://www.connect-compta.fr/#annuaire","https://www.connect-compta.fr/#annuaire","connect-compta, Chift's directory, lists a connection through Chift."
"FR","pos","innovorder","sage-generation-experts","important","directory","via_partner","yes","https://www.connect-compta.fr/#annuaire","https://www.connect-compta.fr/#annuaire","connect-compta, Chift's directory, lists a connection through Chift."
"FR","pos","jalia-jdc","sage-generation-experts","important","directory","via_partner","yes","https://www.connect-compta.fr/#annuaire","https://www.connect-compta.fr/#annuaire","connect-compta, Chift's directory, lists a connection through Chift."
"FR","pos","l-addition","sage-generation-experts","important","directory","via_partner","yes","https://www.connect-compta.fr/#annuaire","https://www.connect-compta.fr/#annuaire","connect-compta, Chift's directory, lists a connection through Chift."
"FR","pos","last-app","sage-generation-experts","important","directory","via_partner","yes","https://www.connect-compta.fr/#annuaire","https://www.connect-compta.fr/#annuaire","connect-compta, Chift's directory, lists a connection through Chift."
"FR","pos","leo2","sage-generation-experts","important","directory","via_partner","yes","https://www.connect-compta.fr/#annuaire","https://www.connect-compta.fr/#annuaire","connect-compta, Chift's directory, lists a connection through Chift."
"FR","pos","pi-electronique","sage-generation-experts","important","directory","via_partner","yes","https://www.connect-compta.fr/#annuaire","https://www.connect-compta.fr/#annuaire","connect-compta, Chift's directory, lists a connection through Chift."
"FR","pos","planity","sage-generation-experts","important","directory","via_partner","yes","https://www.connect-compta.fr/#annuaire","https://www.connect-compta.fr/#annuaire","connect-compta, Chift's directory, lists a connection through Chift."
"FR","pos","popina","sage-generation-experts","important","directory","via_partner","yes","https://www.connect-compta.fr/#annuaire","https://www.connect-compta.fr/#annuaire","connect-compta, Chift's directory, lists a connection through Chift."
"FR","pos","restomax","sage-generation-experts","important","directory","via_partner","yes","https://www.connect-compta.fr/#annuaire","https://www.connect-compta.fr/#annuaire","connect-compta, Chift's directory, lists a connection through Chift."
"FR","pos","shopcaisse","sage-generation-experts","important","directory","via_partner","yes","https://www.connect-compta.fr/#annuaire","https://www.connect-compta.fr/#annuaire","connect-compta, Chift's directory, lists a connection through Chift."
"FR","pos","shopify-pos","sage-generation-experts","important","not_found","","","","",""
"FR","pos","simphony","sage-generation-experts","important","directory","via_partner","yes","https://www.connect-compta.fr/#annuaire","https://www.connect-compta.fr/#annuaire","connect-compta, Chift's directory, lists a connection through Chift."
"FR","pos","square","sage-generation-experts","important","directory","via_partner","yes","https://www.connect-compta.fr/#annuaire","https://www.connect-compta.fr/#annuaire","connect-compta, Chift's directory, lists a connection through Chift."
"FR","pos","synapsy","sage-generation-experts","important","directory","via_partner","yes","https://www.connect-compta.fr/#annuaire","https://www.connect-compta.fr/#annuaire","connect-compta, Chift's directory, lists a connection through Chift."
"FR","pos","tactilpad","sage-generation-experts","important","not_found","","","","",""
"FR","pos","tiller","sage-generation-experts","important","not_found","","","","",""
"FR","pos","toporder-mypos-cash-register","sage-generation-experts","important","directory","via_partner","yes","https://www.connect-compta.fr/#annuaire","https://www.connect-compta.fr/#annuaire","connect-compta, Chift's directory, lists a connection through Chift."
"FR","pos","trivec","sage-generation-experts","important","directory","via_partner","yes","https://www.connect-compta.fr/#annuaire","https://www.connect-compta.fr/#annuaire","connect-compta, Chift's directory, lists a connection through Chift."
"FR","pos","zelty","sage-generation-experts","important","directory","via_partner","yes","https://www.connect-compta.fr/#annuaire","https://www.connect-compta.fr/#annuaire","connect-compta, Chift's directory, lists a connection through Chift."
"FR","pos","biborne","sage-generation-experts","important","not_found","","","","",""
"FR","pos","breeze-pos","sage-generation-experts","important","not_found","","","","",""
"FR","pos","caisse-enregistreuse-fr-kash-click","sage-generation-experts","important","not_found","","","","",""
"FR","pos","cash-systemes-industrie","sage-generation-experts","important","not_found","","","","",""
"FR","pos","clictill","sage-generation-experts","important","not_found","","","","",""
"FR","pos","force7-by-cashmag","sage-generation-experts","important","not_found","","","","",""
"FR","pos","genius-by-neosystems","sage-generation-experts","important","not_found","","","","",""
"FR","pos","hairnet-by-cashmag","sage-generation-experts","important","not_found","","","","",""
"FR","pos","jdc-caisse-et-monetique-sans-bo","sage-generation-experts","important","not_found","","","","",""
"FR","pos","kerawen","sage-generation-experts","important","not_found","","","","",""
"FR","pos","kezia-ii-by-jdc","sage-generation-experts","important","not_found","","","","",""
"FR","pos","kwisatz","sage-generation-experts","important","not_found","","","","",""
"FR","pos","locatouch","sage-generation-experts","important","not_found","","","","",""
"FR","pos","ls-coiffure-bu-cashmag","sage-generation-experts","important","not_found","","","","",""
"FR","pos","macxiphone","sage-generation-experts","important","not_found","","","","",""
"FR","pos","neosystems","sage-generation-experts","important","not_found","","","","",""
"FR","pos","nova-by-jdc","sage-generation-experts","important","not_found","","","","",""
"FR","pos","one-touch-encaissement","sage-generation-experts","important","not_found","","","","",""
"FR","pos","rezomatic-tgm-commerce","sage-generation-experts","important","not_found","","","","",""
"FR","pos","popina-k-by-jdc","sage-generation-experts","important","not_found","","","","",""
"FR","pos","smart-caisse","sage-generation-experts","important","not_found","","","","",""
"FR","pos","solumag-easycommerce-et-sydevcamp","sage-generation-experts","important","not_found","","","","",""
"FR","pos","solutions-pdv","sage-generation-experts","important","not_found","","","","",""
"FR","pos","sora","sage-generation-experts","important","not_found","","","","",""
"FR","pos","synergie-73-informatique","sage-generation-experts","important","not_found","","","","",""
"FR","pos","weshop","sage-generation-experts","important","not_found","","","","",""
"FR","pos","crisalid","sage-generation-experts","important","not_found","","","","",""
"FR","expense","pleo","fulll","important","not_found","","","","",""
"FR","expense","spendesk","fulll","important","not_found","","","","",""
"FR","expense","payhawk","fulll","important","not_found","","","","",""
"FR","expense","mooncard","fulll","important","declared","file_export","","https://www.mooncard.co/fr/integrations/ibiza","","""Configurez le format d'import selon vos besoins"""
"FR","expense","n2f","fulll","important","declared","unknown","","https://www.n2f.com/fr/nos-integrations/fulll/","","Dedicated page 'N2F integrates with Fulll'; mechanism not described"
"FR","expense","expensya","fulll","important","declared","file_export","","https://www.expensya.com/fr/solutions/integrations/","","Page describes a direct export format to fulll, not a two-way connection"
"FR","expense","jenji","fulll","important","declared","unknown","","https://www.jenji.io/fr/integrations/erp-comptabilite-finance","","Logo in 'ERP & Comptabilité' grid; connector type not specified per software"
"FR","expense","moss","fulll","important","not_found","","","","",""
"FR","banking","qonto","fulll","important","declared","via_partner","","https://qonto.com/fr/integrations/fulll-jedeclare","","EBICS link through jedeclare.com (third party)"
"FR","banking","shine","fulll","important","declared","via_partner","","https://www.shine.fr/integrations-comptables/","","Listed as: Transactions - via Jedeclare"
"FR","banking","finom","fulll","important","declared","unknown","","https://finom.co/fr-fr/integrations/","","Listed under ""Intégrations"" on Finom's French integrations page (read 2026-10-02 in a browser); no mechanism stated."
"FR","banking","memo-bank","fulll","important","declared","via_partner","","https://memo.bank/produit/integrations/","","Listed with connector: Jedeclare.com (third-party aggregator)"
"FR","banking","revolut-business","fulll","important","not_found","","","","",""
"FR","banking","bunq","fulll","important","not_found","","","","",""
"FR","banking","tide","fulll","important","not_found","","","","",""
"FR","banking","holvi","fulll","important","not_found","","","","",""
"FR","cash","agicap","fulll","important","directory","via_partner","yes","https://www.connect-compta.fr/#annuaire","https://www.connect-compta.fr/#annuaire","connect-compta, Chift's directory, lists a connection through Chift."
"FR","cash","fygr","fulll","important","not_found","","","","",""
"FR","cash","trezy","fulll","important","not_found","","","","",""
"FR","payables","dext","fulll","important","directory","api","","https://dext.com/fr/ressources/export-comptable-et-integration/fulll","https://www.connect-compta.fr/#annuaire","API integration: import chart of accounts and publish entries to Fulll. Also listed in connect-compta (direct connection)."
"FR","payables","libeo","fulll","important","directory","via_partner","yes","https://www.connect-compta.fr/#annuaire","https://www.connect-compta.fr/#annuaire","connect-compta, Chift's directory, lists a connection through Chift."
"FR","payables","candis","fulll","important","not_found","","","","",""
"FR","payables","getmyinvoices","fulll","important","not_found","","","","",""
"FR","payables","klippa","fulll","important","not_found","","","","",""
"FR","payables","yooz","fulll","important","declared","api","","https://www.getyooz.com/fr/blog/automatiser-factures-fulll","","Native integration, interoperable via Fulll API"
"FR","payables","chaintrust","fulll","important","directory","api","","https://www.chaintrust.io/blog/actualites/integration-logiciels-comptables-avec-chaintrust/","https://www.connect-compta.fr/#annuaire","Listed under software currently connected via API. Also listed in connect-compta (direct connection)."
"FR","invoicing","billit","fulll","important","not_found","","","","",""
"FR","invoicing","teamleader","fulll","important","not_found","","","","",""
"FR","invoicing","sellsy","fulll","important","directory","via_partner","yes","https://help.sellsy.com/fr/articles/15480364-connecter-sellsy-et-fulll","https://www.connect-compta.fr/#annuaire","via Chift: 'Vous serez redirigé vers l'interface sécurisée Chift'. Also listed in connect-compta (connection through Chift)."
"FR","invoicing","axonaut","fulll","important","directory","via_partner","yes","https://axonaut.com/content/logiciel-comptabilite","https://www.connect-compta.fr/#annuaire","Predefined export format: 'formes prédéfinies (SAGE 1000, Ibiza, CEGID…)'. Also listed in connect-compta (connection through Chift)."
"FR","pos","sumup","fulll","important","not_found","","","","",""
"FR","pos","lightspeed","fulll","important","not_found","","","","",""
"FR","pos","mollie","fulll","important","not_found","","","","",""
"FR","pos","gocardless","fulll","important","not_found","","","","",""
"FR","pos","payplug","fulll","important","not_found","","","","",""
"FR","pos","zettle","fulll","important","not_found","","","","",""
"FR","hr","payfit","fulll","important","not_found","","","","",""
"FR","hr","lucca","fulll","important","directory","via_partner","yes","https://support.luccasoftware.com/s/article/Cr%C3%A9er-une-connexion-API?language=fr","https://www.connect-compta.fr/#annuaire","API connection for accounting entries; setup guide hosted on help.chift.app (Chift). Also listed in connect-compta (connection through Chift)."
"FR","hr","skello","fulll","important","not_found","","","","",""
"FR","hr","combo","fulll","important","not_found","","","","",""
"FR","construction","vertuoza","fulll","important","directory","api","yes","https://intercom-help.eu/vertuoza/fr/articles/522531-synchronisation-comptable-vue-d-ensemble","https://www.connect-compta.fr/#annuaire","Compatible-software table: sales, purchase send and purchase retrieval supported. Also listed in connect-compta (connection through Chift)."
"FR","construction","graneet","fulll","important","not_found","","","","",""
"FR","construction","obat","fulll","important","directory","via_partner","yes","https://www.connect-compta.fr/#annuaire","https://www.connect-compta.fr/#annuaire","connect-compta, Chift's directory, lists a connection through Chift."
"FR","invoicing","abby","fulll","important","not_found","","","","",""
"FR","vertical","boondmanager","fulll","important","not_found","","","","",""
"FR","vertical","dashdoc","fulll","important","not_found","","","","",""
"FR","invoicing","dolibarr","fulll","important","not_found","","","","",""
"FR","invoicing","ebp-gescom","fulll","important","not_found","","","","",""
"FR","invoicing","evoliz","fulll","important","not_found","","","","",""
"FR","payables","facnote","fulll","important","not_found","","","","",""
"FR","invoicing","factomos","fulll","important","not_found","","","","",""
"FR","invoicing","henrri","fulll","important","not_found","","","","",""
"FR","invoicing","jefacture-com","fulll","important","not_found","","","","",""
"FR","invoicing","kolecto","fulll","important","directory","via_partner","yes","https://www.connect-compta.fr/#annuaire","https://www.connect-compta.fr/#annuaire","connect-compta, Chift's directory, lists a connection through Chift."
"FR","construction","organilog","fulll","important","not_found","","","","",""
"FR","invoicing","sage-100-gestion-commerciale","fulll","important","not_found","","","","",""
"FR","invoicing","seqino","fulll","important","directory","via_partner","yes","https://www.connect-compta.fr/#annuaire","https://www.connect-compta.fr/#annuaire","connect-compta, Chift's directory, lists a connection through Chift."
"FR","invoicing","toolcie","fulll","important","not_found","","","","",""
"FR","invoicing","vosfactures","fulll","important","not_found","","","","",""
"FR","construction","costructor","fulll","important","not_found","","","","",""
"FR","construction","progbat","fulll","important","directory","via_partner","yes","https://www.connect-compta.fr/#annuaire","https://www.connect-compta.fr/#annuaire","connect-compta, Chift's directory, lists a connection through Chift."
"FR","vertical","digiforma","fulll","important","directory","via_partner","yes","https://www.connect-compta.fr/#annuaire","https://www.connect-compta.fr/#annuaire","connect-compta, Chift's directory, lists a connection through Chift."
"FR","payables","ipaidthat","fulll","important","not_found","","","","",""
"FR","invoicing","meg","fulll","important","directory","api","","https://www.connect-compta.fr/#annuaire","https://www.connect-compta.fr/#annuaire","connect-compta, Chift's directory, lists a direct connection."
"FR","invoicing","zoho","fulll","important","not_found","","","","",""
"FR","invoicing","team-system-facture","fulll","important","not_found","","","","",""
"FR","invoicing","teledec","fulll","important","not_found","","","","",""
"FR","vertical","sinari","fulll","important","not_found","","","","",""
"FR","invoicing","infast","fulll","important","not_found","","","","",""
"FR","invoicing","freebe","fulll","important","not_found","","","","",""
"FR","invoicing","invoicing-plus","fulll","important","directory","api","","https://www.connect-compta.fr/#annuaire","https://www.connect-compta.fr/#annuaire","connect-compta, Chift's directory, lists a direct connection."
"FR","vertical","menlog","fulll","important","directory","api","","https://www.connect-compta.fr/#annuaire","https://www.connect-compta.fr/#annuaire","connect-compta, Chift's directory, lists a direct connection."
"FR","vertical","gestav","fulll","important","not_found","","","","",""
"FR","vertical","sufatech","fulll","important","not_found","","","","",""
"FR","invoicing","septeo","fulll","important","directory","api","","https://www.connect-compta.fr/#annuaire","https://www.connect-compta.fr/#annuaire","connect-compta, Chift's directory, lists a direct connection."
"FR","construction","kalitics","fulll","important","not_found","","","","",""
"FR","payables","weinvoice-by-weproc","fulll","important","directory","api","","https://www.connect-compta.fr/#annuaire","https://www.connect-compta.fr/#annuaire","connect-compta, Chift's directory, lists a direct connection."
"FR","vertical","isaeta","fulll","important","not_found","","","","",""
"FR","vertical","isavigne","fulll","important","not_found","","","","",""
"FR","vertical","wineriz","fulll","important","not_found","","","","",""
"FR","payables","open-bee","fulll","important","not_found","","","","",""
"FR","vertical","manerty","fulll","important","directory","via_partner","yes","https://www.connect-compta.fr/#annuaire","https://www.connect-compta.fr/#annuaire","connect-compta, Chift's directory, lists a connection through Chift."
"FR","pos","abill","fulll","important","not_found","","","","",""
"FR","pos","addictill","fulll","important","not_found","","","","",""
"FR","pos","apitic","fulll","important","not_found","","","","",""
"FR","pos","atilla","fulll","important","not_found","","","","",""
"FR","pos","bdp","fulll","important","not_found","","","","",""
"FR","pos","carrepos","fulll","important","not_found","","","","",""
"FR","pos","cashmag","fulll","important","not_found","","","","",""
"FR","pos","cashpad","fulll","important","not_found","","","","",""
"FR","pos","cegid-retail","fulll","important","not_found","","","","",""
"FR","pos","clyo-systems","fulll","important","not_found","","","","",""
"FR","pos","connectill","fulll","important","not_found","","","","",""
"FR","pos","fastmag","fulll","important","not_found","","","","",""
"FR","pos","fulleapps","fulll","important","not_found","","","","",""
"FR","pos","hellocash","fulll","important","not_found","","","","",""
"FR","pos","hiboutik","fulll","important","not_found","","","","",""
"FR","pos","innovorder","fulll","important","not_found","","","","",""
"FR","pos","jalia-jdc","fulll","important","not_found","","","","",""
"FR","pos","l-addition","fulll","important","not_found","","","","",""
"FR","pos","last-app","fulll","important","not_found","","","","",""
"FR","pos","leo2","fulll","important","not_found","","","","",""
"FR","pos","pi-electronique","fulll","important","not_found","","","","",""
"FR","pos","planity","fulll","important","not_found","","","","",""
"FR","pos","popina","fulll","important","not_found","","","","",""
"FR","pos","restomax","fulll","important","not_found","","","","",""
"FR","pos","shopcaisse","fulll","important","not_found","","","","",""
"FR","pos","shopify-pos","fulll","important","not_found","","","","",""
"FR","pos","simphony","fulll","important","not_found","","","","",""
"FR","pos","square","fulll","important","not_found","","","","",""
"FR","pos","synapsy","fulll","important","not_found","","","","",""
"FR","pos","tactilpad","fulll","important","not_found","","","","",""
"FR","pos","tiller","fulll","important","not_found","","","","",""
"FR","pos","toporder-mypos-cash-register","fulll","important","not_found","","","","",""
"FR","pos","trivec","fulll","important","not_found","","","","",""
"FR","pos","zelty","fulll","important","not_found","","","","",""
"FR","pos","biborne","fulll","important","not_found","","","","",""
"FR","pos","breeze-pos","fulll","important","not_found","","","","",""
"FR","pos","caisse-enregistreuse-fr-kash-click","fulll","important","not_found","","","","",""
"FR","pos","cash-systemes-industrie","fulll","important","not_found","","","","",""
"FR","pos","clictill","fulll","important","not_found","","","","",""
"FR","pos","force7-by-cashmag","fulll","important","not_found","","","","",""
"FR","pos","genius-by-neosystems","fulll","important","not_found","","","","",""
"FR","pos","hairnet-by-cashmag","fulll","important","not_found","","","","",""
"FR","pos","jdc-caisse-et-monetique-sans-bo","fulll","important","not_found","","","","",""
"FR","pos","kerawen","fulll","important","not_found","","","","",""
"FR","pos","kezia-ii-by-jdc","fulll","important","not_found","","","","",""
"FR","pos","kwisatz","fulll","important","not_found","","","","",""
"FR","pos","locatouch","fulll","important","not_found","","","","",""
"FR","pos","ls-coiffure-bu-cashmag","fulll","important","not_found","","","","",""
"FR","pos","macxiphone","fulll","important","not_found","","","","",""
"FR","pos","neosystems","fulll","important","not_found","","","","",""
"FR","pos","nova-by-jdc","fulll","important","not_found","","","","",""
"FR","pos","one-touch-encaissement","fulll","important","not_found","","","","",""
"FR","pos","rezomatic-tgm-commerce","fulll","important","not_found","","","","",""
"FR","pos","popina-k-by-jdc","fulll","important","not_found","","","","",""
"FR","pos","smart-caisse","fulll","important","not_found","","","","",""
"FR","pos","solumag-easycommerce-et-sydevcamp","fulll","important","not_found","","","","",""
"FR","pos","solutions-pdv","fulll","important","not_found","","","","",""
"FR","pos","sora","fulll","important","not_found","","","","",""
"FR","pos","synergie-73-informatique","fulll","important","not_found","","","","",""
"FR","pos","weshop","fulll","important","not_found","","","","",""
"FR","pos","crisalid","fulll","important","not_found","","","","",""
"FR","expense","pleo","cegid-loop","important","declared","api","","https://www.pleo.io/en/integrations/cegid-loop","","Expenses and receipts will automatically sync with the accounting system"
"FR","expense","spendesk","cegid-loop","important","declared","file_export","","https://helpcenter.spendesk.com/fr/articles/7833448-importer-votre-journal-d-achats-spendesk-dans-cegid-loop","","Import Spendesk purchase journal file into Cegid Loop"
"FR","expense","payhawk","cegid-loop","important","declared","file_export","","https://payhawk.com/integrations","","Page names ""Cegid"" without the product. Card: predefined CSV/XLS export templates for Cegid"
"FR","expense","mooncard","cegid-loop","important","declared","file_export","","https://help.mooncard.co/g%C3%A9rez-vos-%C3%A9critures-comptables/5mUaTzBWZTZd3G16uKLVre/choisir-votre-logiciel-comptable/5TMA5CunEdsmY3WK1Aq2PM","","Page names ""Cegid"" without the product. export file formats referenced by Mooncard (ex. Sage, Cegid, Quadratus)"
"FR","expense","n2f","cegid-loop","important","directory","api","","https://www.n2f.com/fr/note-de-frais/export-comptable/","https://www.connect-compta.fr/#annuaire","Page names ""Cegid"" without the product. entries ""directement générées au format accepté par votre écosystème"". Also listed in connect-compta (direct connection)."
"FR","expense","expensya","cegid-loop","important","declared","file_export","","https://www.expensya.com/fr/solutions/integrations/","","Page names ""Cegid"" without the product. direct connection via dedicated export tool or custom .TRA file download"
"FR","expense","jenji","cegid-loop","important","declared","unknown","","https://www.jenji.io/fr/integrations/erp-comptabilite-finance","","Page names ""Cegid"" without the product. Logo in 'ERP & Comptabilité' grid; connector type not specified per software"
"FR","expense","moss","cegid-loop","important","not_found","","","","",""
"FR","banking","qonto","cegid-loop","important","directory","api","","https://qonto.com/fr/integrations/loop","https://www.connect-compta.fr/#annuaire","Daily sync of receipts and invoices to Cegid Loop. Also listed in connect-compta (direct connection)."
"FR","banking","shine","cegid-loop","important","directory","via_partner","","https://www.shine.fr/integrations-comptables/","https://www.connect-compta.fr/#annuaire","Listed as: Transactions - via Jedeclare, TransfertBANQUE. Also listed in connect-compta (direct connection)."
"FR","banking","finom","cegid-loop","important","declared","unknown","","https://finom.co/fr-fr/integrations/","","Page names ""Cegid"" without the product. Listed under ""Intégrations"" on Finom's French integrations page (read 2026-10-02 in a browser); no mechanism stated."
"FR","banking","memo-bank","cegid-loop","important","declared","api","","https://memo.bank/produit/integrations/","","Listed with connector: EBICS (direct EBICS TS connection)"
"FR","banking","revolut-business","cegid-loop","important","not_found","","","","",""
"FR","banking","bunq","cegid-loop","important","not_found","","","","",""
"FR","banking","tide","cegid-loop","important","not_found","","","","",""
"FR","banking","holvi","cegid-loop","important","not_found","","","","",""
"FR","cash","agicap","cegid-loop","important","directory","via_partner","yes","https://www.connect-compta.fr/#annuaire","https://www.connect-compta.fr/#annuaire","connect-compta, Chift's directory, lists a connection through Chift."
"FR","cash","fygr","cegid-loop","important","not_found","","","","",""
"FR","cash","trezy","cegid-loop","important","declared","unknown","","https://www.trezy.io/documentation","","Page names ""CEGID"" without the product. Docs: CEGID credentials, read-only sync of entries, balances"
"FR","payables","dext","cegid-loop","important","directory","api","","https://help.dext.com/fr/articles/208438-connecter-dext-a-loop-par-api","https://www.connect-compta.fr/#annuaire","Connect Dext to Cegid Loop by API to sync and publish entries. Also listed in connect-compta (direct connection)."
"FR","payables","libeo","cegid-loop","important","directory","api","","https://libeo.io/integrations/cegid-loop","https://www.connect-compta.fr/#annuaire","Documents and accounting entries are sent by API into Cegid Loop. Also listed in connect-compta (direct connection)."
"FR","payables","candis","cegid-loop","important","not_found","","","","",""
"FR","payables","getmyinvoices","cegid-loop","important","not_found","","","","",""
"FR","payables","klippa","cegid-loop","important","not_found","","","","",""
"FR","payables","yooz","cegid-loop","important","directory","api","","https://www.getyooz.com/wp-content/uploads/Yooz-Infographie-Cegid-Loop.pdf","https://www.connect-compta.fr/#annuaire","API Cegid Loop, native Yooz connector. Also listed in connect-compta (direct connection)."
"FR","payables","chaintrust","cegid-loop","important","directory","file_export","","https://www.chaintrust.io/blog/actualites/integration-logiciels-comptables-avec-chaintrust/","https://www.connect-compta.fr/#annuaire","Compatible via manual import of entries file. Also listed in connect-compta (direct connection)."
"FR","invoicing","billit","cegid-loop","important","not_found","","","","",""
"FR","invoicing","teamleader","cegid-loop","important","declared","unknown","","https://www.teamleader.eu/fr/solutions/integrations","","Page names ""Cégid"" without the product. Named in Teamleader Orbit tools list (FR page)"
"FR","invoicing","sellsy","cegid-loop","important","directory","via_partner","yes","https://help.sellsy.com/fr/articles/15477351-connecter-sellsy-et-cegid-loop","https://www.connect-compta.fr/#annuaire","via Chift: activation link marketplaces.chift.app/fr/sellsy/apps/8011. Also listed in connect-compta (connection through Chift)."
"FR","invoicing","axonaut","cegid-loop","important","directory","api","yes","https://axonaut.com/blog/axonaut-cegid/","https://www.connect-compta.fr/#annuaire","'intégration directe avec les logiciels comptables de Cegid (Loop et Quadra Plus)'. Also listed in connect-compta (connection through Chift)."
"FR","pos","sumup","cegid-loop","important","directory","via_partner","yes","https://www.connect-compta.fr/#annuaire","https://www.connect-compta.fr/#annuaire","connect-compta, Chift's directory, lists a connection through Chift."
"FR","pos","lightspeed","cegid-loop","important","declared","via_partner","yes","https://www.lightspeedhq.com/uk/integrations/chift/","","Page names ""Cegid"" without the product. Sage, Cegid, Pennylane, Inqom, MyUnisoft use Chift for Lightspeed"
"FR","pos","mollie","cegid-loop","important","not_found","","","","",""
"FR","pos","gocardless","cegid-loop","important","not_found","","","","",""
"FR","pos","payplug","cegid-loop","important","not_found","","","","",""
"FR","pos","zettle","cegid-loop","important","not_found","","","","",""
"FR","hr","payfit","cegid-loop","important","not_found","","","","",""
"FR","hr","lucca","cegid-loop","important","directory","via_partner","yes","https://support.luccasoftware.com/s/article/Cr%C3%A9er-une-connexion-API?language=fr","https://www.connect-compta.fr/#annuaire","API connection for accounting entries; setup guide hosted on help.chift.app (Chift). Also listed in connect-compta (connection through Chift)."
"FR","hr","skello","cegid-loop","important","not_found","","","","",""
"FR","hr","combo","cegid-loop","important","not_found","","","","",""
"FR","construction","vertuoza","cegid-loop","important","directory","api","yes","https://intercom-help.eu/vertuoza/fr/articles/522531-synchronisation-comptable-vue-d-ensemble","https://www.connect-compta.fr/#annuaire","Compatible-software table: sales and purchase send; no purchase retrieval. Also listed in connect-compta (connection through Chift)."
"FR","construction","graneet","cegid-loop","important","directory","via_partner","yes","https://help.graneet.fr/fr/articles/769665-integration-api-graneet-x-cegid-loop","https://www.connect-compta.fr/#annuaire","API integration; setup procedure links to Chift help center. Also listed in connect-compta (connection through Chift)."
"FR","construction","obat","cegid-loop","important","directory","via_partner","yes","https://aide.obat.fr/obat-chift-la-solution-incontournable-pour-la-comptabilit%C3%A9-des-entreprises-du-b%C3%A2timent","https://www.connect-compta.fr/#annuaire","Listed as software supported through the Chift integration. Also listed in connect-compta (connection through Chift)."
"FR","invoicing","abby","cegid-loop","important","not_found","","","","",""
"FR","vertical","boondmanager","cegid-loop","important","not_found","","","","",""
"FR","vertical","dashdoc","cegid-loop","important","not_found","","","","",""
"FR","invoicing","dolibarr","cegid-loop","important","not_found","","","","",""
"FR","invoicing","ebp-gescom","cegid-loop","important","directory","api","","https://www.connect-compta.fr/#annuaire","https://www.connect-compta.fr/#annuaire","connect-compta, Chift's directory, lists a direct connection."
"FR","invoicing","evoliz","cegid-loop","important","not_found","","","","",""
"FR","payables","facnote","cegid-loop","important","not_found","","","","",""
"FR","invoicing","factomos","cegid-loop","important","not_found","","","","",""
"FR","invoicing","henrri","cegid-loop","important","not_found","","","","",""
"FR","invoicing","jefacture-com","cegid-loop","important","not_found","","","","",""
"FR","invoicing","kolecto","cegid-loop","important","directory","via_partner","yes","https://www.connect-compta.fr/#annuaire","https://www.connect-compta.fr/#annuaire","connect-compta, Chift's directory, lists a connection through Chift."
"FR","construction","organilog","cegid-loop","important","directory","via_partner","yes","https://www.connect-compta.fr/#annuaire","https://www.connect-compta.fr/#annuaire","connect-compta, Chift's directory, lists a connection through Chift."
"FR","invoicing","sage-100-gestion-commerciale","cegid-loop","important","not_found","","","","",""
"FR","invoicing","seqino","cegid-loop","important","directory","via_partner","yes","https://www.connect-compta.fr/#annuaire","https://www.connect-compta.fr/#annuaire","connect-compta, Chift's directory, lists a connection through Chift."
"FR","invoicing","toolcie","cegid-loop","important","not_found","","","","",""
"FR","invoicing","vosfactures","cegid-loop","important","not_found","","","","",""
"FR","construction","costructor","cegid-loop","important","directory","via_partner","yes","https://www.connect-compta.fr/#annuaire","https://www.connect-compta.fr/#annuaire","connect-compta, Chift's directory, lists a connection through Chift."
"FR","construction","progbat","cegid-loop","important","directory","via_partner","yes","https://www.connect-compta.fr/#annuaire","https://www.connect-compta.fr/#annuaire","connect-compta, Chift's directory, lists a connection through Chift."
"FR","vertical","digiforma","cegid-loop","important","directory","via_partner","yes","https://www.connect-compta.fr/#annuaire","https://www.connect-compta.fr/#annuaire","connect-compta, Chift's directory, lists a connection through Chift."
"FR","payables","ipaidthat","cegid-loop","important","not_found","","","","",""
"FR","invoicing","meg","cegid-loop","important","not_found","","","","",""
"FR","invoicing","zoho","cegid-loop","important","not_found","","","","",""
"FR","invoicing","team-system-facture","cegid-loop","important","not_found","","","","",""
"FR","invoicing","teledec","cegid-loop","important","not_found","","","","",""
"FR","vertical","sinari","cegid-loop","important","not_found","","","","",""
"FR","invoicing","infast","cegid-loop","important","not_found","","","","",""
"FR","invoicing","freebe","cegid-loop","important","not_found","","","","",""
"FR","invoicing","invoicing-plus","cegid-loop","important","not_found","","","","",""
"FR","vertical","menlog","cegid-loop","important","directory","api","","https://www.connect-compta.fr/#annuaire","https://www.connect-compta.fr/#annuaire","connect-compta, Chift's directory, lists a direct connection."
"FR","vertical","gestav","cegid-loop","important","not_found","","","","",""
"FR","vertical","sufatech","cegid-loop","important","not_found","","","","",""
"FR","invoicing","septeo","cegid-loop","important","directory","api","","https://www.connect-compta.fr/#annuaire","https://www.connect-compta.fr/#annuaire","connect-compta, Chift's directory, lists a direct connection."
"FR","construction","kalitics","cegid-loop","important","not_found","","","","",""
"FR","payables","weinvoice-by-weproc","cegid-loop","important","directory","api","","https://www.connect-compta.fr/#annuaire","https://www.connect-compta.fr/#annuaire","connect-compta, Chift's directory, lists a direct connection."
"FR","vertical","isaeta","cegid-loop","important","not_found","","","","",""
"FR","vertical","isavigne","cegid-loop","important","not_found","","","","",""
"FR","vertical","wineriz","cegid-loop","important","directory","api","","https://www.connect-compta.fr/#annuaire","https://www.connect-compta.fr/#annuaire","connect-compta, Chift's directory, lists a direct connection."
"FR","payables","open-bee","cegid-loop","important","not_found","","","","",""
"FR","vertical","manerty","cegid-loop","important","directory","via_partner","yes","https://www.connect-compta.fr/#annuaire","https://www.connect-compta.fr/#annuaire","connect-compta, Chift's directory, lists a connection through Chift."
"FR","pos","abill","cegid-loop","important","directory","via_partner","yes","https://www.connect-compta.fr/#annuaire","https://www.connect-compta.fr/#annuaire","connect-compta, Chift's directory, lists a connection through Chift."
"FR","pos","addictill","cegid-loop","important","directory","via_partner","yes","https://www.connect-compta.fr/#annuaire","https://www.connect-compta.fr/#annuaire","connect-compta, Chift's directory, lists a connection through Chift."
"FR","pos","apitic","cegid-loop","important","not_found","","","","",""
"FR","pos","atilla","cegid-loop","important","directory","via_partner","yes","https://www.connect-compta.fr/#annuaire","https://www.connect-compta.fr/#annuaire","connect-compta, Chift's directory, lists a connection through Chift."
"FR","pos","bdp","cegid-loop","important","not_found","","","","",""
"FR","pos","carrepos","cegid-loop","important","directory","via_partner","yes","https://www.connect-compta.fr/#annuaire","https://www.connect-compta.fr/#annuaire","connect-compta, Chift's directory, lists a connection through Chift."
"FR","pos","cashmag","cegid-loop","important","directory","via_partner","yes","https://www.connect-compta.fr/#annuaire","https://www.connect-compta.fr/#annuaire","connect-compta, Chift's directory, lists a connection through Chift."
"FR","pos","cashpad","cegid-loop","important","directory","via_partner","yes","https://www.connect-compta.fr/#annuaire","https://www.connect-compta.fr/#annuaire","connect-compta, Chift's directory, lists a connection through Chift."
"FR","pos","cegid-retail","cegid-loop","important","not_found","","","","",""
"FR","pos","clyo-systems","cegid-loop","important","directory","via_partner","yes","https://www.connect-compta.fr/#annuaire","https://www.connect-compta.fr/#annuaire","connect-compta, Chift's directory, lists a connection through Chift."
"FR","pos","connectill","cegid-loop","important","directory","via_partner","yes","https://www.connect-compta.fr/#annuaire","https://www.connect-compta.fr/#annuaire","connect-compta, Chift's directory, lists a connection through Chift."
"FR","pos","fastmag","cegid-loop","important","directory","via_partner","yes","https://www.connect-compta.fr/#annuaire","https://www.connect-compta.fr/#annuaire","connect-compta, Chift's directory, lists a connection through Chift."
"FR","pos","fulleapps","cegid-loop","important","directory","via_partner","yes","https://www.connect-compta.fr/#annuaire","https://www.connect-compta.fr/#annuaire","connect-compta, Chift's directory, lists a connection through Chift."
"FR","pos","hellocash","cegid-loop","important","directory","via_partner","yes","https://www.connect-compta.fr/#annuaire","https://www.connect-compta.fr/#annuaire","connect-compta, Chift's directory, lists a connection through Chift."
"FR","pos","hiboutik","cegid-loop","important","directory","via_partner","yes","https://www.connect-compta.fr/#annuaire","https://www.connect-compta.fr/#annuaire","connect-compta, Chift's directory, lists a connection through Chift."
"FR","pos","innovorder","cegid-loop","important","directory","via_partner","yes","https://www.connect-compta.fr/#annuaire","https://www.connect-compta.fr/#annuaire","connect-compta, Chift's directory, lists a connection through Chift."
"FR","pos","jalia-jdc","cegid-loop","important","directory","via_partner","yes","https://www.connect-compta.fr/#annuaire","https://www.connect-compta.fr/#annuaire","connect-compta, Chift's directory, lists a connection through Chift."
"FR","pos","l-addition","cegid-loop","important","directory","via_partner","yes","https://www.connect-compta.fr/#annuaire","https://www.connect-compta.fr/#annuaire","connect-compta, Chift's directory, lists a connection through Chift."
"FR","pos","last-app","cegid-loop","important","not_found","","","","",""
"FR","pos","leo2","cegid-loop","important","directory","via_partner","yes","https://www.connect-compta.fr/#annuaire","https://www.connect-compta.fr/#annuaire","connect-compta, Chift's directory, lists a connection through Chift."
"FR","pos","pi-electronique","cegid-loop","important","directory","via_partner","yes","https://www.connect-compta.fr/#annuaire","https://www.connect-compta.fr/#annuaire","connect-compta, Chift's directory, lists a connection through Chift."
"FR","pos","planity","cegid-loop","important","directory","via_partner","yes","https://www.connect-compta.fr/#annuaire","https://www.connect-compta.fr/#annuaire","connect-compta, Chift's directory, lists a connection through Chift."
"FR","pos","popina","cegid-loop","important","directory","via_partner","yes","https://www.connect-compta.fr/#annuaire","https://www.connect-compta.fr/#annuaire","connect-compta, Chift's directory, lists a connection through Chift."
"FR","pos","restomax","cegid-loop","important","directory","via_partner","yes","https://www.connect-compta.fr/#annuaire","https://www.connect-compta.fr/#annuaire","connect-compta, Chift's directory, lists a connection through Chift."
"FR","pos","shopcaisse","cegid-loop","important","directory","via_partner","yes","https://www.connect-compta.fr/#annuaire","https://www.connect-compta.fr/#annuaire","connect-compta, Chift's directory, lists a connection through Chift."
"FR","pos","shopify-pos","cegid-loop","important","not_found","","","","",""
"FR","pos","simphony","cegid-loop","important","not_found","","","","",""
"FR","pos","square","cegid-loop","important","not_found","","","","",""
"FR","pos","synapsy","cegid-loop","important","directory","via_partner","yes","https://www.connect-compta.fr/#annuaire","https://www.connect-compta.fr/#annuaire","connect-compta, Chift's directory, lists a connection through Chift."
"FR","pos","tactilpad","cegid-loop","important","directory","via_partner","yes","https://www.connect-compta.fr/#annuaire","https://www.connect-compta.fr/#annuaire","connect-compta, Chift's directory, lists a connection through Chift."
"FR","pos","tiller","cegid-loop","important","not_found","","","","",""
"FR","pos","toporder-mypos-cash-register","cegid-loop","important","not_found","","","","",""
"FR","pos","trivec","cegid-loop","important","directory","via_partner","yes","https://www.connect-compta.fr/#annuaire","https://www.connect-compta.fr/#annuaire","connect-compta, Chift's directory, lists a connection through Chift."
"FR","pos","zelty","cegid-loop","important","directory","via_partner","yes","https://www.connect-compta.fr/#annuaire","https://www.connect-compta.fr/#annuaire","connect-compta, Chift's directory, lists a connection through Chift."
"FR","pos","biborne","cegid-loop","important","not_found","","","","",""
"FR","pos","breeze-pos","cegid-loop","important","not_found","","","","",""
"FR","pos","caisse-enregistreuse-fr-kash-click","cegid-loop","important","not_found","","","","",""
"FR","pos","cash-systemes-industrie","cegid-loop","important","not_found","","","","",""
"FR","pos","clictill","cegid-loop","important","not_found","","","","",""
"FR","pos","force7-by-cashmag","cegid-loop","important","not_found","","","","",""
"FR","pos","genius-by-neosystems","cegid-loop","important","not_found","","","","",""
"FR","pos","hairnet-by-cashmag","cegid-loop","important","not_found","","","","",""
"FR","pos","jdc-caisse-et-monetique-sans-bo","cegid-loop","important","not_found","","","","",""
"FR","pos","kerawen","cegid-loop","important","not_found","","","","",""
"FR","pos","kezia-ii-by-jdc","cegid-loop","important","not_found","","","","",""
"FR","pos","kwisatz","cegid-loop","important","not_found","","","","",""
"FR","pos","locatouch","cegid-loop","important","not_found","","","","",""
"FR","pos","ls-coiffure-bu-cashmag","cegid-loop","important","not_found","","","","",""
"FR","pos","macxiphone","cegid-loop","important","not_found","","","","",""
"FR","pos","neosystems","cegid-loop","important","not_found","","","","",""
"FR","pos","nova-by-jdc","cegid-loop","important","not_found","","","","",""
"FR","pos","one-touch-encaissement","cegid-loop","important","not_found","","","","",""
"FR","pos","rezomatic-tgm-commerce","cegid-loop","important","not_found","","","","",""
"FR","pos","popina-k-by-jdc","cegid-loop","important","not_found","","","","",""
"FR","pos","smart-caisse","cegid-loop","important","not_found","","","","",""
"FR","pos","solumag-easycommerce-et-sydevcamp","cegid-loop","important","not_found","","","","",""
"FR","pos","solutions-pdv","cegid-loop","important","not_found","","","","",""
"FR","pos","sora","cegid-loop","important","not_found","","","","",""
"FR","pos","synergie-73-informatique","cegid-loop","important","not_found","","","","",""
"FR","pos","weshop","cegid-loop","important","not_found","","","","",""
"FR","pos","crisalid","cegid-loop","important","not_found","","","","",""
"FR","expense","pleo","myunisoft","secondary","confirmed","unknown","","https://myu.fr/editeurs-partenaires/leo-gestion-depenses/","https://myu.fr/editeurs-partenaires/leo-gestion-depenses/","Listed by the accounting software: Page 'Partenaire Pleo : banque, OCR et notes de frais'"
"FR","expense","spendesk","myunisoft","secondary","not_found","","","","",""
"FR","expense","payhawk","myunisoft","secondary","not_found","","","","",""
"FR","expense","mooncard","myunisoft","secondary","not_found","","","","",""
"FR","expense","n2f","myunisoft","secondary","confirmed","api","","https://www.n2f.com/fr/nos-integrations/myunisoft/","https://myu.fr/editeurs-partenaires/n2f/","Dedicated page 'N2F integrates with MyUnisoft'; mechanism not described. Also listed in connect-compta (direct connection)."
"FR","expense","expensya","myunisoft","secondary","not_found","","","","",""
"FR","expense","jenji","myunisoft","secondary","not_found","","","","",""
"FR","expense","moss","myunisoft","secondary","not_found","","","","",""
"FR","banking","qonto","myunisoft","secondary","directory","api","","https://qonto.com/fr/accountants/integrations/myunisoft","https://www.connect-compta.fr/#annuaire","Regate by Qonto API pushes journals to MyUnisoft daily. Also listed in connect-compta (direct connection)."
"FR","banking","shine","myunisoft","secondary","declared","via_partner","","https://www.shine.fr/integrations-comptables/","","Listed as: Transactions - via Jedeclare, TransfertBANQUE"
"FR","banking","finom","myunisoft","secondary","declared","unknown","","https://finom.co/fr-fr/integrations/","","Listed under ""Intégrations"" on Finom's French integrations page (read 2026-10-02 in a browser); no mechanism stated."
"FR","banking","memo-bank","myunisoft","secondary","declared","via_partner","","https://memo.bank/produit/integrations/","","Listed with connector: Jedeclare.com (third-party aggregator)"
"FR","banking","revolut-business","myunisoft","secondary","not_found","","","","",""
"FR","banking","bunq","myunisoft","secondary","not_found","","","","",""
"FR","banking","tide","myunisoft","secondary","not_found","","","","",""
"FR","banking","holvi","myunisoft","secondary","not_found","","","","",""
"FR","cash","agicap","myunisoft","secondary","directory","via_partner","yes","https://www.connect-compta.fr/#annuaire","https://www.connect-compta.fr/#annuaire","connect-compta, Chift's directory, lists a connection through Chift."
"FR","cash","fygr","myunisoft","secondary","declared","api","","https://help.okimia.com/fr/articles/8831851-comment-fonctionne-l-integration-entre-okimia-et-myunisoft","","MyUnisoft API key pasted in Okimia; syncs 512/411/401"
"FR","cash","trezy","myunisoft","secondary","not_found","","","","",""
"FR","payables","dext","myunisoft","secondary","directory","api","","https://dext.com/fr/ressources/export-comptable-et-integration/myunisoft","https://www.connect-compta.fr/#annuaire","Direct API connection: publish entries directly to MyUnisoft. Also listed in connect-compta (direct connection)."
"FR","payables","libeo","myunisoft","secondary","directory","api","yes","https://libeo.io/integrations/myunisoft","https://www.connect-compta.fr/#annuaire","Documents and accounting entries are sent by API into MyUnisoft. Also listed in connect-compta (connection through Chift)."
"FR","payables","candis","myunisoft","secondary","not_found","","","","",""
"FR","payables","getmyinvoices","myunisoft","secondary","not_found","","","","",""
"FR","payables","klippa","myunisoft","secondary","not_found","","","","",""
"FR","payables","yooz","myunisoft","secondary","directory","api","","https://www.getyooz.com/wp-content/uploads/Yooz-Infographie-MyUnisoft-FR-1.pdf","https://www.connect-compta.fr/#annuaire","Bidirectional connector, native MyUnisoft & Yooz integration. Also listed in connect-compta (direct connection)."
"FR","payables","chaintrust","myunisoft","secondary","directory","api","","https://www.chaintrust.io/blog/actualites/integration-logiciels-comptables-avec-chaintrust/","https://www.connect-compta.fr/#annuaire","Listed under software currently connected via API. Also listed in connect-compta (direct connection)."
"FR","invoicing","billit","myunisoft","secondary","not_found","","","","",""
"FR","invoicing","teamleader","myunisoft","secondary","not_found","","","","",""
"FR","invoicing","sellsy","myunisoft","secondary","directory","via_partner","yes","https://help.sellsy.com/fr/articles/15478608-connecter-sellsy-et-myunisoft","https://www.connect-compta.fr/#annuaire","via Chift: 'Vous serez redirigé vers l'interface sécurisée Chift'. Also listed in connect-compta (connection through Chift)."
"FR","invoicing","axonaut","myunisoft","secondary","directory","api","yes","https://axonaut.com/blog/axonaut-myunisoft/","https://www.connect-compta.fr/#annuaire","Connect MyUnisoft in accounting portal with folder name and API key. Also listed in connect-compta (connection through Chift)."
"FR","pos","sumup","myunisoft","secondary","directory","via_partner","yes","https://www.connect-compta.fr/#annuaire","https://www.connect-compta.fr/#annuaire","connect-compta, Chift's directory, lists a connection through Chift."
"FR","pos","lightspeed","myunisoft","secondary","directory","via_partner","yes","https://www.lightspeedhq.fr/integrations/chift/","https://www.connect-compta.fr/#annuaire","Chift connecte Lightspeed à Pennylane, MyUnisoft, Sage. Also listed in connect-compta (connection through Chift)."
"FR","pos","mollie","myunisoft","secondary","not_found","","","","",""
"FR","pos","gocardless","myunisoft","secondary","not_found","","","","",""
"FR","pos","payplug","myunisoft","secondary","not_found","","","","",""
"FR","pos","zettle","myunisoft","secondary","directory","via_partner","yes","https://www.connect-compta.fr/#annuaire","https://www.connect-compta.fr/#annuaire","connect-compta, Chift's directory, lists a connection through Chift."
"FR","hr","payfit","myunisoft","secondary","not_found","","","","",""
"FR","hr","lucca","myunisoft","secondary","directory","via_partner","yes","https://support.luccasoftware.com/s/article/Cr%C3%A9er-une-connexion-API?language=fr","https://www.connect-compta.fr/#annuaire","API connection for accounting entries; setup guide hosted on help.chift.app (Chift). Also listed in connect-compta (connection through Chift)."
"FR","hr","skello","myunisoft","secondary","not_found","","","","",""
"FR","hr","combo","myunisoft","secondary","not_found","","","","",""
"FR","construction","vertuoza","myunisoft","secondary","directory","api","yes","https://intercom-help.eu/vertuoza/fr/articles/522531-synchronisation-comptable-vue-d-ensemble","https://www.connect-compta.fr/#annuaire","Compatible-software table: sales and purchase send; no purchase retrieval. Also listed in connect-compta (connection through Chift)."
"FR","construction","graneet","myunisoft","secondary","directory","via_partner","yes","https://help.graneet.fr/fr/articles/769641-connexion-api-graneet-x-myunisoft","https://www.connect-compta.fr/#annuaire","API connection; setup procedure links to Chift help center. Also listed in connect-compta (connection through Chift)."
"FR","construction","obat","myunisoft","secondary","directory","via_partner","yes","https://aide.obat.fr/obat-chift-la-solution-incontournable-pour-la-comptabilit%C3%A9-des-entreprises-du-b%C3%A2timent","https://www.connect-compta.fr/#annuaire","Listed as software supported through the Chift integration. Also listed in connect-compta (connection through Chift)."
"FR","invoicing","abby","myunisoft","secondary","not_found","","","","",""
"FR","vertical","boondmanager","myunisoft","secondary","directory","api","","https://www.connect-compta.fr/#annuaire","https://www.connect-compta.fr/#annuaire","connect-compta, Chift's directory, lists a direct connection."
"FR","vertical","dashdoc","myunisoft","secondary","not_found","","","","",""
"FR","invoicing","dolibarr","myunisoft","secondary","directory","api","","https://www.connect-compta.fr/#annuaire","https://www.connect-compta.fr/#annuaire","connect-compta, Chift's directory, lists a direct connection."
"FR","invoicing","ebp-gescom","myunisoft","secondary","directory","api","","https://www.connect-compta.fr/#annuaire","https://www.connect-compta.fr/#annuaire","connect-compta, Chift's directory, lists a direct connection."
"FR","invoicing","evoliz","myunisoft","secondary","directory","api","","https://www.connect-compta.fr/#annuaire","https://www.connect-compta.fr/#annuaire","connect-compta, Chift's directory, lists a built-in connection (same vendor)."
"FR","payables","facnote","myunisoft","secondary","not_found","","","","",""
"FR","invoicing","factomos","myunisoft","secondary","not_found","","","","",""
"FR","invoicing","henrri","myunisoft","secondary","not_found","","","","",""
"FR","invoicing","jefacture-com","myunisoft","secondary","directory","api","","https://www.connect-compta.fr/#annuaire","https://www.connect-compta.fr/#annuaire","connect-compta, Chift's directory, lists a direct connection."
"FR","invoicing","kolecto","myunisoft","secondary","directory","via_partner","yes","https://www.connect-compta.fr/#annuaire","https://www.connect-compta.fr/#annuaire","connect-compta, Chift's directory, lists a connection through Chift."
"FR","construction","organilog","myunisoft","secondary","directory","via_partner","yes","https://www.connect-compta.fr/#annuaire","https://www.connect-compta.fr/#annuaire","connect-compta, Chift's directory, lists a connection through Chift."
"FR","invoicing","sage-100-gestion-commerciale","myunisoft","secondary","not_found","","","","",""
"FR","invoicing","seqino","myunisoft","secondary","directory","via_partner","yes","https://www.connect-compta.fr/#annuaire","https://www.connect-compta.fr/#annuaire","connect-compta, Chift's directory, lists a connection through Chift."
"FR","invoicing","toolcie","myunisoft","secondary","not_found","","","","",""
"FR","invoicing","vosfactures","myunisoft","secondary","not_found","","","","",""
"FR","construction","costructor","myunisoft","secondary","directory","via_partner","yes","https://www.connect-compta.fr/#annuaire","https://www.connect-compta.fr/#annuaire","connect-compta, Chift's directory, lists a connection through Chift."
"FR","construction","progbat","myunisoft","secondary","directory","via_partner","yes","https://www.connect-compta.fr/#annuaire","https://www.connect-compta.fr/#annuaire","connect-compta, Chift's directory, lists a connection through Chift."
"FR","vertical","digiforma","myunisoft","secondary","directory","via_partner","yes","https://www.connect-compta.fr/#annuaire","https://www.connect-compta.fr/#annuaire","connect-compta, Chift's directory, lists a connection through Chift."
"FR","payables","ipaidthat","myunisoft","secondary","directory","api","","https://www.connect-compta.fr/#annuaire","https://www.connect-compta.fr/#annuaire","connect-compta, Chift's directory, lists a direct connection."
"FR","invoicing","meg","myunisoft","secondary","directory","api","","https://www.connect-compta.fr/#annuaire","https://www.connect-compta.fr/#annuaire","connect-compta, Chift's directory, lists a direct connection."
"FR","invoicing","zoho","myunisoft","secondary","not_found","","","","",""
"FR","invoicing","team-system-facture","myunisoft","secondary","not_found","","","","",""
"FR","invoicing","teledec","myunisoft","secondary","not_found","","","","",""
"FR","vertical","sinari","myunisoft","secondary","not_found","","","","",""
"FR","invoicing","infast","myunisoft","secondary","directory","api","","https://www.connect-compta.fr/#annuaire","https://www.connect-compta.fr/#annuaire","connect-compta, Chift's directory, lists a direct connection."
"FR","invoicing","freebe","myunisoft","secondary","not_found","","","","",""
"FR","invoicing","invoicing-plus","myunisoft","secondary","directory","api","","https://www.connect-compta.fr/#annuaire","https://www.connect-compta.fr/#annuaire","connect-compta, Chift's directory, lists a direct connection."
"FR","vertical","menlog","myunisoft","secondary","not_found","","","","",""
"FR","vertical","gestav","myunisoft","secondary","not_found","","","","",""
"FR","vertical","sufatech","myunisoft","secondary","not_found","","","","",""
"FR","invoicing","septeo","myunisoft","secondary","directory","api","","https://www.connect-compta.fr/#annuaire","https://www.connect-compta.fr/#annuaire","connect-compta, Chift's directory, lists a direct connection."
"FR","construction","kalitics","myunisoft","secondary","not_found","","","","",""
"FR","payables","weinvoice-by-weproc","myunisoft","secondary","directory","api","","https://www.connect-compta.fr/#annuaire","https://www.connect-compta.fr/#annuaire","connect-compta, Chift's directory, lists a direct connection."
"FR","vertical","isaeta","myunisoft","secondary","not_found","","","","",""
"FR","vertical","isavigne","myunisoft","secondary","not_found","","","","",""
"FR","vertical","wineriz","myunisoft","secondary","not_found","","","","",""
"FR","payables","open-bee","myunisoft","secondary","not_found","","","","",""
"FR","vertical","manerty","myunisoft","secondary","directory","via_partner","yes","https://www.connect-compta.fr/#annuaire","https://www.connect-compta.fr/#annuaire","connect-compta, Chift's directory, lists a connection through Chift."
"FR","pos","abill","myunisoft","secondary","directory","via_partner","yes","https://www.connect-compta.fr/#annuaire","https://www.connect-compta.fr/#annuaire","connect-compta, Chift's directory, lists a connection through Chift."
"FR","pos","addictill","myunisoft","secondary","directory","via_partner","yes","https://www.connect-compta.fr/#annuaire","https://www.connect-compta.fr/#annuaire","connect-compta, Chift's directory, lists a connection through Chift."
"FR","pos","apitic","myunisoft","secondary","not_found","","","","",""
"FR","pos","atilla","myunisoft","secondary","directory","via_partner","yes","https://www.connect-compta.fr/#annuaire","https://www.connect-compta.fr/#annuaire","connect-compta, Chift's directory, lists a connection through Chift."
"FR","pos","bdp","myunisoft","secondary","not_found","","","","",""
"FR","pos","carrepos","myunisoft","secondary","directory","via_partner","yes","https://www.connect-compta.fr/#annuaire","https://www.connect-compta.fr/#annuaire","connect-compta, Chift's directory, lists a connection through Chift."
"FR","pos","cashmag","myunisoft","secondary","directory","via_partner","yes","https://www.connect-compta.fr/#annuaire","https://www.connect-compta.fr/#annuaire","connect-compta, Chift's directory, lists a connection through Chift."
"FR","pos","cashpad","myunisoft","secondary","directory","via_partner","yes","https://www.connect-compta.fr/#annuaire","https://www.connect-compta.fr/#annuaire","connect-compta, Chift's directory, lists a connection through Chift."
"FR","pos","cegid-retail","myunisoft","secondary","not_found","","","","",""
"FR","pos","clyo-systems","myunisoft","secondary","directory","via_partner","yes","https://www.connect-compta.fr/#annuaire","https://www.connect-compta.fr/#annuaire","connect-compta, Chift's directory, lists a connection through Chift."
"FR","pos","connectill","myunisoft","secondary","directory","via_partner","yes","https://www.connect-compta.fr/#annuaire","https://www.connect-compta.fr/#annuaire","connect-compta, Chift's directory, lists a connection through Chift."
"FR","pos","fastmag","myunisoft","secondary","directory","via_partner","yes","https://www.connect-compta.fr/#annuaire","https://www.connect-compta.fr/#annuaire","connect-compta, Chift's directory, lists a connection through Chift."
"FR","pos","fulleapps","myunisoft","secondary","directory","via_partner","yes","https://www.connect-compta.fr/#annuaire","https://www.connect-compta.fr/#annuaire","connect-compta, Chift's directory, lists a connection through Chift."
"FR","pos","hellocash","myunisoft","secondary","directory","via_partner","yes","https://www.connect-compta.fr/#annuaire","https://www.connect-compta.fr/#annuaire","connect-compta, Chift's directory, lists a connection through Chift."
"FR","pos","hiboutik","myunisoft","secondary","directory","via_partner","yes","https://www.connect-compta.fr/#annuaire","https://www.connect-compta.fr/#annuaire","connect-compta, Chift's directory, lists a connection through Chift."
"FR","pos","innovorder","myunisoft","secondary","directory","via_partner","yes","https://www.connect-compta.fr/#annuaire","https://www.connect-compta.fr/#annuaire","connect-compta, Chift's directory, lists a connection through Chift."
"FR","pos","jalia-jdc","myunisoft","secondary","directory","via_partner","yes","https://www.connect-compta.fr/#annuaire","https://www.connect-compta.fr/#annuaire","connect-compta, Chift's directory, lists a connection through Chift."
"FR","pos","l-addition","myunisoft","secondary","directory","via_partner","yes","https://www.connect-compta.fr/#annuaire","https://www.connect-compta.fr/#annuaire","connect-compta, Chift's directory, lists a connection through Chift."
"FR","pos","last-app","myunisoft","secondary","directory","via_partner","yes","https://www.connect-compta.fr/#annuaire","https://www.connect-compta.fr/#annuaire","connect-compta, Chift's directory, lists a connection through Chift."
"FR","pos","leo2","myunisoft","secondary","directory","via_partner","yes","https://www.connect-compta.fr/#annuaire","https://www.connect-compta.fr/#annuaire","connect-compta, Chift's directory, lists a connection through Chift."
"FR","pos","pi-electronique","myunisoft","secondary","directory","via_partner","yes","https://www.connect-compta.fr/#annuaire","https://www.connect-compta.fr/#annuaire","connect-compta, Chift's directory, lists a connection through Chift."
"FR","pos","planity","myunisoft","secondary","directory","via_partner","yes","https://www.connect-compta.fr/#annuaire","https://www.connect-compta.fr/#annuaire","connect-compta, Chift's directory, lists a connection through Chift."
"FR","pos","popina","myunisoft","secondary","directory","via_partner","yes","https://www.connect-compta.fr/#annuaire","https://www.connect-compta.fr/#annuaire","connect-compta, Chift's directory, lists a connection through Chift."
"FR","pos","restomax","myunisoft","secondary","directory","via_partner","yes","https://www.connect-compta.fr/#annuaire","https://www.connect-compta.fr/#annuaire","connect-compta, Chift's directory, lists a connection through Chift."
"FR","pos","shopcaisse","myunisoft","secondary","directory","via_partner","yes","https://www.connect-compta.fr/#annuaire","https://www.connect-compta.fr/#annuaire","connect-compta, Chift's directory, lists a connection through Chift."
"FR","pos","shopify-pos","myunisoft","secondary","not_found","","","","",""
"FR","pos","simphony","myunisoft","secondary","directory","via_partner","yes","https://www.connect-compta.fr/#annuaire","https://www.connect-compta.fr/#annuaire","connect-compta, Chift's directory, lists a connection through Chift."
"FR","pos","square","myunisoft","secondary","directory","via_partner","yes","https://www.connect-compta.fr/#annuaire","https://www.connect-compta.fr/#annuaire","connect-compta, Chift's directory, lists a connection through Chift."
"FR","pos","synapsy","myunisoft","secondary","directory","via_partner","yes","https://www.connect-compta.fr/#annuaire","https://www.connect-compta.fr/#annuaire","connect-compta, Chift's directory, lists a connection through Chift."
"FR","pos","tactilpad","myunisoft","secondary","directory","via_partner","yes","https://www.connect-compta.fr/#annuaire","https://www.connect-compta.fr/#annuaire","connect-compta, Chift's directory, lists a connection through Chift."
"FR","pos","tiller","myunisoft","secondary","not_found","","","","",""
"FR","pos","toporder-mypos-cash-register","myunisoft","secondary","directory","via_partner","yes","https://www.connect-compta.fr/#annuaire","https://www.connect-compta.fr/#annuaire","connect-compta, Chift's directory, lists a connection through Chift."
"FR","pos","trivec","myunisoft","secondary","directory","via_partner","yes","https://www.connect-compta.fr/#annuaire","https://www.connect-compta.fr/#annuaire","connect-compta, Chift's directory, lists a connection through Chift."
"FR","pos","zelty","myunisoft","secondary","directory","via_partner","yes","https://www.connect-compta.fr/#annuaire","https://www.connect-compta.fr/#annuaire","connect-compta, Chift's directory, lists a connection through Chift."
"FR","pos","biborne","myunisoft","secondary","not_found","","","","",""
"FR","pos","breeze-pos","myunisoft","secondary","not_found","","","","",""
"FR","pos","caisse-enregistreuse-fr-kash-click","myunisoft","secondary","not_found","","","","",""
"FR","pos","cash-systemes-industrie","myunisoft","secondary","not_found","","","","",""
"FR","pos","clictill","myunisoft","secondary","not_found","","","","",""
"FR","pos","force7-by-cashmag","myunisoft","secondary","not_found","","","","",""
"FR","pos","genius-by-neosystems","myunisoft","secondary","not_found","","","","",""
"FR","pos","hairnet-by-cashmag","myunisoft","secondary","not_found","","","","",""
"FR","pos","jdc-caisse-et-monetique-sans-bo","myunisoft","secondary","not_found","","","","",""
"FR","pos","kerawen","myunisoft","secondary","not_found","","","","",""
"FR","pos","kezia-ii-by-jdc","myunisoft","secondary","not_found","","","","",""
"FR","pos","kwisatz","myunisoft","secondary","not_found","","","","",""
"FR","pos","locatouch","myunisoft","secondary","not_found","","","","",""
"FR","pos","ls-coiffure-bu-cashmag","myunisoft","secondary","not_found","","","","",""
"FR","pos","macxiphone","myunisoft","secondary","not_found","","","","",""
"FR","pos","neosystems","myunisoft","secondary","not_found","","","","",""
"FR","pos","nova-by-jdc","myunisoft","secondary","not_found","","","","",""
"FR","pos","one-touch-encaissement","myunisoft","secondary","not_found","","","","",""
"FR","pos","rezomatic-tgm-commerce","myunisoft","secondary","not_found","","","","",""
"FR","pos","popina-k-by-jdc","myunisoft","secondary","not_found","","","","",""
"FR","pos","smart-caisse","myunisoft","secondary","not_found","","","","",""
"FR","pos","solumag-easycommerce-et-sydevcamp","myunisoft","secondary","not_found","","","","",""
"FR","pos","solutions-pdv","myunisoft","secondary","not_found","","","","",""
"FR","pos","sora","myunisoft","secondary","not_found","","","","",""
"FR","pos","synergie-73-informatique","myunisoft","secondary","not_found","","","","",""
"FR","pos","weshop","myunisoft","secondary","not_found","","","","",""
"FR","pos","crisalid","myunisoft","secondary","not_found","","","","",""
"FR","expense","pleo","sage-50","secondary","declared","file_export","","https://www.pleo.io/en/integrations/sage-50","","Export your spending data to Sage 50 with our custom CSV template"
"FR","expense","spendesk","sage-50","secondary","declared","file_export","","https://helpcenter.spendesk.com/fr/articles/7669249-importer-votre-journal-d-achats-spendesk-dans-sage-100-spc-ou-sage-50","","Import Spendesk purchase journal into Sage 100 SPC or Sage 50"
"FR","expense","payhawk","sage-50","secondary","declared","file_export","","https://payhawk.com/integrations","","Card: predefined CSV/XLS export templates for Sage 50"
"FR","expense","mooncard","sage-50","secondary","declared","unknown","","https://www.mooncard.co/fr/integrations/ciel","","payment data pushed as pre-filled accounting entries; mechanism not described"
"FR","expense","n2f","sage-50","secondary","not_found","","","","",""
"FR","expense","expensya","sage-50","secondary","declared","file_export","","https://www.expensya.com/fr/solutions/integrations/","","""modèles d'exportation CSV/XLS prédéfinis"" for Sage solutions"
"FR","expense","jenji","sage-50","secondary","declared","unknown","","https://www.jenji.io/fr/integrations/erp-comptabilite-finance","","Logo in 'ERP & Comptabilité' grid; connector type not specified per software"
"FR","expense","moss","sage-50","secondary","declared","file_export","","https://www.getmoss.com/integrations/sage","","Moss supports Sage 50 and Sage 200 through configurable CSV templates"
"FR","banking","qonto","sage-50","secondary","declared","via_partner","","https://qonto.com/fr/integrations/sage-ciel-jedeclare","","EBICS link through jedeclare.com (third party)"
"FR","banking","shine","sage-50","secondary","declared","via_partner","","https://www.shine.fr/integrations-comptables/","","Listed as: Transactions - via Bridge, TransfertBANQUE"
"FR","banking","finom","sage-50","secondary","not_found","","","","",""
"FR","banking","memo-bank","sage-50","secondary","declared","api","","https://memo.bank/produit/integrations/","","Listed with connector: EBICS (direct EBICS TS connection)"
"FR","banking","revolut-business","sage-50","secondary","declared","unknown","","https://www.revolut.com/business/integrations/","","Sage 50 Accounts listed among integrations."
"FR","banking","bunq","sage-50","secondary","not_found","","","","",""
"FR","banking","tide","sage-50","secondary","declared","unknown","","https://www.tide.co/help-centre/tide-accounting-integrations/","","Page names ""Sage Accounting"" without the product. Connects via Open Banking bank feed, daily transaction import"
"FR","banking","holvi","sage-50","secondary","not_found","","","","",""
"FR","cash","agicap","sage-50","secondary","declared","unknown","","https://agicap.com/de/unsere-integrationen/","","Listed under ERP & Buchhaltung, no mechanism"
"FR","cash","fygr","sage-50","secondary","not_found","","","","",""
"FR","cash","trezy","sage-50","secondary","not_found","","","","",""
"FR","payables","dext","sage-50","secondary","declared","api","","https://help.dext.com/en/articles/105795-how-to-connect-dext-to-sage-50-uk","","Connects to Sage 50 UK through the Dext Connect App"
"FR","payables","libeo","sage-50","secondary","declared","file_export","","https://help.libeo.io/fr/articles/6680551-sage-50-ciel-exporter-mes-ecritures-comptables","","Export entries with the Sage 50 template, import into Sage 50"
"FR","payables","candis","sage-50","secondary","not_found","","","","",""
"FR","payables","getmyinvoices","sage-50","secondary","not_found","","","","",""
"FR","payables","klippa","sage-50","secondary","not_found","","","","",""
"FR","payables","yooz","sage-50","secondary","declared","api","","https://www.getyooz.com/wp-content/uploads/Yooz-Infographic-Sage-50-UK.pdf","","Connector with Sage 50 (UK); native connector Sage 50 Contaplus (ES)"
"FR","payables","chaintrust","sage-50","secondary","declared","file_export","","https://www.chaintrust.io/blog/actualites/integration-logiciels-comptables-avec-chaintrust/","","Manual import file; attachments not transferred"
"FR","invoicing","billit","sage-50","secondary","not_found","","","","",""
"FR","invoicing","teamleader","sage-50","secondary","declared","via_partner","","https://marketplace.teamleader.eu/es/en/category/bookkeeping","","Marketplace app by AlcaTic (third party)"
"FR","invoicing","sellsy","sage-50","secondary","declared","via_partner","","https://go.sellsy.com/applications/edi-connect","","via EdiConnect: sync 'entre Sellsy et EBP, Sage 50, Sage 100 ou Sage 1000'"
"FR","invoicing","axonaut","sage-50","secondary","not_found","","","","",""
"FR","pos","sumup","sage-50","secondary","not_found","","","","",""
"FR","pos","lightspeed","sage-50","secondary","not_found","","","","",""
"FR","pos","mollie","sage-50","secondary","not_found","","","","",""
"FR","pos","gocardless","sage-50","secondary","declared","api","","https://gocardless.com/partners/sage50","","Automatic collection of Sage 50cloud invoices; FR page too"
"FR","pos","payplug","sage-50","secondary","not_found","","","","",""
"FR","pos","zettle","sage-50","secondary","not_found","","","","",""
"FR","hr","payfit","sage-50","secondary","declared","file_export","","https://support.payfit.com/en-gb/contents/Custom-Payroll-Journals-uyAYKNmy","","Select the export format (Xero, Sage 50, QuickBooks or NetSuite)"
"FR","hr","lucca","sage-50","secondary","declared","unknown","","https://www.lucca.fr/magazine/administration/comptabilite/5-outils-dematerialiser-processus-comptables","","'Sage, Ciel, Navision, SAP, Quadratus': Notes de frais communicates with all ERPs"
"FR","hr","skello","sage-50","secondary","not_found","","","","",""
"FR","hr","combo","sage-50","secondary","not_found","","","","",""
"FR","construction","vertuoza","sage-50","secondary","not_found","","","","",""
"FR","construction","graneet","sage-50","secondary","not_found","","","","",""
"FR","construction","obat","sage-50","secondary","not_found","","","","",""
"FR","invoicing","abby","sage-50","secondary","not_found","","","","",""
"FR","vertical","boondmanager","sage-50","secondary","not_found","","","","",""
"FR","vertical","dashdoc","sage-50","secondary","not_found","","","","",""
"FR","invoicing","dolibarr","sage-50","secondary","not_found","","","","",""
"FR","invoicing","ebp-gescom","sage-50","secondary","not_found","","","","",""
"FR","invoicing","evoliz","sage-50","secondary","not_found","","","","",""
"FR","payables","facnote","sage-50","secondary","not_found","","","","",""
"FR","invoicing","factomos","sage-50","secondary","not_found","","","","",""
"FR","invoicing","henrri","sage-50","secondary","not_found","","","","",""
"FR","invoicing","jefacture-com","sage-50","secondary","not_found","","","","",""
"FR","invoicing","kolecto","sage-50","secondary","not_found","","","","",""
"FR","construction","organilog","sage-50","secondary","not_found","","","","",""
"FR","invoicing","sage-100-gestion-commerciale","sage-50","secondary","not_found","","","","",""
"FR","invoicing","seqino","sage-50","secondary","not_found","","","","",""
"FR","invoicing","toolcie","sage-50","secondary","not_found","","","","",""
"FR","invoicing","vosfactures","sage-50","secondary","not_found","","","","",""
"FR","construction","costructor","sage-50","secondary","not_found","","","","",""
"FR","construction","progbat","sage-50","secondary","not_found","","","","",""
"FR","vertical","digiforma","sage-50","secondary","not_found","","","","",""
"FR","payables","ipaidthat","sage-50","secondary","not_found","","","","",""
"FR","invoicing","meg","sage-50","secondary","not_found","","","","",""
"FR","invoicing","zoho","sage-50","secondary","not_found","","","","",""
"FR","invoicing","team-system-facture","sage-50","secondary","not_found","","","","",""
"FR","invoicing","teledec","sage-50","secondary","not_found","","","","",""
"FR","vertical","sinari","sage-50","secondary","not_found","","","","",""
"FR","invoicing","infast","sage-50","secondary","not_found","","","","",""
"FR","invoicing","freebe","sage-50","secondary","not_found","","","","",""
"FR","invoicing","invoicing-plus","sage-50","secondary","not_found","","","","",""
"FR","vertical","menlog","sage-50","secondary","not_found","","","","",""
"FR","vertical","gestav","sage-50","secondary","not_found","","","","",""
"FR","vertical","sufatech","sage-50","secondary","not_found","","","","",""
"FR","invoicing","septeo","sage-50","secondary","not_found","","","","",""
"FR","construction","kalitics","sage-50","secondary","not_found","","","","",""
"FR","payables","weinvoice-by-weproc","sage-50","secondary","not_found","","","","",""
"FR","vertical","isaeta","sage-50","secondary","not_found","","","","",""
"FR","vertical","isavigne","sage-50","secondary","not_found","","","","",""
"FR","vertical","wineriz","sage-50","secondary","not_found","","","","",""
"FR","payables","open-bee","sage-50","secondary","not_found","","","","",""
"FR","vertical","manerty","sage-50","secondary","not_found","","","","",""
"FR","pos","abill","sage-50","secondary","not_found","","","","",""
"FR","pos","addictill","sage-50","secondary","not_found","","","","",""
"FR","pos","apitic","sage-50","secondary","not_found","","","","",""
"FR","pos","atilla","sage-50","secondary","not_found","","","","",""
"FR","pos","bdp","sage-50","secondary","not_found","","","","",""
"FR","pos","carrepos","sage-50","secondary","not_found","","","","",""
"FR","pos","cashmag","sage-50","secondary","not_found","","","","",""
"FR","pos","cashpad","sage-50","secondary","not_found","","","","",""
"FR","pos","cegid-retail","sage-50","secondary","not_found","","","","",""
"FR","pos","clyo-systems","sage-50","secondary","not_found","","","","",""
"FR","pos","connectill","sage-50","secondary","not_found","","","","",""
"FR","pos","fastmag","sage-50","secondary","not_found","","","","",""
"FR","pos","fulleapps","sage-50","secondary","not_found","","","","",""
"FR","pos","hellocash","sage-50","secondary","not_found","","","","",""
"FR","pos","hiboutik","sage-50","secondary","not_found","","","","",""
"FR","pos","innovorder","sage-50","secondary","not_found","","","","",""
"FR","pos","jalia-jdc","sage-50","secondary","not_found","","","","",""
"FR","pos","l-addition","sage-50","secondary","not_found","","","","",""
"FR","pos","last-app","sage-50","secondary","not_found","","","","",""
"FR","pos","leo2","sage-50","secondary","not_found","","","","",""
"FR","pos","pi-electronique","sage-50","secondary","not_found","","","","",""
"FR","pos","planity","sage-50","secondary","not_found","","","","",""
"FR","pos","popina","sage-50","secondary","not_found","","","","",""
"FR","pos","restomax","sage-50","secondary","not_found","","","","",""
"FR","pos","shopcaisse","sage-50","secondary","not_found","","","","",""
"FR","pos","shopify-pos","sage-50","secondary","not_found","","","","",""
"FR","pos","simphony","sage-50","secondary","not_found","","","","",""
"FR","pos","square","sage-50","secondary","not_found","","","","",""
"FR","pos","synapsy","sage-50","secondary","not_found","","","","",""
"FR","pos","tactilpad","sage-50","secondary","not_found","","","","",""
"FR","pos","tiller","sage-50","secondary","not_found","","","","",""
"FR","pos","toporder-mypos-cash-register","sage-50","secondary","not_found","","","","",""
"FR","pos","trivec","sage-50","secondary","not_found","","","","",""
"FR","pos","zelty","sage-50","secondary","not_found","","","","",""
"FR","pos","biborne","sage-50","secondary","not_found","","","","",""
"FR","pos","breeze-pos","sage-50","secondary","not_found","","","","",""
"FR","pos","caisse-enregistreuse-fr-kash-click","sage-50","secondary","not_found","","","","",""
"FR","pos","cash-systemes-industrie","sage-50","secondary","not_found","","","","",""
"FR","pos","clictill","sage-50","secondary","not_found","","","","",""
"FR","pos","force7-by-cashmag","sage-50","secondary","not_found","","","","",""
"FR","pos","genius-by-neosystems","sage-50","secondary","not_found","","","","",""
"FR","pos","hairnet-by-cashmag","sage-50","secondary","not_found","","","","",""
"FR","pos","jdc-caisse-et-monetique-sans-bo","sage-50","secondary","not_found","","","","",""
"FR","pos","kerawen","sage-50","secondary","not_found","","","","",""
"FR","pos","kezia-ii-by-jdc","sage-50","secondary","not_found","","","","",""
"FR","pos","kwisatz","sage-50","secondary","not_found","","","","",""
"FR","pos","locatouch","sage-50","secondary","not_found","","","","",""
"FR","pos","ls-coiffure-bu-cashmag","sage-50","secondary","not_found","","","","",""
"FR","pos","macxiphone","sage-50","secondary","not_found","","","","",""
"FR","pos","neosystems","sage-50","secondary","not_found","","","","",""
"FR","pos","nova-by-jdc","sage-50","secondary","not_found","","","","",""
"FR","pos","one-touch-encaissement","sage-50","secondary","not_found","","","","",""
"FR","pos","rezomatic-tgm-commerce","sage-50","secondary","not_found","","","","",""
"FR","pos","popina-k-by-jdc","sage-50","secondary","not_found","","","","",""
"FR","pos","smart-caisse","sage-50","secondary","not_found","","","","",""
"FR","pos","solumag-easycommerce-et-sydevcamp","sage-50","secondary","not_found","","","","",""
"FR","pos","solutions-pdv","sage-50","secondary","not_found","","","","",""
"FR","pos","sora","sage-50","secondary","not_found","","","","",""
"FR","pos","synergie-73-informatique","sage-50","secondary","not_found","","","","",""
"FR","pos","weshop","sage-50","secondary","not_found","","","","",""
"FR","pos","crisalid","sage-50","secondary","not_found","","","","",""
"FR","expense","pleo","tiime","secondary","not_found","","","","",""
"FR","expense","spendesk","tiime","secondary","not_found","","","","",""
"FR","expense","payhawk","tiime","secondary","not_found","","","","",""
"FR","expense","mooncard","tiime","secondary","not_found","","","","",""
"FR","expense","n2f","tiime","secondary","directory","unknown","","https://www.n2f.com/fr/nos-integrations/tiime/","https://www.connect-compta.fr/#annuaire","Dedicated page 'N2F integrates with Tiime'; mechanism not described. Also listed in connect-compta (direct connection)."
"FR","expense","expensya","tiime","secondary","not_found","","","","",""
"FR","expense","jenji","tiime","secondary","not_found","","","","",""
"FR","expense","moss","tiime","secondary","not_found","","","","",""
"FR","banking","qonto","tiime","secondary","declared","api","","https://qonto.com/fr/integrations/tiime","","Qonto transactions and receipts duplicated into Tiime"
"FR","banking","shine","tiime","secondary","declared","via_partner","","https://www.shine.fr/integrations-comptables/","","Listed as: Transactions - via Jedeclare, Powens"
"FR","banking","finom","tiime","secondary","not_found","","","","",""
"FR","banking","memo-bank","tiime","secondary","declared","via_partner","","https://memo.bank/produit/integrations/","","Listed with connector: Powens (third-party aggregator)"
"FR","banking","revolut-business","tiime","secondary","not_found","","","","",""
"FR","banking","bunq","tiime","secondary","not_found","","","","",""
"FR","banking","tide","tiime","secondary","not_found","","","","",""
"FR","banking","holvi","tiime","secondary","not_found","","","","",""
"FR","cash","agicap","tiime","secondary","directory","via_partner","yes","https://www.connect-compta.fr/#annuaire","https://www.connect-compta.fr/#annuaire","connect-compta, Chift's directory, lists a connection through Chift."
"FR","cash","fygr","tiime","secondary","not_found","","","","",""
"FR","cash","trezy","tiime","secondary","not_found","","","","",""
"FR","payables","dext","tiime","secondary","not_found","","","","",""
"FR","payables","libeo","tiime","secondary","not_found","","","","",""
"FR","payables","candis","tiime","secondary","not_found","","","","",""
"FR","payables","getmyinvoices","tiime","secondary","not_found","","","","",""
"FR","payables","klippa","tiime","secondary","not_found","","","","",""
"FR","payables","yooz","tiime","secondary","declared","unknown","","https://www.getyooz.com/fr/logiciels-comptables-et-erp-connectes","","Logo on connected-ERP list (250+ native connectors); mechanism not detailed"
"FR","payables","chaintrust","tiime","secondary","declared","file_export","","https://www.chaintrust.io/blog/actualites/integration-logiciels-comptables-avec-chaintrust/","","Compatible via manual import of entries file"
"FR","invoicing","billit","tiime","secondary","not_found","","","","",""
"FR","invoicing","teamleader","tiime","secondary","not_found","","","","",""
"FR","invoicing","sellsy","tiime","secondary","directory","via_partner","yes","https://help.sellsy.com/fr/articles/15479499-connecter-sellsy-et-tiime","https://www.connect-compta.fr/#annuaire","via Chift: 'Vous serez redirigé vers l'interface sécurisée Chift'. Also listed in connect-compta (connection through Chift)."
"FR","invoicing","axonaut","tiime","secondary","directory","api","","https://support.axonaut.com/gerez-votre-comptabilite/le-portail-comptable-axonaut/","https://www.connect-compta.fr/#annuaire","Listed for 'remontée automatique des écritures' via accounting portal. Also listed in connect-compta (built-in connection (same vendor))."
"FR","pos","sumup","tiime","secondary","not_found","","","","",""
"FR","pos","lightspeed","tiime","secondary","directory","via_partner","yes","https://www.connect-compta.fr/#annuaire","https://www.connect-compta.fr/#annuaire","connect-compta, Chift's directory, lists a connection through Chift."
"FR","pos","mollie","tiime","secondary","not_found","","","","",""
"FR","pos","gocardless","tiime","secondary","not_found","","","","",""
"FR","pos","payplug","tiime","secondary","not_found","","","","",""
"FR","pos","zettle","tiime","secondary","not_found","","","","",""
"FR","hr","payfit","tiime","secondary","not_found","","","","",""
"FR","hr","lucca","tiime","secondary","declared","via_partner","yes","https://support.luccasoftware.com/s/article/Cr%C3%A9er-une-connexion-API?language=fr","","API connection for accounting entries; setup guide hosted on help.chift.app (Chift)"
"FR","hr","skello","tiime","secondary","not_found","","","","",""
"FR","hr","combo","tiime","secondary","not_found","","","","",""
"FR","construction","vertuoza","tiime","secondary","directory","api","yes","https://intercom-help.eu/vertuoza/fr/articles/522531-synchronisation-comptable-vue-d-ensemble","https://www.connect-compta.fr/#annuaire","Compatible-software table: sales and purchase send; no purchase retrieval. Also listed in connect-compta (connection through Chift)."
"FR","construction","graneet","tiime","secondary","not_found","","","","",""
"FR","construction","obat","tiime","secondary","not_found","","","","",""
"FR","invoicing","abby","tiime","secondary","not_found","","","","",""
"FR","vertical","boondmanager","tiime","secondary","not_found","","","","",""
"FR","vertical","dashdoc","tiime","secondary","not_found","","","","",""
"FR","invoicing","dolibarr","tiime","secondary","not_found","","","","",""
"FR","invoicing","ebp-gescom","tiime","secondary","not_found","","","","",""
"FR","invoicing","evoliz","tiime","secondary","not_found","","","","",""
"FR","payables","facnote","tiime","secondary","not_found","","","","",""
"FR","invoicing","factomos","tiime","secondary","not_found","","","","",""
"FR","invoicing","henrri","tiime","secondary","not_found","","","","",""
"FR","invoicing","jefacture-com","tiime","secondary","not_found","","","","",""
"FR","invoicing","kolecto","tiime","secondary","directory","via_partner","yes","https://www.connect-compta.fr/#annuaire","https://www.connect-compta.fr/#annuaire","connect-compta, Chift's directory, lists a connection through Chift."
"FR","construction","organilog","tiime","secondary","not_found","","","","",""
"FR","invoicing","sage-100-gestion-commerciale","tiime","secondary","not_found","","","","",""
"FR","invoicing","seqino","tiime","secondary","not_found","","","","",""
"FR","invoicing","toolcie","tiime","secondary","not_found","","","","",""
"FR","invoicing","vosfactures","tiime","secondary","not_found","","","","",""
"FR","construction","costructor","tiime","secondary","not_found","","","","",""
"FR","construction","progbat","tiime","secondary","not_found","","","","",""
"FR","vertical","digiforma","tiime","secondary","directory","via_partner","yes","https://www.connect-compta.fr/#annuaire","https://www.connect-compta.fr/#annuaire","connect-compta, Chift's directory, lists a connection through Chift."
"FR","payables","ipaidthat","tiime","secondary","not_found","","","","",""
"FR","invoicing","meg","tiime","secondary","not_found","","","","",""
"FR","invoicing","zoho","tiime","secondary","not_found","","","","",""
"FR","invoicing","team-system-facture","tiime","secondary","not_found","","","","",""
"FR","invoicing","teledec","tiime","secondary","not_found","","","","",""
"FR","vertical","sinari","tiime","secondary","not_found","","","","",""
"FR","invoicing","infast","tiime","secondary","not_found","","","","",""
"FR","invoicing","freebe","tiime","secondary","not_found","","","","",""
"FR","invoicing","invoicing-plus","tiime","secondary","not_found","","","","",""
"FR","vertical","menlog","tiime","secondary","not_found","","","","",""
"FR","vertical","gestav","tiime","secondary","not_found","","","","",""
"FR","vertical","sufatech","tiime","secondary","not_found","","","","",""
"FR","invoicing","septeo","tiime","secondary","directory","api","","https://www.connect-compta.fr/#annuaire","https://www.connect-compta.fr/#annuaire","connect-compta, Chift's directory, lists a direct connection."
"FR","construction","kalitics","tiime","secondary","not_found","","","","",""
"FR","payables","weinvoice-by-weproc","tiime","secondary","not_found","","","","",""
"FR","vertical","isaeta","tiime","secondary","not_found","","","","",""
"FR","vertical","isavigne","tiime","secondary","not_found","","","","",""
"FR","vertical","wineriz","tiime","secondary","not_found","","","","",""
"FR","payables","open-bee","tiime","secondary","not_found","","","","",""
"FR","vertical","manerty","tiime","secondary","directory","via_partner","yes","https://www.connect-compta.fr/#annuaire","https://www.connect-compta.fr/#annuaire","connect-compta, Chift's directory, lists a connection through Chift."
"FR","pos","abill","tiime","secondary","directory","via_partner","yes","https://www.connect-compta.fr/#annuaire","https://www.connect-compta.fr/#annuaire","connect-compta, Chift's directory, lists a connection through Chift."
"FR","pos","addictill","tiime","secondary","directory","via_partner","yes","https://www.connect-compta.fr/#annuaire","https://www.connect-compta.fr/#annuaire","connect-compta, Chift's directory, lists a connection through Chift."
"FR","pos","apitic","tiime","secondary","not_found","","","","",""
"FR","pos","atilla","tiime","secondary","directory","via_partner","yes","https://www.connect-compta.fr/#annuaire","https://www.connect-compta.fr/#annuaire","connect-compta, Chift's directory, lists a connection through Chift."
"FR","pos","bdp","tiime","secondary","not_found","","","","",""
"FR","pos","carrepos","tiime","secondary","directory","via_partner","yes","https://www.connect-compta.fr/#annuaire","https://www.connect-compta.fr/#annuaire","connect-compta, Chift's directory, lists a connection through Chift."
"FR","pos","cashmag","tiime","secondary","directory","via_partner","yes","https://www.connect-compta.fr/#annuaire","https://www.connect-compta.fr/#annuaire","connect-compta, Chift's directory, lists a connection through Chift."
"FR","pos","cashpad","tiime","secondary","directory","via_partner","yes","https://www.connect-compta.fr/#annuaire","https://www.connect-compta.fr/#annuaire","connect-compta, Chift's directory, lists a connection through Chift."
"FR","pos","cegid-retail","tiime","secondary","not_found","","","","",""
"FR","pos","clyo-systems","tiime","secondary","directory","via_partner","yes","https://www.connect-compta.fr/#annuaire","https://www.connect-compta.fr/#annuaire","connect-compta, Chift's directory, lists a connection through Chift."
"FR","pos","connectill","tiime","secondary","directory","via_partner","yes","https://www.connect-compta.fr/#annuaire","https://www.connect-compta.fr/#annuaire","connect-compta, Chift's directory, lists a connection through Chift."
"FR","pos","fastmag","tiime","secondary","directory","via_partner","yes","https://www.connect-compta.fr/#annuaire","https://www.connect-compta.fr/#annuaire","connect-compta, Chift's directory, lists a connection through Chift."
"FR","pos","fulleapps","tiime","secondary","directory","via_partner","yes","https://www.connect-compta.fr/#annuaire","https://www.connect-compta.fr/#annuaire","connect-compta, Chift's directory, lists a connection through Chift."
"FR","pos","hellocash","tiime","secondary","directory","via_partner","yes","https://www.connect-compta.fr/#annuaire","https://www.connect-compta.fr/#annuaire","connect-compta, Chift's directory, lists a connection through Chift."
"FR","pos","hiboutik","tiime","secondary","directory","via_partner","yes","https://www.connect-compta.fr/#annuaire","https://www.connect-compta.fr/#annuaire","connect-compta, Chift's directory, lists a connection through Chift."
"FR","pos","innovorder","tiime","secondary","directory","via_partner","yes","https://www.connect-compta.fr/#annuaire","https://www.connect-compta.fr/#annuaire","connect-compta, Chift's directory, lists a connection through Chift."
"FR","pos","jalia-jdc","tiime","secondary","directory","via_partner","yes","https://www.connect-compta.fr/#annuaire","https://www.connect-compta.fr/#annuaire","connect-compta, Chift's directory, lists a connection through Chift."
"FR","pos","l-addition","tiime","secondary","directory","via_partner","yes","https://www.connect-compta.fr/#annuaire","https://www.connect-compta.fr/#annuaire","connect-compta, Chift's directory, lists a connection through Chift."
"FR","pos","last-app","tiime","secondary","not_found","","","","",""
"FR","pos","leo2","tiime","secondary","directory","via_partner","yes","https://www.connect-compta.fr/#annuaire","https://www.connect-compta.fr/#annuaire","connect-compta, Chift's directory, lists a connection through Chift."
"FR","pos","pi-electronique","tiime","secondary","directory","via_partner","yes","https://www.connect-compta.fr/#annuaire","https://www.connect-compta.fr/#annuaire","connect-compta, Chift's directory, lists a connection through Chift."
"FR","pos","planity","tiime","secondary","directory","via_partner","yes","https://www.connect-compta.fr/#annuaire","https://www.connect-compta.fr/#annuaire","connect-compta, Chift's directory, lists a connection through Chift."
"FR","pos","popina","tiime","secondary","directory","via_partner","yes","https://www.connect-compta.fr/#annuaire","https://www.connect-compta.fr/#annuaire","connect-compta, Chift's directory, lists a connection through Chift."
"FR","pos","restomax","tiime","secondary","directory","via_partner","yes","https://www.connect-compta.fr/#annuaire","https://www.connect-compta.fr/#annuaire","connect-compta, Chift's directory, lists a connection through Chift."
"FR","pos","shopcaisse","tiime","secondary","directory","via_partner","yes","https://www.connect-compta.fr/#annuaire","https://www.connect-compta.fr/#annuaire","connect-compta, Chift's directory, lists a connection through Chift."
"FR","pos","shopify-pos","tiime","secondary","not_found","","","","",""
"FR","pos","simphony","tiime","secondary","directory","via_partner","yes","https://www.connect-compta.fr/#annuaire","https://www.connect-compta.fr/#annuaire","connect-compta, Chift's directory, lists a connection through Chift."
"FR","pos","square","tiime","secondary","not_found","","","","",""
"FR","pos","synapsy","tiime","secondary","directory","via_partner","yes","https://www.connect-compta.fr/#annuaire","https://www.connect-compta.fr/#annuaire","connect-compta, Chift's directory, lists a connection through Chift."
"FR","pos","tactilpad","tiime","secondary","directory","via_partner","yes","https://www.connect-compta.fr/#annuaire","https://www.connect-compta.fr/#annuaire","connect-compta, Chift's directory, lists a connection through Chift."
"FR","pos","tiller","tiime","secondary","not_found","","","","",""
"FR","pos","toporder-mypos-cash-register","tiime","secondary","not_found","","","","",""
"FR","pos","trivec","tiime","secondary","directory","via_partner","yes","https://www.connect-compta.fr/#annuaire","https://www.connect-compta.fr/#annuaire","connect-compta, Chift's directory, lists a connection through Chift."
"FR","pos","zelty","tiime","secondary","directory","via_partner","yes","https://www.connect-compta.fr/#annuaire","https://www.connect-compta.fr/#annuaire","connect-compta, Chift's directory, lists a connection through Chift."
"FR","pos","biborne","tiime","secondary","not_found","","","","",""
"FR","pos","breeze-pos","tiime","secondary","not_found","","","","",""
"FR","pos","caisse-enregistreuse-fr-kash-click","tiime","secondary","not_found","","","","",""
"FR","pos","cash-systemes-industrie","tiime","secondary","not_found","","","","",""
"FR","pos","clictill","tiime","secondary","not_found","","","","",""
"FR","pos","force7-by-cashmag","tiime","secondary","not_found","","","","",""
"FR","pos","genius-by-neosystems","tiime","secondary","not_found","","","","",""
"FR","pos","hairnet-by-cashmag","tiime","secondary","not_found","","","","",""
"FR","pos","jdc-caisse-et-monetique-sans-bo","tiime","secondary","not_found","","","","",""
"FR","pos","kerawen","tiime","secondary","not_found","","","","",""
"FR","pos","kezia-ii-by-jdc","tiime","secondary","not_found","","","","",""
"FR","pos","kwisatz","tiime","secondary","not_found","","","","",""
"FR","pos","locatouch","tiime","secondary","not_found","","","","",""
"FR","pos","ls-coiffure-bu-cashmag","tiime","secondary","not_found","","","","",""
"FR","pos","macxiphone","tiime","secondary","not_found","","","","",""
"FR","pos","neosystems","tiime","secondary","not_found","","","","",""
"FR","pos","nova-by-jdc","tiime","secondary","not_found","","","","",""
"FR","pos","one-touch-encaissement","tiime","secondary","not_found","","","","",""
"FR","pos","rezomatic-tgm-commerce","tiime","secondary","not_found","","","","",""
"FR","pos","popina-k-by-jdc","tiime","secondary","not_found","","","","",""
"FR","pos","smart-caisse","tiime","secondary","not_found","","","","",""
"FR","pos","solumag-easycommerce-et-sydevcamp","tiime","secondary","not_found","","","","",""
"FR","pos","solutions-pdv","tiime","secondary","not_found","","","","",""
"FR","pos","sora","tiime","secondary","not_found","","","","",""
"FR","pos","synergie-73-informatique","tiime","secondary","not_found","","","","",""
"FR","pos","weshop","tiime","secondary","not_found","","","","",""
"FR","pos","crisalid","tiime","secondary","not_found","","","","",""
"FR","expense","pleo","inqom","secondary","not_found","","","","",""
"FR","expense","spendesk","inqom","secondary","not_found","","","","",""
"FR","expense","payhawk","inqom","secondary","not_found","","","","",""
"FR","expense","mooncard","inqom","secondary","not_found","","","","",""
"FR","expense","n2f","inqom","secondary","not_found","","","","",""
"FR","expense","expensya","inqom","secondary","not_found","","","","",""
"FR","expense","jenji","inqom","secondary","not_found","","","","",""
"FR","expense","moss","inqom","secondary","not_found","","","","",""
"FR","banking","qonto","inqom","secondary","directory","via_partner","yes","https://www.connect-compta.fr/#annuaire","https://www.connect-compta.fr/#annuaire","connect-compta, Chift's directory, lists a connection through Chift."
"FR","banking","shine","inqom","secondary","declared","via_partner","","https://www.shine.fr/integrations-comptables/","","Listed as: Transactions - via Jedeclare, Bridge"
"FR","banking","finom","inqom","secondary","declared","unknown","","https://finom.co/fr-fr/integrations/","","Listed under ""Intégrations"" on Finom's French integrations page (read 2026-10-02 in a browser); no mechanism stated."
"FR","banking","memo-bank","inqom","secondary","not_found","","","","",""
"FR","banking","revolut-business","inqom","secondary","not_found","","","","",""
"FR","banking","bunq","inqom","secondary","not_found","","","","",""
"FR","banking","tide","inqom","secondary","not_found","","","","",""
"FR","banking","holvi","inqom","secondary","not_found","","","","",""
"FR","cash","agicap","inqom","secondary","directory","via_partner","yes","https://www.connect-compta.fr/#annuaire","https://www.connect-compta.fr/#annuaire","connect-compta, Chift's directory, lists a connection through Chift."
"FR","cash","fygr","inqom","secondary","not_found","","","","",""
"FR","cash","trezy","inqom","secondary","not_found","","","","",""
"FR","payables","dext","inqom","secondary","declared","file_export","","https://help.dext.com/fr/articles/106302-exporter-ses-ecritures-dans-inqom-cabinets","","Import entries and images into Inqom via enhanced FEC + images export"
"FR","payables","libeo","inqom","secondary","directory","api","yes","https://help.libeo.io/fr/articles/8206949-connecter-inqom-et-libeo","https://www.connect-compta.fr/#annuaire","Libeo x Inqom API integration retrieves invoices and credit notes. Also listed in connect-compta (connection through Chift)."
"FR","payables","candis","inqom","secondary","not_found","","","","",""
"FR","payables","getmyinvoices","inqom","secondary","not_found","","","","",""
"FR","payables","klippa","inqom","secondary","not_found","","","","",""
"FR","payables","yooz","inqom","secondary","declared","api","","https://www.getyooz.com/wp-content/uploads/Yooz-Infographie-Inqom-FR.pdf","","Connecteur API - Yooz / Inqom"
"FR","payables","chaintrust","inqom","secondary","directory","api","","https://www.chaintrust.io/blog/actualites/integration-logiciels-comptables-avec-chaintrust/","https://www.connect-compta.fr/#annuaire","Listed under software currently connected via API. Also listed in connect-compta (direct connection)."
"FR","invoicing","billit","inqom","secondary","not_found","","","","",""
"FR","invoicing","teamleader","inqom","secondary","not_found","","","","",""
"FR","invoicing","sellsy","inqom","secondary","directory","api","yes","https://go.sellsy.com/applications/inqom","https://www.connect-compta.fr/#annuaire","Real-time synchronisation; developed by the partner; no third party named. Also listed in connect-compta (connection through Chift)."
"FR","invoicing","axonaut","inqom","secondary","directory","api","yes","https://axonaut.com/blog/axonaut-inqom/","https://www.connect-compta.fr/#annuaire","'Inqom se connecte à la solution de comptabilité Axonaut'. Also listed in connect-compta (connection through Chift)."
"FR","pos","sumup","inqom","secondary","directory","via_partner","yes","https://www.connect-compta.fr/#annuaire","https://www.connect-compta.fr/#annuaire","connect-compta, Chift's directory, lists a connection through Chift."
"FR","pos","lightspeed","inqom","secondary","directory","via_partner","yes","https://www.lightspeedhq.com/uk/integrations/chift/","https://www.connect-compta.fr/#annuaire","Sage, Cegid, Pennylane, Inqom, MyUnisoft use Chift for Lightspeed. Also listed in connect-compta (connection through Chift)."
"FR","pos","mollie","inqom","secondary","not_found","","","","",""
"FR","pos","gocardless","inqom","secondary","not_found","","","","",""
"FR","pos","payplug","inqom","secondary","not_found","","","","",""
"FR","pos","zettle","inqom","secondary","directory","via_partner","yes","https://www.connect-compta.fr/#annuaire","https://www.connect-compta.fr/#annuaire","connect-compta, Chift's directory, lists a connection through Chift."
"FR","hr","payfit","inqom","secondary","not_found","","","","",""
"FR","hr","lucca","inqom","secondary","directory","via_partner","yes","https://support.luccasoftware.com/s/article/Cr%C3%A9er-une-connexion-API?language=fr","https://www.connect-compta.fr/#annuaire","API connection for accounting entries; setup guide hosted on help.chift.app (Chift). Also listed in connect-compta (connection through Chift)."
"FR","hr","skello","inqom","secondary","not_found","","","","",""
"FR","hr","combo","inqom","secondary","not_found","","","","",""
"FR","construction","vertuoza","inqom","secondary","directory","api","yes","https://intercom-help.eu/vertuoza/fr/articles/522531-synchronisation-comptable-vue-d-ensemble","https://www.connect-compta.fr/#annuaire","Compatible-software table: sales and purchase send; no purchase retrieval. Also listed in connect-compta (connection through Chift)."
"FR","construction","graneet","inqom","secondary","directory","via_partner","yes","https://www.connect-compta.fr/#annuaire","https://www.connect-compta.fr/#annuaire","connect-compta, Chift's directory, lists a connection through Chift."
"FR","construction","obat","inqom","secondary","directory","via_partner","yes","https://aide.obat.fr/obat-chift-la-solution-incontournable-pour-la-comptabilit%C3%A9-des-entreprises-du-b%C3%A2timent","https://www.connect-compta.fr/#annuaire","Listed as software supported through the Chift integration. Also listed in connect-compta (connection through Chift)."
"FR","invoicing","abby","inqom","secondary","not_found","","","","",""
"FR","vertical","boondmanager","inqom","secondary","not_found","","","","",""
"FR","vertical","dashdoc","inqom","secondary","not_found","","","","",""
"FR","invoicing","dolibarr","inqom","secondary","not_found","","","","",""
"FR","invoicing","ebp-gescom","inqom","secondary","not_found","","","","",""
"FR","invoicing","evoliz","inqom","secondary","directory","api","","https://www.connect-compta.fr/#annuaire","https://www.connect-compta.fr/#annuaire","connect-compta, Chift's directory, lists a built-in connection (same vendor)."
"FR","payables","facnote","inqom","secondary","not_found","","","","",""
"FR","invoicing","factomos","inqom","secondary","not_found","","","","",""
"FR","invoicing","henrri","inqom","secondary","not_found","","","","",""
"FR","invoicing","jefacture-com","inqom","secondary","not_found","","","","",""
"FR","invoicing","kolecto","inqom","secondary","directory","via_partner","yes","https://www.connect-compta.fr/#annuaire","https://www.connect-compta.fr/#annuaire","connect-compta, Chift's directory, lists a connection through Chift."
"FR","construction","organilog","inqom","secondary","directory","via_partner","yes","https://www.connect-compta.fr/#annuaire","https://www.connect-compta.fr/#annuaire","connect-compta, Chift's directory, lists a connection through Chift."
"FR","invoicing","sage-100-gestion-commerciale","inqom","secondary","not_found","","","","",""
"FR","invoicing","seqino","inqom","secondary","directory","via_partner","yes","https://www.connect-compta.fr/#annuaire","https://www.connect-compta.fr/#annuaire","connect-compta, Chift's directory, lists a connection through Chift."
"FR","invoicing","toolcie","inqom","secondary","not_found","","","","",""
"FR","invoicing","vosfactures","inqom","secondary","not_found","","","","",""
"FR","construction","costructor","inqom","secondary","directory","via_partner","yes","https://www.connect-compta.fr/#annuaire","https://www.connect-compta.fr/#annuaire","connect-compta, Chift's directory, lists a connection through Chift."
"FR","construction","progbat","inqom","secondary","directory","via_partner","yes","https://www.connect-compta.fr/#annuaire","https://www.connect-compta.fr/#annuaire","connect-compta, Chift's directory, lists a connection through Chift."
"FR","vertical","digiforma","inqom","secondary","directory","via_partner","yes","https://www.connect-compta.fr/#annuaire","https://www.connect-compta.fr/#annuaire","connect-compta, Chift's directory, lists a connection through Chift."
"FR","payables","ipaidthat","inqom","secondary","directory","api","","https://www.connect-compta.fr/#annuaire","https://www.connect-compta.fr/#annuaire","connect-compta, Chift's directory, lists a direct connection."
"FR","invoicing","meg","inqom","secondary","directory","api","","https://www.connect-compta.fr/#annuaire","https://www.connect-compta.fr/#annuaire","connect-compta, Chift's directory, lists a direct connection."
"FR","invoicing","zoho","inqom","secondary","directory","via_partner","yes","https://www.connect-compta.fr/#annuaire","https://www.connect-compta.fr/#annuaire","connect-compta, Chift's directory, lists a connection through Chift."
"FR","invoicing","team-system-facture","inqom","secondary","not_found","","","","",""
"FR","invoicing","teledec","inqom","secondary","not_found","","","","",""
"FR","vertical","sinari","inqom","secondary","not_found","","","","",""
"FR","invoicing","infast","inqom","secondary","not_found","","","","",""
"FR","invoicing","freebe","inqom","secondary","not_found","","","","",""
"FR","invoicing","invoicing-plus","inqom","secondary","not_found","","","","",""
"FR","vertical","menlog","inqom","secondary","not_found","","","","",""
"FR","vertical","gestav","inqom","secondary","not_found","","","","",""
"FR","vertical","sufatech","inqom","secondary","not_found","","","","",""
"FR","invoicing","septeo","inqom","secondary","directory","api","","https://www.connect-compta.fr/#annuaire","https://www.connect-compta.fr/#annuaire","connect-compta, Chift's directory, lists a direct connection."
"FR","construction","kalitics","inqom","secondary","not_found","","","","",""
"FR","payables","weinvoice-by-weproc","inqom","secondary","not_found","","","","",""
"FR","vertical","isaeta","inqom","secondary","not_found","","","","",""
"FR","vertical","isavigne","inqom","secondary","not_found","","","","",""
"FR","vertical","wineriz","inqom","secondary","directory","api","","https://www.connect-compta.fr/#annuaire","https://www.connect-compta.fr/#annuaire","connect-compta, Chift's directory, lists a direct connection."
"FR","payables","open-bee","inqom","secondary","not_found","","","","",""
"FR","vertical","manerty","inqom","secondary","directory","via_partner","yes","https://www.connect-compta.fr/#annuaire","https://www.connect-compta.fr/#annuaire","connect-compta, Chift's directory, lists a connection through Chift."
"FR","pos","abill","inqom","secondary","directory","via_partner","yes","https://www.connect-compta.fr/#annuaire","https://www.connect-compta.fr/#annuaire","connect-compta, Chift's directory, lists a connection through Chift."
"FR","pos","addictill","inqom","secondary","directory","via_partner","yes","https://www.connect-compta.fr/#annuaire","https://www.connect-compta.fr/#annuaire","connect-compta, Chift's directory, lists a connection through Chift."
"FR","pos","apitic","inqom","secondary","directory","via_partner","yes","https://www.connect-compta.fr/#annuaire","https://www.connect-compta.fr/#annuaire","connect-compta, Chift's directory, lists a connection through Chift."
"FR","pos","atilla","inqom","secondary","directory","via_partner","yes","https://www.connect-compta.fr/#annuaire","https://www.connect-compta.fr/#annuaire","connect-compta, Chift's directory, lists a connection through Chift."
"FR","pos","bdp","inqom","secondary","not_found","","","","",""
"FR","pos","carrepos","inqom","secondary","directory","via_partner","yes","https://www.connect-compta.fr/#annuaire","https://www.connect-compta.fr/#annuaire","connect-compta, Chift's directory, lists a connection through Chift."
"FR","pos","cashmag","inqom","secondary","directory","via_partner","yes","https://www.connect-compta.fr/#annuaire","https://www.connect-compta.fr/#annuaire","connect-compta, Chift's directory, lists a connection through Chift."
"FR","pos","cashpad","inqom","secondary","directory","via_partner","yes","https://www.connect-compta.fr/#annuaire","https://www.connect-compta.fr/#annuaire","connect-compta, Chift's directory, lists a connection through Chift."
"FR","pos","cegid-retail","inqom","secondary","not_found","","","","",""
"FR","pos","clyo-systems","inqom","secondary","directory","via_partner","yes","https://www.connect-compta.fr/#annuaire","https://www.connect-compta.fr/#annuaire","connect-compta, Chift's directory, lists a connection through Chift."
"FR","pos","connectill","inqom","secondary","directory","via_partner","yes","https://www.connect-compta.fr/#annuaire","https://www.connect-compta.fr/#annuaire","connect-compta, Chift's directory, lists a connection through Chift."
"FR","pos","fastmag","inqom","secondary","directory","via_partner","yes","https://www.connect-compta.fr/#annuaire","https://www.connect-compta.fr/#annuaire","connect-compta, Chift's directory, lists a connection through Chift."
"FR","pos","fulleapps","inqom","secondary","directory","via_partner","yes","https://www.connect-compta.fr/#annuaire","https://www.connect-compta.fr/#annuaire","connect-compta, Chift's directory, lists a connection through Chift."
"FR","pos","hellocash","inqom","secondary","directory","via_partner","yes","https://www.connect-compta.fr/#annuaire","https://www.connect-compta.fr/#annuaire","connect-compta, Chift's directory, lists a connection through Chift."
"FR","pos","hiboutik","inqom","secondary","directory","via_partner","yes","https://www.connect-compta.fr/#annuaire","https://www.connect-compta.fr/#annuaire","connect-compta, Chift's directory, lists a connection through Chift."
"FR","pos","innovorder","inqom","secondary","directory","via_partner","yes","https://www.connect-compta.fr/#annuaire","https://www.connect-compta.fr/#annuaire","connect-compta, Chift's directory, lists a connection through Chift."
"FR","pos","jalia-jdc","inqom","secondary","directory","via_partner","yes","https://www.connect-compta.fr/#annuaire","https://www.connect-compta.fr/#annuaire","connect-compta, Chift's directory, lists a connection through Chift."
"FR","pos","l-addition","inqom","secondary","directory","via_partner","yes","https://www.connect-compta.fr/#annuaire","https://www.connect-compta.fr/#annuaire","connect-compta, Chift's directory, lists a connection through Chift."
"FR","pos","last-app","inqom","secondary","not_found","","","","",""
"FR","pos","leo2","inqom","secondary","directory","via_partner","yes","https://www.connect-compta.fr/#annuaire","https://www.connect-compta.fr/#annuaire","connect-compta, Chift's directory, lists a connection through Chift."
"FR","pos","pi-electronique","inqom","secondary","directory","via_partner","yes","https://www.connect-compta.fr/#annuaire","https://www.connect-compta.fr/#annuaire","connect-compta, Chift's directory, lists a connection through Chift."
"FR","pos","planity","inqom","secondary","directory","via_partner","yes","https://www.connect-compta.fr/#annuaire","https://www.connect-compta.fr/#annuaire","connect-compta, Chift's directory, lists a connection through Chift."
"FR","pos","popina","inqom","secondary","directory","via_partner","yes","https://www.connect-compta.fr/#annuaire","https://www.connect-compta.fr/#annuaire","connect-compta, Chift's directory, lists a connection through Chift."
"FR","pos","restomax","inqom","secondary","directory","via_partner","yes","https://www.connect-compta.fr/#annuaire","https://www.connect-compta.fr/#annuaire","connect-compta, Chift's directory, lists a connection through Chift."
"FR","pos","shopcaisse","inqom","secondary","directory","via_partner","yes","https://www.connect-compta.fr/#annuaire","https://www.connect-compta.fr/#annuaire","connect-compta, Chift's directory, lists a connection through Chift."
"FR","pos","shopify-pos","inqom","secondary","not_found","","","","",""
"FR","pos","simphony","inqom","secondary","directory","via_partner","yes","https://www.connect-compta.fr/#annuaire","https://www.connect-compta.fr/#annuaire","connect-compta, Chift's directory, lists a connection through Chift."
"FR","pos","square","inqom","secondary","directory","via_partner","yes","https://www.connect-compta.fr/#annuaire","https://www.connect-compta.fr/#annuaire","connect-compta, Chift's directory, lists a connection through Chift."
"FR","pos","synapsy","inqom","secondary","directory","via_partner","yes","https://www.connect-compta.fr/#annuaire","https://www.connect-compta.fr/#annuaire","connect-compta, Chift's directory, lists a connection through Chift."
"FR","pos","tactilpad","inqom","secondary","directory","via_partner","yes","https://www.connect-compta.fr/#annuaire","https://www.connect-compta.fr/#annuaire","connect-compta, Chift's directory, lists a connection through Chift."
"FR","pos","tiller","inqom","secondary","not_found","","","","",""
"FR","pos","toporder-mypos-cash-register","inqom","secondary","directory","via_partner","yes","https://www.connect-compta.fr/#annuaire","https://www.connect-compta.fr/#annuaire","connect-compta, Chift's directory, lists a connection through Chift."
"FR","pos","trivec","inqom","secondary","directory","via_partner","yes","https://www.connect-compta.fr/#annuaire","https://www.connect-compta.fr/#annuaire","connect-compta, Chift's directory, lists a connection through Chift."
"FR","pos","zelty","inqom","secondary","directory","via_partner","yes","https://www.connect-compta.fr/#annuaire","https://www.connect-compta.fr/#annuaire","connect-compta, Chift's directory, lists a connection through Chift."
"FR","pos","biborne","inqom","secondary","not_found","","","","",""
"FR","pos","breeze-pos","inqom","secondary","not_found","","","","",""
"FR","pos","caisse-enregistreuse-fr-kash-click","inqom","secondary","not_found","","","","",""
"FR","pos","cash-systemes-industrie","inqom","secondary","not_found","","","","",""
"FR","pos","clictill","inqom","secondary","not_found","","","","",""
"FR","pos","force7-by-cashmag","inqom","secondary","not_found","","","","",""
"FR","pos","genius-by-neosystems","inqom","secondary","not_found","","","","",""
"FR","pos","hairnet-by-cashmag","inqom","secondary","not_found","","","","",""
"FR","pos","jdc-caisse-et-monetique-sans-bo","inqom","secondary","not_found","","","","",""
"FR","pos","kerawen","inqom","secondary","not_found","","","","",""
"FR","pos","kezia-ii-by-jdc","inqom","secondary","not_found","","","","",""
"FR","pos","kwisatz","inqom","secondary","not_found","","","","",""
"FR","pos","locatouch","inqom","secondary","not_found","","","","",""
"FR","pos","ls-coiffure-bu-cashmag","inqom","secondary","not_found","","","","",""
"FR","pos","macxiphone","inqom","secondary","not_found","","","","",""
"FR","pos","neosystems","inqom","secondary","not_found","","","","",""
"FR","pos","nova-by-jdc","inqom","secondary","not_found","","","","",""
"FR","pos","one-touch-encaissement","inqom","secondary","not_found","","","","",""
"FR","pos","rezomatic-tgm-commerce","inqom","secondary","not_found","","","","",""
"FR","pos","popina-k-by-jdc","inqom","secondary","not_found","","","","",""
"FR","pos","smart-caisse","inqom","secondary","not_found","","","","",""
"FR","pos","solumag-easycommerce-et-sydevcamp","inqom","secondary","not_found","","","","",""
"FR","pos","solutions-pdv","inqom","secondary","not_found","","","","",""
"FR","pos","sora","inqom","secondary","not_found","","","","",""
"FR","pos","synergie-73-informatique","inqom","secondary","not_found","","","","",""
"FR","pos","weshop","inqom","secondary","not_found","","","","",""
"FR","pos","crisalid","inqom","secondary","not_found","","","","",""
"FR","expense","pleo","isacompta","secondary","not_found","","","","",""
"FR","expense","spendesk","isacompta","secondary","not_found","","","","",""
"FR","expense","payhawk","isacompta","secondary","not_found","","","","",""
"FR","expense","mooncard","isacompta","secondary","not_found","","","","",""
"FR","expense","n2f","isacompta","secondary","directory","unknown","","https://www.n2f.com/fr/nos-integrations/agiris/","https://www.connect-compta.fr/#annuaire","Dedicated page 'N2F integrates with Agiris'; mechanism not described. Also listed in connect-compta (direct connection)."
"FR","expense","expensya","isacompta","secondary","not_found","","","","",""
"FR","expense","jenji","isacompta","secondary","declared","unknown","","https://www.jenji.io/fr/integrations/erp-comptabilite-finance","","Logo in 'ERP & Comptabilité' grid; connector type not specified per software"
"FR","expense","moss","isacompta","secondary","not_found","","","","",""
"FR","banking","qonto","isacompta","secondary","declared","api","","https://qonto.com/fr/accountants/integrations/agiris","","Regate by Qonto connector pushes journals and receipts to Agiris"
"FR","banking","shine","isacompta","secondary","declared","via_partner","","https://www.shine.fr/integrations-comptables/","","Listed as: Transactions - via Jedeclare, TransfertBANQUE"
"FR","banking","finom","isacompta","secondary","declared","unknown","","https://finom.co/fr-fr/integrations/","","Listed under ""Intégrations"" on Finom's French integrations page (read 2026-10-02 in a browser); no mechanism stated."
"FR","banking","memo-bank","isacompta","secondary","declared","via_partner","","https://memo.bank/produit/integrations/","","Listed with connector: Jedeclare.com (third-party aggregator)"
"FR","banking","revolut-business","isacompta","secondary","not_found","","","","",""
"FR","banking","bunq","isacompta","secondary","not_found","","","","",""
"FR","banking","tide","isacompta","secondary","not_found","","","","",""
"FR","banking","holvi","isacompta","secondary","not_found","","","","",""
"FR","cash","agicap","isacompta","secondary","not_found","","","","",""
"FR","cash","fygr","isacompta","secondary","not_found","","","","",""
"FR","cash","trezy","isacompta","secondary","not_found","","","","",""
"FR","payables","dext","isacompta","secondary","directory","file_export","","https://dext.com/fr/ressources/export-comptable-et-integration/agiris","https://www.connect-compta.fr/#annuaire","Dedicated Agiris export format (purchases and sales with images). Also listed in connect-compta (direct connection)."
"FR","payables","libeo","isacompta","secondary","declared","unknown","","https://help.libeo.io/fr/collections/3751638-utiliser-libeo-en-tant-que-cabinet-d-experts-comptables","","Export entries with documents and analytics into Agiris/Isagri/Isacompta"
"FR","payables","candis","isacompta","secondary","not_found","","","","",""
"FR","payables","getmyinvoices","isacompta","secondary","not_found","","","","",""
"FR","payables","klippa","isacompta","secondary","not_found","","","","",""
"FR","payables","yooz","isacompta","secondary","declared","unknown","","https://www.getyooz.com/fr/logiciels-comptables-et-erp-connectes","","Logo on connected-ERP list (250+ native connectors); mechanism not detailed"
"FR","payables","chaintrust","isacompta","secondary","declared","file_export","","https://www.chaintrust.io/blog/actualites/integration-logiciels-comptables-avec-chaintrust/","","Compatible via manual import of entries file"
"FR","invoicing","billit","isacompta","secondary","not_found","","","","",""
"FR","invoicing","teamleader","isacompta","secondary","not_found","","","","",""
"FR","invoicing","sellsy","isacompta","secondary","not_found","","","","",""
"FR","invoicing","axonaut","isacompta","secondary","not_found","","","","",""
"FR","pos","sumup","isacompta","secondary","not_found","","","","",""
"FR","pos","lightspeed","isacompta","secondary","not_found","","","","",""
"FR","pos","mollie","isacompta","secondary","not_found","","","","",""
"FR","pos","gocardless","isacompta","secondary","not_found","","","","",""
"FR","pos","payplug","isacompta","secondary","not_found","","","","",""
"FR","pos","zettle","isacompta","secondary","not_found","","","","",""
"FR","hr","payfit","isacompta","secondary","not_found","","","","",""
"FR","hr","lucca","isacompta","secondary","not_found","","","","",""
"FR","hr","skello","isacompta","secondary","not_found","","","","",""
"FR","hr","combo","isacompta","secondary","not_found","","","","",""
"FR","construction","vertuoza","isacompta","secondary","not_found","","","","",""
"FR","construction","graneet","isacompta","secondary","not_found","","","","",""
"FR","construction","obat","isacompta","secondary","not_found","","","","",""
"FR","invoicing","abby","isacompta","secondary","not_found","","","","",""
"FR","vertical","boondmanager","isacompta","secondary","not_found","","","","",""
"FR","vertical","dashdoc","isacompta","secondary","not_found","","","","",""
"FR","invoicing","dolibarr","isacompta","secondary","not_found","","","","",""
"FR","invoicing","ebp-gescom","isacompta","secondary","not_found","","","","",""
"FR","invoicing","evoliz","isacompta","secondary","not_found","","","","",""
"FR","payables","facnote","isacompta","secondary","not_found","","","","",""
"FR","invoicing","factomos","isacompta","secondary","not_found","","","","",""
"FR","invoicing","henrri","isacompta","secondary","not_found","","","","",""
"FR","invoicing","jefacture-com","isacompta","secondary","directory","api","","https://www.connect-compta.fr/#annuaire","https://www.connect-compta.fr/#annuaire","connect-compta, Chift's directory, lists a direct connection."
"FR","invoicing","kolecto","isacompta","secondary","not_found","","","","",""
"FR","construction","organilog","isacompta","secondary","not_found","","","","",""
"FR","invoicing","sage-100-gestion-commerciale","isacompta","secondary","not_found","","","","",""
"FR","invoicing","seqino","isacompta","secondary","not_found","","","","",""
"FR","invoicing","toolcie","isacompta","secondary","not_found","","","","",""
"FR","invoicing","vosfactures","isacompta","secondary","not_found","","","","",""
"FR","construction","costructor","isacompta","secondary","not_found","","","","",""
"FR","construction","progbat","isacompta","secondary","not_found","","","","",""
"FR","vertical","digiforma","isacompta","secondary","not_found","","","","",""
"FR","payables","ipaidthat","isacompta","secondary","not_found","","","","",""
"FR","invoicing","meg","isacompta","secondary","not_found","","","","",""
"FR","invoicing","zoho","isacompta","secondary","not_found","","","","",""
"FR","invoicing","team-system-facture","isacompta","secondary","not_found","","","","",""
"FR","invoicing","teledec","isacompta","secondary","not_found","","","","",""
"FR","vertical","sinari","isacompta","secondary","not_found","","","","",""
"FR","invoicing","infast","isacompta","secondary","not_found","","","","",""
"FR","invoicing","freebe","isacompta","secondary","not_found","","","","",""
"FR","invoicing","invoicing-plus","isacompta","secondary","not_found","","","","",""
"FR","vertical","menlog","isacompta","secondary","directory","api","","https://www.connect-compta.fr/#annuaire","https://www.connect-compta.fr/#annuaire","connect-compta, Chift's directory, lists a direct connection."
"FR","vertical","gestav","isacompta","secondary","not_found","","","","",""
"FR","vertical","sufatech","isacompta","secondary","not_found","","","","",""
"FR","invoicing","septeo","isacompta","secondary","directory","api","","https://www.connect-compta.fr/#annuaire","https://www.connect-compta.fr/#annuaire","connect-compta, Chift's directory, lists a direct connection."
"FR","construction","kalitics","isacompta","secondary","not_found","","","","",""
"FR","payables","weinvoice-by-weproc","isacompta","secondary","not_found","","","","",""
"FR","vertical","isaeta","isacompta","secondary","directory","api","","https://www.connect-compta.fr/#annuaire","https://www.connect-compta.fr/#annuaire","connect-compta, Chift's directory, lists a built-in connection (same vendor)."
"FR","vertical","isavigne","isacompta","secondary","directory","api","","https://www.connect-compta.fr/#annuaire","https://www.connect-compta.fr/#annuaire","connect-compta, Chift's directory, lists a built-in connection (same vendor)."
"FR","vertical","wineriz","isacompta","secondary","directory","api","","https://www.connect-compta.fr/#annuaire","https://www.connect-compta.fr/#annuaire","connect-compta, Chift's directory, lists a direct connection."
"FR","payables","open-bee","isacompta","secondary","not_found","","","","",""
"FR","vertical","manerty","isacompta","secondary","not_found","","","","",""
"FR","pos","abill","isacompta","secondary","not_found","","","","",""
"FR","pos","addictill","isacompta","secondary","not_found","","","","",""
"FR","pos","apitic","isacompta","secondary","not_found","","","","",""
"FR","pos","atilla","isacompta","secondary","not_found","","","","",""
"FR","pos","bdp","isacompta","secondary","not_found","","","","",""
"FR","pos","carrepos","isacompta","secondary","not_found","","","","",""
"FR","pos","cashmag","isacompta","secondary","not_found","","","","",""
"FR","pos","cashpad","isacompta","secondary","not_found","","","","",""
"FR","pos","cegid-retail","isacompta","secondary","not_found","","","","",""
"FR","pos","clyo-systems","isacompta","secondary","not_found","","","","",""
"FR","pos","connectill","isacompta","secondary","not_found","","","","",""
"FR","pos","fastmag","isacompta","secondary","not_found","","","","",""
"FR","pos","fulleapps","isacompta","secondary","not_found","","","","",""
"FR","pos","hellocash","isacompta","secondary","not_found","","","","",""
"FR","pos","hiboutik","isacompta","secondary","not_found","","","","",""
"FR","pos","innovorder","isacompta","secondary","not_found","","","","",""
"FR","pos","jalia-jdc","isacompta","secondary","not_found","","","","",""
"FR","pos","l-addition","isacompta","secondary","not_found","","","","",""
"FR","pos","last-app","isacompta","secondary","not_found","","","","",""
"FR","pos","leo2","isacompta","secondary","not_found","","","","",""
"FR","pos","pi-electronique","isacompta","secondary","not_found","","","","",""
"FR","pos","planity","isacompta","secondary","not_found","","","","",""
"FR","pos","popina","isacompta","secondary","not_found","","","","",""
"FR","pos","restomax","isacompta","secondary","not_found","","","","",""
"FR","pos","shopcaisse","isacompta","secondary","not_found","","","","",""
"FR","pos","shopify-pos","isacompta","secondary","not_found","","","","",""
"FR","pos","simphony","isacompta","secondary","not_found","","","","",""
"FR","pos","square","isacompta","secondary","not_found","","","","",""
"FR","pos","synapsy","isacompta","secondary","not_found","","","","",""
"FR","pos","tactilpad","isacompta","secondary","not_found","","","","",""
"FR","pos","tiller","isacompta","secondary","not_found","","","","",""
"FR","pos","toporder-mypos-cash-register","isacompta","secondary","not_found","","","","",""
"FR","pos","trivec","isacompta","secondary","not_found","","","","",""
"FR","pos","zelty","isacompta","secondary","not_found","","","","",""
"FR","pos","biborne","isacompta","secondary","not_found","","","","",""
"FR","pos","breeze-pos","isacompta","secondary","not_found","","","","",""
"FR","pos","caisse-enregistreuse-fr-kash-click","isacompta","secondary","not_found","","","","",""
"FR","pos","cash-systemes-industrie","isacompta","secondary","not_found","","","","",""
"FR","pos","clictill","isacompta","secondary","not_found","","","","",""
"FR","pos","force7-by-cashmag","isacompta","secondary","not_found","","","","",""
"FR","pos","genius-by-neosystems","isacompta","secondary","not_found","","","","",""
"FR","pos","hairnet-by-cashmag","isacompta","secondary","not_found","","","","",""
"FR","pos","jdc-caisse-et-monetique-sans-bo","isacompta","secondary","not_found","","","","",""
"FR","pos","kerawen","isacompta","secondary","not_found","","","","",""
"FR","pos","kezia-ii-by-jdc","isacompta","secondary","not_found","","","","",""
"FR","pos","kwisatz","isacompta","secondary","not_found","","","","",""
"FR","pos","locatouch","isacompta","secondary","not_found","","","","",""
"FR","pos","ls-coiffure-bu-cashmag","isacompta","secondary","not_found","","","","",""
"FR","pos","macxiphone","isacompta","secondary","not_found","","","","",""
"FR","pos","neosystems","isacompta","secondary","not_found","","","","",""
"FR","pos","nova-by-jdc","isacompta","secondary","not_found","","","","",""
"FR","pos","one-touch-encaissement","isacompta","secondary","not_found","","","","",""
"FR","pos","rezomatic-tgm-commerce","isacompta","secondary","not_found","","","","",""
"FR","pos","popina-k-by-jdc","isacompta","secondary","not_found","","","","",""
"FR","pos","smart-caisse","isacompta","secondary","not_found","","","","",""
"FR","pos","solumag-easycommerce-et-sydevcamp","isacompta","secondary","not_found","","","","",""
"FR","pos","solutions-pdv","isacompta","secondary","not_found","","","","",""
"FR","pos","sora","isacompta","secondary","not_found","","","","",""
"FR","pos","synergie-73-informatique","isacompta","secondary","not_found","","","","",""
"FR","pos","weshop","isacompta","secondary","not_found","","","","",""
"FR","pos","crisalid","isacompta","secondary","not_found","","","","",""
"FR","expense","pleo","cegid-experts","secondary","not_found","","","","",""
"FR","expense","spendesk","cegid-experts","secondary","not_found","","","","",""
"FR","expense","payhawk","cegid-experts","secondary","not_found","","","","",""
"FR","expense","mooncard","cegid-experts","secondary","not_found","","","","",""
"FR","expense","n2f","cegid-experts","secondary","directory","api","","https://www.connect-compta.fr/#annuaire","https://www.connect-compta.fr/#annuaire","connect-compta, Chift's directory, lists a direct connection."
"FR","expense","expensya","cegid-experts","secondary","not_found","","","","",""
"FR","expense","jenji","cegid-experts","secondary","not_found","","","","",""
"FR","expense","moss","cegid-experts","secondary","not_found","","","","",""
"FR","banking","qonto","cegid-experts","secondary","declared","via_partner","","https://qonto.com/fr/integrations/cegid-expert-jedeclare","","EBICS link through jedeclare.com (third party)"
"FR","banking","shine","cegid-experts","secondary","directory","via_partner","","https://www.shine.fr/integrations-comptables/","https://www.connect-compta.fr/#annuaire","Listed as: Transactions - via Jedeclare. Also listed in connect-compta (direct connection)."
"FR","banking","finom","cegid-experts","secondary","not_found","","","","",""
"FR","banking","memo-bank","cegid-experts","secondary","not_found","","","","",""
"FR","banking","revolut-business","cegid-experts","secondary","not_found","","","","",""
"FR","banking","bunq","cegid-experts","secondary","not_found","","","","",""
"FR","banking","tide","cegid-experts","secondary","not_found","","","","",""
"FR","banking","holvi","cegid-experts","secondary","not_found","","","","",""
"FR","cash","agicap","cegid-experts","secondary","directory","via_partner","yes","https://www.connect-compta.fr/#annuaire","https://www.connect-compta.fr/#annuaire","connect-compta, Chift's directory, lists a connection through Chift."
"FR","cash","fygr","cegid-experts","secondary","not_found","","","","",""
"FR","cash","trezy","cegid-experts","secondary","not_found","","","","",""
"FR","payables","dext","cegid-experts","secondary","directory","file_export","","https://help.dext.com/fr/articles/208429-exporter-les-ecritures-vers-cegid-expert-sans-api","https://www.connect-compta.fr/#annuaire","Export entries to Cegid Expert without API (Cegid TRA format). Also listed in connect-compta (direct connection)."
"FR","payables","libeo","cegid-experts","secondary","declared","file_export","","https://help.libeo.io/fr/articles/6680518-cegid-expert-exporter-mes-ecritures-comptables-avec-pieces-et-analytique","","Export entries with Cegid templates and import into Cegid Expert"
"FR","payables","candis","cegid-experts","secondary","not_found","","","","",""
"FR","payables","getmyinvoices","cegid-experts","secondary","not_found","","","","",""
"FR","payables","klippa","cegid-experts","secondary","not_found","","","","",""
"FR","payables","yooz","cegid-experts","secondary","directory","api","","https://www.connect-compta.fr/#annuaire","https://www.connect-compta.fr/#annuaire","connect-compta, Chift's directory, lists a direct connection."
"FR","payables","chaintrust","cegid-experts","secondary","directory","api","","https://www.connect-compta.fr/#annuaire","https://www.connect-compta.fr/#annuaire","connect-compta, Chift's directory, lists a direct connection."
"FR","invoicing","billit","cegid-experts","secondary","not_found","","","","",""
"FR","invoicing","teamleader","cegid-experts","secondary","not_found","","","","",""
"FR","invoicing","sellsy","cegid-experts","secondary","not_found","","","","",""
"FR","invoicing","axonaut","cegid-experts","secondary","not_found","","","","",""
"FR","pos","sumup","cegid-experts","secondary","directory","via_partner","yes","https://www.connect-compta.fr/#annuaire","https://www.connect-compta.fr/#annuaire","connect-compta, Chift's directory, lists a connection through Chift."
"FR","pos","lightspeed","cegid-experts","secondary","not_found","","","","",""
"FR","pos","mollie","cegid-experts","secondary","not_found","","","","",""
"FR","pos","gocardless","cegid-experts","secondary","not_found","","","","",""
"FR","pos","payplug","cegid-experts","secondary","not_found","","","","",""
"FR","pos","zettle","cegid-experts","secondary","not_found","","","","",""
"FR","hr","payfit","cegid-experts","secondary","not_found","","","","",""
"FR","hr","lucca","cegid-experts","secondary","not_found","","","","",""
"FR","hr","skello","cegid-experts","secondary","not_found","","","","",""
"FR","hr","combo","cegid-experts","secondary","not_found","","","","",""
"FR","construction","vertuoza","cegid-experts","secondary","not_found","","","","",""
"FR","construction","graneet","cegid-experts","secondary","not_found","","","","",""
"FR","construction","obat","cegid-experts","secondary","not_found","","","","",""
"FR","invoicing","abby","cegid-experts","secondary","not_found","","","","",""
"FR","vertical","boondmanager","cegid-experts","secondary","not_found","","","","",""
"FR","vertical","dashdoc","cegid-experts","secondary","not_found","","","","",""
"FR","invoicing","dolibarr","cegid-experts","secondary","not_found","","","","",""
"FR","invoicing","ebp-gescom","cegid-experts","secondary","directory","api","","https://www.connect-compta.fr/#annuaire","https://www.connect-compta.fr/#annuaire","connect-compta, Chift's directory, lists a direct connection."
"FR","invoicing","evoliz","cegid-experts","secondary","not_found","","","","",""
"FR","payables","facnote","cegid-experts","secondary","not_found","","","","",""
"FR","invoicing","factomos","cegid-experts","secondary","not_found","","","","",""
"FR","invoicing","henrri","cegid-experts","secondary","not_found","","","","",""
"FR","invoicing","jefacture-com","cegid-experts","secondary","not_found","","","","",""
"FR","invoicing","kolecto","cegid-experts","secondary","not_found","","","","",""
"FR","construction","organilog","cegid-experts","secondary","not_found","","","","",""
"FR","invoicing","sage-100-gestion-commerciale","cegid-experts","secondary","not_found","","","","",""
"FR","invoicing","seqino","cegid-experts","secondary","not_found","","","","",""
"FR","invoicing","toolcie","cegid-experts","secondary","not_found","","","","",""
"FR","invoicing","vosfactures","cegid-experts","secondary","not_found","","","","",""
"FR","construction","costructor","cegid-experts","secondary","not_found","","","","",""
"FR","construction","progbat","cegid-experts","secondary","not_found","","","","",""
"FR","vertical","digiforma","cegid-experts","secondary","not_found","","","","",""
"FR","payables","ipaidthat","cegid-experts","secondary","not_found","","","","",""
"FR","invoicing","meg","cegid-experts","secondary","directory","api","","https://www.connect-compta.fr/#annuaire","https://www.connect-compta.fr/#annuaire","connect-compta, Chift's directory, lists a direct connection."
"FR","invoicing","zoho","cegid-experts","secondary","not_found","","","","",""
"FR","invoicing","team-system-facture","cegid-experts","secondary","not_found","","","","",""
"FR","invoicing","teledec","cegid-experts","secondary","not_found","","","","",""
"FR","vertical","sinari","cegid-experts","secondary","not_found","","","","",""
"FR","invoicing","infast","cegid-experts","secondary","not_found","","","","",""
"FR","invoicing","freebe","cegid-experts","secondary","not_found","","","","",""
"FR","invoicing","invoicing-plus","cegid-experts","secondary","not_found","","","","",""
"FR","vertical","menlog","cegid-experts","secondary","directory","api","","https://www.connect-compta.fr/#annuaire","https://www.connect-compta.fr/#annuaire","connect-compta, Chift's directory, lists a direct connection."
"FR","vertical","gestav","cegid-experts","secondary","not_found","","","","",""
"FR","vertical","sufatech","cegid-experts","secondary","not_found","","","","",""
"FR","invoicing","septeo","cegid-experts","secondary","directory","api","","https://www.connect-compta.fr/#annuaire","https://www.connect-compta.fr/#annuaire","connect-compta, Chift's directory, lists a direct connection."
"FR","construction","kalitics","cegid-experts","secondary","not_found","","","","",""
"FR","payables","weinvoice-by-weproc","cegid-experts","secondary","directory","api","","https://www.connect-compta.fr/#annuaire","https://www.connect-compta.fr/#annuaire","connect-compta, Chift's directory, lists a direct connection."
"FR","vertical","isaeta","cegid-experts","secondary","not_found","","","","",""
"FR","vertical","isavigne","cegid-experts","secondary","not_found","","","","",""
"FR","vertical","wineriz","cegid-experts","secondary","directory","api","","https://www.connect-compta.fr/#annuaire","https://www.connect-compta.fr/#annuaire","connect-compta, Chift's directory, lists a direct connection."
"FR","payables","open-bee","cegid-experts","secondary","directory","api","","https://www.connect-compta.fr/#annuaire","https://www.connect-compta.fr/#annuaire","connect-compta, Chift's directory, lists a direct connection."
"FR","vertical","manerty","cegid-experts","secondary","not_found","","","","",""
"FR","pos","abill","cegid-experts","secondary","directory","via_partner","yes","https://www.connect-compta.fr/#annuaire","https://www.connect-compta.fr/#annuaire","connect-compta, Chift's directory, lists a connection through Chift."
"FR","pos","addictill","cegid-experts","secondary","directory","via_partner","yes","https://www.connect-compta.fr/#annuaire","https://www.connect-compta.fr/#annuaire","connect-compta, Chift's directory, lists a connection through Chift."
"FR","pos","apitic","cegid-experts","secondary","not_found","","","","",""
"FR","pos","atilla","cegid-experts","secondary","directory","via_partner","yes","https://www.connect-compta.fr/#annuaire","https://www.connect-compta.fr/#annuaire","connect-compta, Chift's directory, lists a connection through Chift."
"FR","pos","bdp","cegid-experts","secondary","not_found","","","","",""
"FR","pos","carrepos","cegid-experts","secondary","directory","via_partner","yes","https://www.connect-compta.fr/#annuaire","https://www.connect-compta.fr/#annuaire","connect-compta, Chift's directory, lists a connection through Chift."
"FR","pos","cashmag","cegid-experts","secondary","directory","via_partner","yes","https://www.connect-compta.fr/#annuaire","https://www.connect-compta.fr/#annuaire","connect-compta, Chift's directory, lists a connection through Chift."
"FR","pos","cashpad","cegid-experts","secondary","directory","via_partner","yes","https://www.connect-compta.fr/#annuaire","https://www.connect-compta.fr/#annuaire","connect-compta, Chift's directory, lists a connection through Chift."
"FR","pos","cegid-retail","cegid-experts","secondary","not_found","","","","",""
"FR","pos","clyo-systems","cegid-experts","secondary","directory","via_partner","yes","https://www.connect-compta.fr/#annuaire","https://www.connect-compta.fr/#annuaire","connect-compta, Chift's directory, lists a connection through Chift."
"FR","pos","connectill","cegid-experts","secondary","directory","via_partner","yes","https://www.connect-compta.fr/#annuaire","https://www.connect-compta.fr/#annuaire","connect-compta, Chift's directory, lists a connection through Chift."
"FR","pos","fastmag","cegid-experts","secondary","directory","via_partner","yes","https://www.connect-compta.fr/#annuaire","https://www.connect-compta.fr/#annuaire","connect-compta, Chift's directory, lists a connection through Chift."
"FR","pos","fulleapps","cegid-experts","secondary","directory","via_partner","yes","https://www.connect-compta.fr/#annuaire","https://www.connect-compta.fr/#annuaire","connect-compta, Chift's directory, lists a connection through Chift."
"FR","pos","hellocash","cegid-experts","secondary","directory","via_partner","yes","https://www.connect-compta.fr/#annuaire","https://www.connect-compta.fr/#annuaire","connect-compta, Chift's directory, lists a connection through Chift."
"FR","pos","hiboutik","cegid-experts","secondary","directory","via_partner","yes","https://www.connect-compta.fr/#annuaire","https://www.connect-compta.fr/#annuaire","connect-compta, Chift's directory, lists a connection through Chift."
"FR","pos","innovorder","cegid-experts","secondary","directory","via_partner","yes","https://www.connect-compta.fr/#annuaire","https://www.connect-compta.fr/#annuaire","connect-compta, Chift's directory, lists a connection through Chift."
"FR","pos","jalia-jdc","cegid-experts","secondary","directory","via_partner","yes","https://www.connect-compta.fr/#annuaire","https://www.connect-compta.fr/#annuaire","connect-compta, Chift's directory, lists a connection through Chift."
"FR","pos","l-addition","cegid-experts","secondary","directory","via_partner","yes","https://www.connect-compta.fr/#annuaire","https://www.connect-compta.fr/#annuaire","connect-compta, Chift's directory, lists a connection through Chift."
"FR","pos","last-app","cegid-experts","secondary","not_found","","","","",""
"FR","pos","leo2","cegid-experts","secondary","directory","via_partner","yes","https://www.connect-compta.fr/#annuaire","https://www.connect-compta.fr/#annuaire","connect-compta, Chift's directory, lists a connection through Chift."
"FR","pos","pi-electronique","cegid-experts","secondary","directory","via_partner","yes","https://www.connect-compta.fr/#annuaire","https://www.connect-compta.fr/#annuaire","connect-compta, Chift's directory, lists a connection through Chift."
"FR","pos","planity","cegid-experts","secondary","directory","via_partner","yes","https://www.connect-compta.fr/#annuaire","https://www.connect-compta.fr/#annuaire","connect-compta, Chift's directory, lists a connection through Chift."
"FR","pos","popina","cegid-experts","secondary","directory","via_partner","yes","https://www.connect-compta.fr/#annuaire","https://www.connect-compta.fr/#annuaire","connect-compta, Chift's directory, lists a connection through Chift."
"FR","pos","restomax","cegid-experts","secondary","directory","via_partner","yes","https://www.connect-compta.fr/#annuaire","https://www.connect-compta.fr/#annuaire","connect-compta, Chift's directory, lists a connection through Chift."
"FR","pos","shopcaisse","cegid-experts","secondary","directory","via_partner","yes","https://www.connect-compta.fr/#annuaire","https://www.connect-compta.fr/#annuaire","connect-compta, Chift's directory, lists a connection through Chift."
"FR","pos","shopify-pos","cegid-experts","secondary","not_found","","","","",""
"FR","pos","simphony","cegid-experts","secondary","not_found","","","","",""
"FR","pos","square","cegid-experts","secondary","not_found","","","","",""
"FR","pos","synapsy","cegid-experts","secondary","directory","via_partner","yes","https://www.connect-compta.fr/#annuaire","https://www.connect-compta.fr/#annuaire","connect-compta, Chift's directory, lists a connection through Chift."
"FR","pos","tactilpad","cegid-experts","secondary","directory","via_partner","yes","https://www.connect-compta.fr/#annuaire","https://www.connect-compta.fr/#annuaire","connect-compta, Chift's directory, lists a connection through Chift."
"FR","pos","tiller","cegid-experts","secondary","not_found","","","","",""
"FR","pos","toporder-mypos-cash-register","cegid-experts","secondary","not_found","","","","",""
"FR","pos","trivec","cegid-experts","secondary","directory","via_partner","yes","https://www.connect-compta.fr/#annuaire","https://www.connect-compta.fr/#annuaire","connect-compta, Chift's directory, lists a connection through Chift."
"FR","pos","zelty","cegid-experts","secondary","directory","via_partner","yes","https://www.connect-compta.fr/#annuaire","https://www.connect-compta.fr/#annuaire","connect-compta, Chift's directory, lists a connection through Chift."
"FR","pos","biborne","cegid-experts","secondary","not_found","","","","",""
"FR","pos","breeze-pos","cegid-experts","secondary","not_found","","","","",""
"FR","pos","caisse-enregistreuse-fr-kash-click","cegid-experts","secondary","not_found","","","","",""
"FR","pos","cash-systemes-industrie","cegid-experts","secondary","not_found","","","","",""
"FR","pos","clictill","cegid-experts","secondary","not_found","","","","",""
"FR","pos","force7-by-cashmag","cegid-experts","secondary","not_found","","","","",""
"FR","pos","genius-by-neosystems","cegid-experts","secondary","not_found","","","","",""
"FR","pos","hairnet-by-cashmag","cegid-experts","secondary","not_found","","","","",""
"FR","pos","jdc-caisse-et-monetique-sans-bo","cegid-experts","secondary","not_found","","","","",""
"FR","pos","kerawen","cegid-experts","secondary","not_found","","","","",""
"FR","pos","kezia-ii-by-jdc","cegid-experts","secondary","not_found","","","","",""
"FR","pos","kwisatz","cegid-experts","secondary","not_found","","","","",""
"FR","pos","locatouch","cegid-experts","secondary","not_found","","","","",""
"FR","pos","ls-coiffure-bu-cashmag","cegid-experts","secondary","not_found","","","","",""
"FR","pos","macxiphone","cegid-experts","secondary","not_found","","","","",""
"FR","pos","neosystems","cegid-experts","secondary","not_found","","","","",""
"FR","pos","nova-by-jdc","cegid-experts","secondary","not_found","","","","",""
"FR","pos","one-touch-encaissement","cegid-experts","secondary","not_found","","","","",""
"FR","pos","rezomatic-tgm-commerce","cegid-experts","secondary","not_found","","","","",""
"FR","pos","popina-k-by-jdc","cegid-experts","secondary","not_found","","","","",""
"FR","pos","smart-caisse","cegid-experts","secondary","not_found","","","","",""
"FR","pos","solumag-easycommerce-et-sydevcamp","cegid-experts","secondary","not_found","","","","",""
"FR","pos","solutions-pdv","cegid-experts","secondary","not_found","","","","",""
"FR","pos","sora","cegid-experts","secondary","not_found","","","","",""
"FR","pos","synergie-73-informatique","cegid-experts","secondary","not_found","","","","",""
"FR","pos","weshop","cegid-experts","secondary","not_found","","","","",""
"FR","pos","crisalid","cegid-experts","secondary","not_found","","","","",""
"FR","expense","pleo","indy","secondary","not_found","","","","",""
"FR","expense","spendesk","indy","secondary","not_found","","","","",""
"FR","expense","payhawk","indy","secondary","not_found","","","","",""
"FR","expense","mooncard","indy","secondary","not_found","","","","",""
"FR","expense","n2f","indy","secondary","not_found","","","","",""
"FR","expense","expensya","indy","secondary","not_found","","","","",""
"FR","expense","jenji","indy","secondary","not_found","","","","",""
"FR","expense","moss","indy","secondary","not_found","","","","",""
"FR","banking","qonto","indy","secondary","not_found","","","","",""
"FR","banking","shine","indy","secondary","directory","api","","https://www.shine.fr/integrations-comptables/","https://www.connect-compta.fr/#annuaire","Listed as: Transactions, factures - API directe. Also listed in connect-compta (direct connection)."
"FR","banking","finom","indy","secondary","declared","unknown","","https://finom.co/fr-fr/integrations/","","Listed under ""Intégrations"" on Finom's French integrations page (read 2026-10-02 in a browser); no mechanism stated."
"FR","banking","memo-bank","indy","secondary","declared","via_partner","","https://memo.bank/produit/integrations/","","Listed with connector: Bridge (third-party aggregator)"
"FR","banking","revolut-business","indy","secondary","not_found","","","","",""
"FR","banking","bunq","indy","secondary","not_found","","","","",""
"FR","banking","tide","indy","secondary","not_found","","","","",""
"FR","banking","holvi","indy","secondary","not_found","","","","",""
"FR","cash","agicap","indy","secondary","not_found","","","","",""
"FR","cash","fygr","indy","secondary","not_found","","","","",""
"FR","cash","trezy","indy","secondary","not_found","","","","",""
"FR","payables","dext","indy","secondary","not_found","","","","",""
"FR","payables","libeo","indy","secondary","not_found","","","","",""
"FR","payables","candis","indy","secondary","not_found","","","","",""
"FR","payables","getmyinvoices","indy","secondary","not_found","","","","",""
"FR","payables","klippa","indy","secondary","not_found","","","","",""
"FR","payables","yooz","indy","secondary","not_found","","","","",""
"FR","payables","chaintrust","indy","secondary","not_found","","","","",""
"FR","invoicing","billit","indy","secondary","not_found","","","","",""
"FR","invoicing","teamleader","indy","secondary","not_found","","","","",""
"FR","invoicing","sellsy","indy","secondary","not_found","","","","",""
"FR","invoicing","axonaut","indy","secondary","not_found","","","","",""
"FR","pos","sumup","indy","secondary","not_found","","","","",""
"FR","pos","lightspeed","indy","secondary","not_found","","","","",""
"FR","pos","mollie","indy","secondary","not_found","","","","",""
"FR","pos","gocardless","indy","secondary","not_found","","","","",""
"FR","pos","payplug","indy","secondary","not_found","","","","",""
"FR","pos","zettle","indy","secondary","not_found","","","","",""
"FR","hr","payfit","indy","secondary","not_found","","","","",""
"FR","hr","lucca","indy","secondary","not_found","","","","",""
"FR","hr","skello","indy","secondary","not_found","","","","",""
"FR","hr","combo","indy","secondary","not_found","","","","",""
"FR","construction","vertuoza","indy","secondary","not_found","","","","",""
"FR","construction","graneet","indy","secondary","not_found","","","","",""
"FR","construction","obat","indy","secondary","not_found","","","","",""
"FR","invoicing","abby","indy","secondary","not_found","","","","",""
"FR","vertical","boondmanager","indy","secondary","not_found","","","","",""
"FR","vertical","dashdoc","indy","secondary","not_found","","","","",""
"FR","invoicing","dolibarr","indy","secondary","not_found","","","","",""
"FR","invoicing","ebp-gescom","indy","secondary","not_found","","","","",""
"FR","invoicing","evoliz","indy","secondary","not_found","","","","",""
"FR","payables","facnote","indy","secondary","not_found","","","","",""
"FR","invoicing","factomos","indy","secondary","not_found","","","","",""
"FR","invoicing","henrri","indy","secondary","not_found","","","","",""
"FR","invoicing","jefacture-com","indy","secondary","not_found","","","","",""
"FR","invoicing","kolecto","indy","secondary","not_found","","","","",""
"FR","construction","organilog","indy","secondary","not_found","","","","",""
"FR","invoicing","sage-100-gestion-commerciale","indy","secondary","not_found","","","","",""
"FR","invoicing","seqino","indy","secondary","not_found","","","","",""
"FR","invoicing","toolcie","indy","secondary","not_found","","","","",""
"FR","invoicing","vosfactures","indy","secondary","not_found","","","","",""
"FR","construction","costructor","indy","secondary","not_found","","","","",""
"FR","construction","progbat","indy","secondary","not_found","","","","",""
"FR","vertical","digiforma","indy","secondary","not_found","","","","",""
"FR","payables","ipaidthat","indy","secondary","not_found","","","","",""
"FR","invoicing","meg","indy","secondary","not_found","","","","",""
"FR","invoicing","zoho","indy","secondary","not_found","","","","",""
"FR","invoicing","team-system-facture","indy","secondary","not_found","","","","",""
"FR","invoicing","teledec","indy","secondary","not_found","","","","",""
"FR","vertical","sinari","indy","secondary","not_found","","","","",""
"FR","invoicing","infast","indy","secondary","not_found","","","","",""
"FR","invoicing","freebe","indy","secondary","not_found","","","","",""
"FR","invoicing","invoicing-plus","indy","secondary","not_found","","","","",""
"FR","vertical","menlog","indy","secondary","not_found","","","","",""
"FR","vertical","gestav","indy","secondary","not_found","","","","",""
"FR","vertical","sufatech","indy","secondary","not_found","","","","",""
"FR","invoicing","septeo","indy","secondary","not_found","","","","",""
"FR","construction","kalitics","indy","secondary","not_found","","","","",""
"FR","payables","weinvoice-by-weproc","indy","secondary","not_found","","","","",""
"FR","vertical","isaeta","indy","secondary","not_found","","","","",""
"FR","vertical","isavigne","indy","secondary","not_found","","","","",""
"FR","vertical","wineriz","indy","secondary","not_found","","","","",""
"FR","payables","open-bee","indy","secondary","not_found","","","","",""
"FR","vertical","manerty","indy","secondary","not_found","","","","",""
"FR","pos","abill","indy","secondary","not_found","","","","",""
"FR","pos","addictill","indy","secondary","not_found","","","","",""
"FR","pos","apitic","indy","secondary","not_found","","","","",""
"FR","pos","atilla","indy","secondary","not_found","","","","",""
"FR","pos","bdp","indy","secondary","not_found","","","","",""
"FR","pos","carrepos","indy","secondary","not_found","","","","",""
"FR","pos","cashmag","indy","secondary","not_found","","","","",""
"FR","pos","cashpad","indy","secondary","not_found","","","","",""
"FR","pos","cegid-retail","indy","secondary","not_found","","","","",""
"FR","pos","clyo-systems","indy","secondary","not_found","","","","",""
"FR","pos","connectill","indy","secondary","not_found","","","","",""
"FR","pos","fastmag","indy","secondary","not_found","","","","",""
"FR","pos","fulleapps","indy","secondary","not_found","","","","",""
"FR","pos","hellocash","indy","secondary","not_found","","","","",""
"FR","pos","hiboutik","indy","secondary","not_found","","","","",""
"FR","pos","innovorder","indy","secondary","not_found","","","","",""
"FR","pos","jalia-jdc","indy","secondary","not_found","","","","",""
"FR","pos","l-addition","indy","secondary","not_found","","","","",""
"FR","pos","last-app","indy","secondary","not_found","","","","",""
"FR","pos","leo2","indy","secondary","not_found","","","","",""
"FR","pos","pi-electronique","indy","secondary","not_found","","","","",""
"FR","pos","planity","indy","secondary","not_found","","","","",""
"FR","pos","popina","indy","secondary","not_found","","","","",""
"FR","pos","restomax","indy","secondary","not_found","","","","",""
"FR","pos","shopcaisse","indy","secondary","not_found","","","","",""
"FR","pos","shopify-pos","indy","secondary","not_found","","","","",""
"FR","pos","simphony","indy","secondary","not_found","","","","",""
"FR","pos","square","indy","secondary","not_found","","","","",""
"FR","pos","synapsy","indy","secondary","not_found","","","","",""
"FR","pos","tactilpad","indy","secondary","not_found","","","","",""
"FR","pos","tiller","indy","secondary","not_found","","","","",""
"FR","pos","toporder-mypos-cash-register","indy","secondary","not_found","","","","",""
"FR","pos","trivec","indy","secondary","not_found","","","","",""
"FR","pos","zelty","indy","secondary","not_found","","","","",""
"FR","pos","biborne","indy","secondary","not_found","","","","",""
"FR","pos","breeze-pos","indy","secondary","not_found","","","","",""
"FR","pos","caisse-enregistreuse-fr-kash-click","indy","secondary","not_found","","","","",""
"FR","pos","cash-systemes-industrie","indy","secondary","not_found","","","","",""
"FR","pos","clictill","indy","secondary","not_found","","","","",""
"FR","pos","force7-by-cashmag","indy","secondary","not_found","","","","",""
"FR","pos","genius-by-neosystems","indy","secondary","not_found","","","","",""
"FR","pos","hairnet-by-cashmag","indy","secondary","not_found","","","","",""
"FR","pos","jdc-caisse-et-monetique-sans-bo","indy","secondary","not_found","","","","",""
"FR","pos","kerawen","indy","secondary","not_found","","","","",""
"FR","pos","kezia-ii-by-jdc","indy","secondary","not_found","","","","",""
"FR","pos","kwisatz","indy","secondary","not_found","","","","",""
"FR","pos","locatouch","indy","secondary","not_found","","","","",""
"FR","pos","ls-coiffure-bu-cashmag","indy","secondary","not_found","","","","",""
"FR","pos","macxiphone","indy","secondary","not_found","","","","",""
"FR","pos","neosystems","indy","secondary","not_found","","","","",""
"FR","pos","nova-by-jdc","indy","secondary","not_found","","","","",""
"FR","pos","one-touch-encaissement","indy","secondary","not_found","","","","",""
"FR","pos","rezomatic-tgm-commerce","indy","secondary","not_found","","","","",""
"FR","pos","popina-k-by-jdc","indy","secondary","not_found","","","","",""
"FR","pos","smart-caisse","indy","secondary","not_found","","","","",""
"FR","pos","solumag-easycommerce-et-sydevcamp","indy","secondary","not_found","","","","",""
"FR","pos","solutions-pdv","indy","secondary","not_found","","","","",""
"FR","pos","sora","indy","secondary","not_found","","","","",""
"FR","pos","synergie-73-informatique","indy","secondary","not_found","","","","",""
"FR","pos","weshop","indy","secondary","not_found","","","","",""
"FR","pos","crisalid","indy","secondary","not_found","","","","",""
"FR","expense","pleo","odoo","secondary","declared","api","","https://www.pleo.io/en/integrations/odoo","","Export every expense into Odoo in one click; syncs tags, VAT codes"
"FR","expense","spendesk","odoo","secondary","directory","via_partner","yes","https://www.spendesk.com/integrations/odoo/","https://www.connect-compta.fr/#annuaire","Developed by: Spendesk via Chift; native two-way integration. Also listed in connect-compta (connection through Chift)."
"FR","expense","payhawk","odoo","secondary","declared","via_partner","","https://payhawk.com/integrations","","Card: connect with Odoo through our partner-built integration"
"FR","expense","mooncard","odoo","secondary","not_found","","","","",""
"FR","expense","n2f","odoo","secondary","declared","unknown","","https://www.n2f.com/en/integrations/odoo/","","Dedicated page 'N2F integrates with Odoo'; mechanism not described"
"FR","expense","expensya","odoo","secondary","not_found","","","","",""
"FR","expense","jenji","odoo","secondary","declared","unknown","","https://www.jenji.io/fr/integrations/erp-comptabilite-finance","","Logo in 'ERP & Comptabilité' grid; connector type not specified per software"
"FR","expense","moss","odoo","secondary","declared","api","","https://www.getmoss.com/integrations","","Listed under Accounting with label 'API'"
"FR","banking","qonto","odoo","secondary","declared","api","","https://qonto.com/fr/integrations/odoo","","EBICS statements and transfers; also transactions sync listed NL/BE"
"FR","banking","shine","odoo","secondary","not_found","","","","",""
"FR","banking","finom","odoo","secondary","declared","unknown","","https://finom.co/fr-fr/integrations/","","Listed under ""Intégrations"" on Finom's French integrations page (read 2026-10-02 in a browser); no mechanism stated."
"FR","banking","memo-bank","odoo","secondary","declared","api","","https://memo.bank/produit/integrations/","","Listed with connector: EBICS (direct EBICS TS connection)"
"FR","banking","revolut-business","odoo","secondary","declared","api","","https://www.revolut.com/business/integrations/","","Odoo: Automatically import account statements into your Odoo database."
"FR","banking","bunq","odoo","secondary","not_found","","","","",""
"FR","banking","tide","odoo","secondary","not_found","","","","",""
"FR","banking","holvi","odoo","secondary","declared","api","","https://www.holvi.com/de/schnittstellen/","","Weitere Schnittstellen: 'Oodo – Plattformbasierte Unternehmenssoftware (ERP)', verbunden über die standardisierte PSD2-Schnittstelle mit Holvi."
"FR","cash","agicap","odoo","secondary","directory","api","yes","https://agicap.com/fr/nos-integrations/odoo/","https://www.connect-compta.fr/#annuaire","Bi-directional flows; encrypted API or SFTP connections. Also listed in connect-compta (connection through Chift)."
"FR","cash","fygr","odoo","secondary","declared","api","","https://help.okimia.com/fr/articles/9173875-comment-fonctionne-l-integration-entre-okimia-et-odoo","","Help 'Integrations via API'; automatic invoice retrieval"
"FR","cash","trezy","odoo","secondary","not_found","","","","",""
"FR","payables","dext","odoo","secondary","not_found","","","","",""
"FR","payables","libeo","odoo","secondary","directory","api","yes","https://libeo.io/integrations/odoo","https://www.connect-compta.fr/#annuaire","Documents and accounting entries are sent by API into Odoo. Also listed in connect-compta (connection through Chift)."
"FR","payables","candis","odoo","secondary","not_found","","","","",""
"FR","payables","getmyinvoices","odoo","secondary","not_found","","","","",""
"FR","payables","klippa","odoo","secondary","declared","api","","https://www.klippa.com/koppelingen/odoo/","","Connects directly to Odoo; books invoices directly to Odoo"
"FR","payables","yooz","odoo","secondary","directory","api","","https://www.getyooz.com/fr/logiciels-comptables-et-erp-connectes","https://www.connect-compta.fr/#annuaire","Logo on connected-ERP list (250+ native connectors); mechanism not detailed. Also listed in connect-compta (direct connection)."
"FR","payables","chaintrust","odoo","secondary","not_found","","","","",""
"FR","invoicing","billit","odoo","secondary","not_found","","","","",""
"FR","invoicing","teamleader","odoo","secondary","not_found","","","","",""
"FR","invoicing","sellsy","odoo","secondary","not_found","","","","",""
"FR","invoicing","axonaut","odoo","secondary","not_found","","","","",""
"FR","pos","sumup","odoo","secondary","not_found","","","","",""
"FR","pos","lightspeed","odoo","secondary","not_found","","","","",""
"FR","pos","mollie","odoo","secondary","declared","api","","https://www.mollie.com/integrations/odoo","","Mollie apps for Odoo ecommerce, POS and financial reconciliation"
"FR","pos","gocardless","odoo","secondary","declared","via_partner","","https://gocardless.com/partners/category/accounting-and-invoicing","","Listed as 'Odoo by Open User Systems'"
"FR","pos","payplug","odoo","secondary","declared","api","","https://www.payplug.com/fr/modules/odoo/","","Payplug module for Odoo: checkout and payment links in invoices"
"FR","pos","zettle","odoo","secondary","not_found","","","","",""
"FR","hr","payfit","odoo","secondary","declared","via_partner","","https://payfit.com/fr/go/odoo-by-sodexis/","","Payroll data pushed to Odoo Accounting through the Sodexis connector"
"FR","hr","lucca","odoo","secondary","directory","via_partner","yes","https://support.luccasoftware.com/s/article/Cr%C3%A9er-une-connexion-API?language=fr","https://www.connect-compta.fr/#annuaire","API connection for accounting entries; setup guide hosted on help.chift.app (Chift). Also listed in connect-compta (connection through Chift)."
"FR","hr","skello","odoo","secondary","not_found","","","","",""
"FR","hr","combo","odoo","secondary","not_found","","","","",""
"FR","construction","vertuoza","odoo","secondary","directory","api","yes","https://intercom-help.eu/vertuoza/fr/articles/522531-synchronisation-comptable-vue-d-ensemble","https://www.connect-compta.fr/#annuaire","Compatible-software table: sales, purchase send and purchase retrieval supported. Also listed in connect-compta (connection through Chift)."
"FR","construction","graneet","odoo","secondary","directory","via_partner","yes","https://www.connect-compta.fr/#annuaire","https://www.connect-compta.fr/#annuaire","connect-compta, Chift's directory, lists a connection through Chift."
"FR","construction","obat","odoo","secondary","not_found","","","","",""
"FR","invoicing","abby","odoo","secondary","not_found","","","","",""
"FR","vertical","boondmanager","odoo","secondary","not_found","","","","",""
"FR","vertical","dashdoc","odoo","secondary","not_found","","","","",""
"FR","invoicing","dolibarr","odoo","secondary","not_found","","","","",""
"FR","invoicing","ebp-gescom","odoo","secondary","not_found","","","","",""
"FR","invoicing","evoliz","odoo","secondary","not_found","","","","",""
"FR","payables","facnote","odoo","secondary","not_found","","","","",""
"FR","invoicing","factomos","odoo","secondary","not_found","","","","",""
"FR","invoicing","henrri","odoo","secondary","not_found","","","","",""
"FR","invoicing","jefacture-com","odoo","secondary","not_found","","","","",""
"FR","invoicing","kolecto","odoo","secondary","not_found","","","","",""
"FR","construction","organilog","odoo","secondary","directory","via_partner","yes","https://www.connect-compta.fr/#annuaire","https://www.connect-compta.fr/#annuaire","connect-compta, Chift's directory, lists a connection through Chift."
"FR","invoicing","sage-100-gestion-commerciale","odoo","secondary","not_found","","","","",""
"FR","invoicing","seqino","odoo","secondary","not_found","","","","",""
"FR","invoicing","toolcie","odoo","secondary","not_found","","","","",""
"FR","invoicing","vosfactures","odoo","secondary","not_found","","","","",""
"FR","construction","costructor","odoo","secondary","not_found","","","","",""
"FR","construction","progbat","odoo","secondary","not_found","","","","",""
"FR","vertical","digiforma","odoo","secondary","directory","via_partner","yes","https://www.connect-compta.fr/#annuaire","https://www.connect-compta.fr/#annuaire","connect-compta, Chift's directory, lists a connection through Chift."
"FR","payables","ipaidthat","odoo","secondary","not_found","","","","",""
"FR","invoicing","meg","odoo","secondary","not_found","","","","",""
"FR","invoicing","zoho","odoo","secondary","not_found","","","","",""
"FR","invoicing","team-system-facture","odoo","secondary","not_found","","","","",""
"FR","invoicing","teledec","odoo","secondary","not_found","","","","",""
"FR","vertical","sinari","odoo","secondary","not_found","","","","",""
"FR","invoicing","infast","odoo","secondary","not_found","","","","",""
"FR","invoicing","freebe","odoo","secondary","not_found","","","","",""
"FR","invoicing","invoicing-plus","odoo","secondary","not_found","","","","",""
"FR","vertical","menlog","odoo","secondary","not_found","","","","",""
"FR","vertical","gestav","odoo","secondary","not_found","","","","",""
"FR","vertical","sufatech","odoo","secondary","not_found","","","","",""
"FR","invoicing","septeo","odoo","secondary","not_found","","","","",""
"FR","construction","kalitics","odoo","secondary","not_found","","","","",""
"FR","payables","weinvoice-by-weproc","odoo","secondary","not_found","","","","",""
"FR","vertical","isaeta","odoo","secondary","not_found","","","","",""
"FR","vertical","isavigne","odoo","secondary","not_found","","","","",""
"FR","vertical","wineriz","odoo","secondary","not_found","","","","",""
"FR","payables","open-bee","odoo","secondary","not_found","","","","",""
"FR","vertical","manerty","odoo","secondary","not_found","","","","",""
"FR","pos","abill","odoo","secondary","not_found","","","","",""
"FR","pos","addictill","odoo","secondary","not_found","","","","",""
"FR","pos","apitic","odoo","secondary","not_found","","","","",""
"FR","pos","atilla","odoo","secondary","not_found","","","","",""
"FR","pos","bdp","odoo","secondary","not_found","","","","",""
"FR","pos","carrepos","odoo","secondary","not_found","","","","",""
"FR","pos","cashmag","odoo","secondary","not_found","","","","",""
"FR","pos","cashpad","odoo","secondary","not_found","","","","",""
"FR","pos","cegid-retail","odoo","secondary","not_found","","","","",""
"FR","pos","clyo-systems","odoo","secondary","not_found","","","","",""
"FR","pos","connectill","odoo","secondary","not_found","","","","",""
"FR","pos","fastmag","odoo","secondary","not_found","","","","",""
"FR","pos","fulleapps","odoo","secondary","not_found","","","","",""
"FR","pos","hellocash","odoo","secondary","not_found","","","","",""
"FR","pos","hiboutik","odoo","secondary","not_found","","","","",""
"FR","pos","innovorder","odoo","secondary","not_found","","","","",""
"FR","pos","jalia-jdc","odoo","secondary","not_found","","","","",""
"FR","pos","l-addition","odoo","secondary","not_found","","","","",""
"FR","pos","last-app","odoo","secondary","not_found","","","","",""
"FR","pos","leo2","odoo","secondary","not_found","","","","",""
"FR","pos","pi-electronique","odoo","secondary","not_found","","","","",""
"FR","pos","planity","odoo","secondary","not_found","","","","",""
"FR","pos","popina","odoo","secondary","not_found","","","","",""
"FR","pos","restomax","odoo","secondary","directory","via_partner","yes","https://www.connect-compta.fr/#annuaire","https://www.connect-compta.fr/#annuaire","connect-compta, Chift's directory, lists a connection through Chift."
"FR","pos","shopcaisse","odoo","secondary","not_found","","","","",""
"FR","pos","shopify-pos","odoo","secondary","not_found","","","","",""
"FR","pos","simphony","odoo","secondary","not_found","","","","",""
"FR","pos","square","odoo","secondary","not_found","","","","",""
"FR","pos","synapsy","odoo","secondary","not_found","","","","",""
"FR","pos","tactilpad","odoo","secondary","not_found","","","","",""
"FR","pos","tiller","odoo","secondary","not_found","","","","",""
"FR","pos","toporder-mypos-cash-register","odoo","secondary","not_found","","","","",""
"FR","pos","trivec","odoo","secondary","not_found","","","","",""
"FR","pos","zelty","odoo","secondary","not_found","","","","",""
"FR","pos","biborne","odoo","secondary","not_found","","","","",""
"FR","pos","breeze-pos","odoo","secondary","not_found","","","","",""
"FR","pos","caisse-enregistreuse-fr-kash-click","odoo","secondary","not_found","","","","",""
"FR","pos","cash-systemes-industrie","odoo","secondary","not_found","","","","",""
"FR","pos","clictill","odoo","secondary","not_found","","","","",""
"FR","pos","force7-by-cashmag","odoo","secondary","not_found","","","","",""
"FR","pos","genius-by-neosystems","odoo","secondary","not_found","","","","",""
"FR","pos","hairnet-by-cashmag","odoo","secondary","not_found","","","","",""
"FR","pos","jdc-caisse-et-monetique-sans-bo","odoo","secondary","not_found","","","","",""
"FR","pos","kerawen","odoo","secondary","not_found","","","","",""
"FR","pos","kezia-ii-by-jdc","odoo","secondary","not_found","","","","",""
"FR","pos","kwisatz","odoo","secondary","not_found","","","","",""
"FR","pos","locatouch","odoo","secondary","not_found","","","","",""
"FR","pos","ls-coiffure-bu-cashmag","odoo","secondary","not_found","","","","",""
"FR","pos","macxiphone","odoo","secondary","not_found","","","","",""
"FR","pos","neosystems","odoo","secondary","not_found","","","","",""
"FR","pos","nova-by-jdc","odoo","secondary","not_found","","","","",""
"FR","pos","one-touch-encaissement","odoo","secondary","not_found","","","","",""
"FR","pos","rezomatic-tgm-commerce","odoo","secondary","not_found","","","","",""
"FR","pos","popina-k-by-jdc","odoo","secondary","not_found","","","","",""
"FR","pos","smart-caisse","odoo","secondary","not_found","","","","",""
"FR","pos","solumag-easycommerce-et-sydevcamp","odoo","secondary","not_found","","","","",""
"FR","pos","solutions-pdv","odoo","secondary","not_found","","","","",""
"FR","pos","sora","odoo","secondary","not_found","","","","",""
"FR","pos","synergie-73-informatique","odoo","secondary","not_found","","","","",""
"FR","pos","weshop","odoo","secondary","not_found","","","","",""
"FR","pos","crisalid","odoo","secondary","not_found","","","","",""
"DE","expense","pleo","datev","dominant","confirmed","api","","https://www.pleo.io/en/integrations/datev","https://www.datev.de/web/de/marktplatz/pleo","Datev KR and UO supported; KR Buchungsdatenservice pushes every transaction"
"DE","expense","spendesk","datev","dominant","confirmed","api","","https://helpcenter.spendesk.com/en/articles/5543914-overview-of-datev-uo-native-integration","https://www.datev.de/web/de/marktplatz/spendesk","Push payables natively to DATEV UO and payments via CSV files"
"DE","expense","payhawk","datev","dominant","confirmed","api","","https://payhawk.com/integration/datev","https://www.datev.de/web/de/marktplatz/payhawk","Sync live with DATEV Unternehmen Online (DUO)"
"DE","expense","rydoo","datev","dominant","declared","api","","https://www.rydoo.com/integrations/datev/","","Direct API via DATEV Buchungsdatenservice (Kanzlei-Rechnungswesen, Rechnungswesen, Mittelstand Faktura)"
"DE","expense","mooncard","datev","dominant","not_found","","","","",""
"DE","expense","n2f","datev","dominant","confirmed","api","","https://www.n2f.com/de/integrationen/datev/","https://www.datev.de/web/de/marktplatz/datev-schnittstellen-anbieter","officially approved DATEV connector (Rechnungsdatenservice 1.0), data imported directly into DATEV"
"DE","expense","jenji","datev","dominant","declared","unknown","","https://www.jenji.io/fr/integrations/erp-comptabilite-finance","","Logo in 'ERP & Comptabilité' grid; connector type not specified per software"
"DE","expense","moss","datev","dominant","confirmed","api","","https://www.getmoss.com/integrations/datev","https://www.datev.de/web/de/marktplatz/moss","connects directly with DATEV Unternehmen Online or Rechnungswesen; listed as API"
"DE","expense","pliant","datev","dominant","confirmed","api","","https://www.getpliant.com/en/integrations/datev","https://www.datev.de/web/de/marktplatz/pliant","DATEV Rechnungsdatenservice 1.0 to DATEV Unternehmen Online (DUO)"
"DE","expense","circula","datev","dominant","confirmed","api","","https://help.circula.com/de/collections/1403752-fi-bu-export","https://www.datev.de/web/de/marktplatz/circula","Export to DATEV with the DATEV Rechnungsdatenservice 1.0 (help centre)"
"DE","banking","qonto","datev","dominant","declared","api","","https://qonto.com/de/integrations/datev-attachments","","Invoices and receipts sent automatically to DATEV Unternehmen online"
"DE","banking","finom","datev","dominant","declared","via_partner","","https://help.finom.co/en/articles/9777018-how-to-connect-finom-account-with-datev","","PSD2 connection to DATEV Unternehmen Online, plus Belegbilderservice receipts upload"
"DE","banking","n26-business","datev","dominant","not_found","","","","",""
"DE","banking","bunq","datev","dominant","declared","via_partner","","https://www.bunq.com/en-nl/business/features/integrations/datev","","Setup via DATEV HBCI access, 'confirm the finAPI note' (finAPI)"
"DE","banking","tide","datev","dominant","declared","api","","https://www.tide.co/de-DE/features/datev-integration/","","DATEV-Schnittstelle: bookings synced automatically (needs Buchungsdatenservice)"
"DE","banking","holvi","datev","dominant","declared","api","","https://www.holvi.com/de/schnittstellen/","","Selected interface, automatic sync via RZ-Bankinfo / EBICS"
"DE","banking","kontist","datev","dominant","declared","api","","https://intercom.help/kontist/en/articles/1559970-how-do-i-connect-my-account-with-an-accounting-software","","Link to DATEV via PSD2/XS2A interface; DATEV-format export also offered"
"DE","cash","agicap","datev","dominant","declared","api","","https://agicap.com/de/unsere-integrationen/datev/","","Bidirectional data flows over encrypted API connections"
"DE","cash","fygr","datev","dominant","not_found","","","","",""
"DE","cash","tidely","datev","dominant","declared","via_partner","","https://www.tidely.com/integrationen/datev","","OPOS synced via certified DATEV interface partner (unnamed)"
"DE","cash","commitly","datev","dominant","declared","api","","https://help.commitly.com/de/articles/13333624-datev-belegbilderservice-rechnungswesen","","PDF export via DATEV Rechnungsdatenservice (OAuth); OPOS by file upload"
"DE","payables","candis","datev","dominant","declared","api","","https://www.candis.io/funktionen/datev-schnittstelle","","Licensed interface partner; direct transfer to DATEV Rechnungswesen and Unternehmen online"
"DE","payables","getmyinvoices","datev","dominant","declared","api","","https://www.getmyinvoices.com/en/integration/datev-receipt-transfer-invoice-download-2/","","Document export to DATEV Unternehmen online (Rechnungsdatenservice 1.0)"
"DE","payables","klippa","datev","dominant","declared","api","","https://www.klippa.com/en/spendcontrol-en/integrations/datev/","","Integration with DATEV via an API; help centre covers DATEV Unternehmen online"
"DE","payables","yooz","datev","dominant","not_found","","","","",""
"DE","invoicing","billit","datev","dominant","declared","api","","https://www.billit.eu/nl-be/helpartikelen/accountancy-software/datev/","","Documents automatically uploaded to DATEV via integration"
"DE","invoicing","teamleader","datev","dominant","declared","via_partner","","https://marketplace.teamleader.eu/de/en/category/bookkeeping","","Marketplace app by digitastic; data in DATEV format"
"DE","invoicing","billomat","datev","dominant","declared","api","","https://www.billomat.com/add-ons/datev-buchungsdatenservice/","","DATEV Buchungsdatenservice add-on: 'per Klick direkt an das DATEV Rechenzentrum'"
"DE","invoicing","fastbill","datev","dominant","declared","api","","https://www.fastbill.com/datev","","Rechnungsdatenservice 1.0 interface to DATEV Unternehmen online; DATEV-format export also available"
"DE","invoicing","easybill","datev","dominant","declared","api","","https://www.easybill.de/funktionen/datev/","","DATEV Rechnungsdatenservice 1.0 interface; DATEV ASCII and XML exports also offered"
"DE","pos","sumup","datev","dominant","declared","api","","https://help.sumup.com/de-DE/articles/2xkoqc6ZHFR2qUDqslqQTr-artikel-datev-integration-mit-sumup","","Sales and fees synced daily to DATEV as cash book entries"
"DE","pos","lightspeed","datev","dominant","declared","api","","https://k-series-support.lightspeedhq.com/hc/en-us/articles/9767000734107-Setting-up-the-DATEV-accounting-integration","","Lightspeed Accounting integrates directly with DATEV (Kassenarchiv online)"
"DE","pos","mollie","datev","dominant","declared","api","","https://docs.mollie.com/docs/mollie-bank-statements","","Bank Connection (auto sync every 30 min) available for it; Pathway Solutions/JERA listed for DATEV exports"
"DE","pos","gocardless","datev","dominant","not_found","","","","",""
"DE","pos","zettle","datev","dominant","not_found","","","","",""
"DE","hr","lucca","datev","dominant","not_found","","","","",""
"DE","hr","personio","datev","dominant","not_found","","","","",""
"DE","hr","factorial","datev","dominant","declared","api","","https://factorialhr.com/apps/integration/datev-rechnungsdatenservice","","Approved expenses and receipts sent to DATEV Unternehmen Online via API"
"DE","construction","plancraft","datev","dominant","declared","api","","https://help.plancraft.com/de/articles/588043-datev-unternehmen-online-mit-plancraft-verbinden-und-rechnungen-ubertragen","","DATEV Unternehmen online interface sends invoices automatically; CSV export also offered"
"DE","construction","hero-software","datev","dominant","declared","api","","https://hero-software.de/features/schnittstellen/datev","","Automatic scheduled transfer to DATEV Unternehmen online; CSV export also described"
"DE","construction","tooltime","datev","dominant","declared","api","","https://www.tooltime.app/datev-schnittstelle","","Direct link to DATEV Unternehmen online via Rechnungsdatenservice 1.0; paid add-on"
"DE","construction","vertuoza","datev","dominant","not_found","","","","",""
"DE","expense","pleo","microsoft-dynamics","important","declared","api","","https://www.pleo.io/en/integrations/microsoft-business-central","","One-click exports to Business Central; developer listed: Pleo"
"DE","expense","spendesk","microsoft-dynamics","important","declared","via_partner","yes","https://helpcenter.spendesk.com/en/articles/12158659-connect-spendesk-to-microsoft-business-central","","Install an extension from our technical partner Chift"
"DE","expense","payhawk","microsoft-dynamics","important","declared","api","","https://payhawk.com/integration/microsoft-dynamics","","Direct integration; fully synced with Business Central in real time"
"DE","expense","rydoo","microsoft-dynamics","important","declared","via_partner","","https://www.rydoo.com/integrations/microsoft-dynamics-365-business-central-unitech/","","Done using the UniTech IT Solutions connector handling the API integration"
"DE","expense","mooncard","microsoft-dynamics","important","declared","unknown","","https://www.mooncard.co/fr/integrations/microsoft-dynamics","","""intégration automatique des données comptables""; mechanism not described"
"DE","expense","n2f","microsoft-dynamics","important","declared","file_export","","https://www.n2f.com/de/reisekostenabrechnungen/buchhaltungsexport/","","booking entries generated directly in the matching format for your system"
"DE","expense","jenji","microsoft-dynamics","important","declared","unknown","","https://www.jenji.io/fr/integrations/erp-comptabilite-finance","","Logo in 'ERP & Comptabilité' grid; connector type not specified per software"
"DE","expense","moss","microsoft-dynamics","important","declared","api","","https://www.getmoss.com/integrations/business-central","","Connect Moss to Business Central to sync company spend data; label 'API'"
"DE","expense","pliant","microsoft-dynamics","important","declared","api","","https://www.getpliant.com/en/integrations","","Accounting category; type 'API integration'"
"DE","expense","circula","microsoft-dynamics","important","declared","api","","https://www.circula.com/en/integrations","","Circula Expenses Connector connects Circula with Business Central within one day; tagged API-Integration."
"DE","banking","qonto","microsoft-dynamics","important","declared","api","","https://qonto.com/fr/integrations/dynamics365","","Bank statements and SEPA transfers via direct EBICS connection"
"DE","banking","finom","microsoft-dynamics","important","not_found","","","","",""
"DE","banking","n26-business","microsoft-dynamics","important","not_found","","","","",""
"DE","banking","bunq","microsoft-dynamics","important","declared","api","","https://help.bunq.com/articles/what-bookkeeping-software-is-available-with-bunq-integration","","Listed as available bookkeeping software with bunq API integration (OAuth)"
"DE","banking","tide","microsoft-dynamics","important","not_found","","","","",""
"DE","banking","holvi","microsoft-dynamics","important","not_found","","","","",""
"DE","banking","kontist","microsoft-dynamics","important","not_found","","","","",""
"DE","cash","agicap","microsoft-dynamics","important","declared","unknown","","https://agicap.com/fr/nos-integrations/","","Listed under ERP & Comptabilite, no mechanism"
"DE","cash","fygr","microsoft-dynamics","important","declared","api","","https://help.okimia.com/fr/articles/15260978-comment-fonctionne-l-integration-entre-okimia-et-microsoft-business-central","","Help 'Integrations via API'; invoices retrieved"
"DE","cash","tidely","microsoft-dynamics","important","declared","api","","https://faq.tidely.com/de/ms-dynamics","","Microsoft login redirect; invoices synced every morning"
"DE","cash","commitly","microsoft-dynamics","important","not_found","","","","",""
"DE","payables","candis","microsoft-dynamics","important","declared","via_partner","","https://hilfe.candis.io/de/collections/870858-microsoft-dynamics-365-business-central","","Sievers Candis Connector via Microsoft AppSource, BC SaaS only"
"DE","payables","getmyinvoices","microsoft-dynamics","important","declared","api","","https://www.getmyinvoices.com/en/integration/microsoft-dynamics-365-business-central/","","Export sync sends invoices automatically to the Business Central interface"
"DE","payables","klippa","microsoft-dynamics","important","declared","api","","https://www.klippa.com/en/spendcontrol-en/integrations/microsoft-dynamics/","","Real-time two-way integration with Microsoft Dynamics 365 Business Central"
"DE","payables","yooz","microsoft-dynamics","important","declared","api","","https://www.getyooz.com/fr/erp/automatisation-comptabilite-microsoft-dynamics","","Yooz connector, automated data exchange; UK infographic says API integration"
"DE","invoicing","billit","microsoft-dynamics","important","declared","api","","https://www.billit.eu/nl-be/koppelen-met-billit/koppel-met-je-boekhoudsoftware/","","Link type Billapi; Billit app in Business Central app store"
"DE","invoicing","teamleader","microsoft-dynamics","important","declared","via_partner","","https://marketplace.teamleader.eu/be/en/category/bookkeeping","","Marketplace app by APIcenter: synchronize invoices"
"DE","invoicing","billomat","microsoft-dynamics","important","not_found","","","","",""
"DE","invoicing","fastbill","microsoft-dynamics","important","not_found","","","","",""
"DE","invoicing","easybill","microsoft-dynamics","important","not_found","","","","",""
"DE","pos","sumup","microsoft-dynamics","important","not_found","","","","",""
"DE","pos","lightspeed","microsoft-dynamics","important","not_found","","","","",""
"DE","pos","mollie","microsoft-dynamics","important","declared","file_export","","https://docs.mollie.com/docs/mollie-bank-statements","","Automated export files (email/Dropbox) available for it"
"DE","pos","gocardless","microsoft-dynamics","important","declared","via_partner","","https://gocardless.com/partners/microsoft","","Connect through our partners (Astral 365 app)"
"DE","pos","zettle","microsoft-dynamics","important","not_found","","","","",""
"DE","hr","lucca","microsoft-dynamics","important","declared","via_partner","yes","https://support.luccasoftware.com/s/article/Cr%C3%A9er-une-connexion-API?language=fr","","API connection (beta); setup guide hosted on help.chift.app (Chift)"
"DE","hr","personio","microsoft-dynamics","important","not_found","","","","",""
"DE","hr","factorial","microsoft-dynamics","important","declared","via_partner","","https://help.factorialhr.com/en_US/integrations-marketplace/factorial-%E2%80%93-microsoft-dynamics-nav-integration-navision-on-premise","","Syncs employees, projects, time records and employee expenses to Navision"
"DE","construction","plancraft","microsoft-dynamics","important","not_found","","","","",""
"DE","construction","hero-software","microsoft-dynamics","important","not_found","","","","",""
"DE","construction","tooltime","microsoft-dynamics","important","not_found","","","","",""
"DE","construction","vertuoza","microsoft-dynamics","important","declared","api","","https://intercom-help.eu/vertuoza/fr/articles/522531-synchronisation-comptable-vue-d-ensemble","","Compatible-software table: sales and purchase send; no purchase retrieval"
"DE","expense","pleo","lexware-office","important","confirmed","api","","https://www.pleo.io/en/integrations/lexwareoffice","https://www.lexware.de/partner/pleo/","Synced to Lexoffice in real time; built for German businesses"
"DE","expense","spendesk","lexware-office","important","not_found","","","","",""
"DE","expense","payhawk","lexware-office","important","not_found","","","","",""
"DE","expense","rydoo","lexware-office","important","not_found","","","","",""
"DE","expense","mooncard","lexware-office","important","not_found","","","","",""
"DE","expense","n2f","lexware-office","important","not_found","","","","",""
"DE","expense","jenji","lexware-office","important","not_found","","","","",""
"DE","expense","moss","lexware-office","important","not_found","","","","",""
"DE","expense","pliant","lexware-office","important","confirmed","api","","https://www.getpliant.com/en/integrations/lexware-office","https://www.lexware.de/partner/pliant/","Type 'API integration'; syncs receipts and payments, imports GL accounts"
"DE","expense","circula","lexware-office","important","not_found","","","","",""
"DE","banking","qonto","lexware-office","important","declared","api","","https://qonto.com/de/integrations/lexware-office-psd2","","PSD2 interface plus separate receipts integration to Lexware Office"
"DE","banking","finom","lexware-office","important","declared","api","","https://help.finom.co/en/articles/5322886-how-to-connect-your-finom-account-to-lexware-office-integrations","","Two integrations: documents sync and PSD2 transactions sync"
"DE","banking","n26-business","lexware-office","important","not_found","","","","",""
"DE","banking","bunq","lexware-office","important","not_found","","","","",""
"DE","banking","tide","lexware-office","important","not_found","","","","",""
"DE","banking","holvi","lexware-office","important","declared","api","","https://www.holvi.com/de/schnittstellen/","","Selected interface, finance data synced once set up"
"DE","banking","kontist","lexware-office","important","declared","api","","https://kontist.com/product/gmbh-ug-gbr/","","Connect Kontist with lexoffice or sevDesk; transactions transferred automatically"
"DE","cash","agicap","lexware-office","important","declared","api","","https://agicap.com/de/unsere-integrationen/lexoffice/","","Interface transfers invoices automatically in real time"
"DE","cash","fygr","lexware-office","important","not_found","","","","",""
"DE","cash","tidely","lexware-office","important","declared","api","","https://www.tidely.com/integrationen/lexoffice","","Authorize connection; accounting data synced automatically"
"DE","cash","commitly","lexware-office","important","declared","api","","https://commitly.com/funktionen/integrationen/lexoffice-integration/","","Official interface; authorization, not a file export"
"DE","payables","candis","lexware-office","important","not_found","","","","",""
"DE","payables","getmyinvoices","lexware-office","important","declared","api","","https://www.getmyinvoices.com/en/integration/accounting-automation-through-invoice-download-to-lexoffice/","","Export sync to Lexware Office; separate import sync also exists"
"DE","payables","klippa","lexware-office","important","not_found","","","","",""
"DE","payables","yooz","lexware-office","important","not_found","","","","",""
"DE","invoicing","billit","lexware-office","important","not_found","","","","",""
"DE","invoicing","teamleader","lexware-office","important","not_found","","","","",""
"DE","invoicing","billomat","lexware-office","important","not_found","","","","",""
"DE","invoicing","fastbill","lexware-office","important","not_found","","","","",""
"DE","invoicing","easybill","lexware-office","important","declared","api","","https://support.easybill.de/hc/de/articles/4408484542994-Lexware-Office-mit-easybill-verbinden","","'können Rechnungen via Schnittstelle an Lexware Office übertragen werden'"
"DE","pos","sumup","lexware-office","important","not_found","","","","",""
"DE","pos","lightspeed","lexware-office","important","not_found","","","","",""
"DE","pos","mollie","lexware-office","important","not_found","","","","",""
"DE","pos","gocardless","lexware-office","important","declared","via_partner","","https://gocardless.com/de-de/partner/lexware-office","","Via SepaHeld app linking GoCardless and Lexware Office"
"DE","pos","zettle","lexware-office","important","not_found","","","","",""
"DE","hr","lucca","lexware-office","important","not_found","","","","",""
"DE","hr","personio","lexware-office","important","not_found","","","","",""
"DE","hr","factorial","lexware-office","important","not_found","","","","",""
"DE","construction","plancraft","lexware-office","important","not_found","","","","",""
"DE","construction","hero-software","lexware-office","important","declared","api","","https://hero-software.de/features/schnittstellen/lexware-office","","Invoices sent to Lexware Office (ex lexoffice); payment status synced back"
"DE","construction","tooltime","lexware-office","important","declared","api","","https://www.tooltime.app/schnittstellen-handwerk","","Invoices and ToolTime Pay payments synced to Lexware Office in real time"
"DE","construction","vertuoza","lexware-office","important","not_found","","","","",""
"DE","expense","pleo","sevdesk","important","not_found","","","","",""
"DE","expense","spendesk","sevdesk","important","not_found","","","","",""
"DE","expense","payhawk","sevdesk","important","not_found","","","","",""
"DE","expense","rydoo","sevdesk","important","not_found","","","","",""
"DE","expense","mooncard","sevdesk","important","not_found","","","","",""
"DE","expense","n2f","sevdesk","important","not_found","","","","",""
"DE","expense","jenji","sevdesk","important","not_found","","","","",""
"DE","expense","moss","sevdesk","important","not_found","","","","",""
"DE","expense","pliant","sevdesk","important","not_found","","","","",""
"DE","expense","circula","sevdesk","important","not_found","","","","",""
"DE","banking","qonto","sevdesk","important","declared","unknown","","https://qonto.com/de/accounting/api-connection","","Named as connectable accounting program; not in integrations list"
"DE","banking","finom","sevdesk","important","declared","unknown","","https://finom.co/llms.txt","","Listed under Accounting integrations, mechanism not described"
"DE","banking","n26-business","sevdesk","important","not_found","","","","",""
"DE","banking","bunq","sevdesk","important","declared","api","","https://help.bunq.com/articles/what-bookkeeping-software-is-available-with-bunq-integration","","Listed as available bookkeeping software with bunq API integration (OAuth)"
"DE","banking","tide","sevdesk","important","not_found","","","","",""
"DE","banking","holvi","sevdesk","important","declared","api","","https://www.holvi.com/de/schnittstellen/","","Listed under further interfaces, connects via standard PSD2 interface"
"DE","banking","kontist","sevdesk","important","declared","api","","https://kontist.com/product/sevdesk-bundle/","","Kontist account linked directly in sevdesk, transactions imported automatically"
"DE","cash","agicap","sevdesk","important","declared","api","","https://agicap.com/de/unsere-integrationen/sevdesk/","","Agicap syncs sevdesk orders and invoices automatically"
"DE","cash","fygr","sevdesk","important","not_found","","","","",""
"DE","cash","tidely","sevdesk","important","declared","api","","https://www.tidely.com/integrationen/sevdesk-integration","","Select sevDesk, enter API key; open items synced"
"DE","cash","commitly","sevdesk","important","declared","api","","https://commitly.com/funktionen/integrationen/sevdesk-integration/","","Authorization, not file export; open items sync automatically"
"DE","payables","candis","sevdesk","important","not_found","","","","",""
"DE","payables","getmyinvoices","sevdesk","important","declared","api","","https://www.getmyinvoices.com/en/integration/sevdesk-receipt-transfer-for-digital-invoices/","","Document exchange (export) between GetMyInvoices and sevdesk"
"DE","payables","klippa","sevdesk","important","not_found","","","","",""
"DE","payables","yooz","sevdesk","important","not_found","","","","",""
"DE","invoicing","billit","sevdesk","important","not_found","","","","",""
"DE","invoicing","teamleader","sevdesk","important","not_found","","","","",""
"DE","invoicing","billomat","sevdesk","important","not_found","","","","",""
"DE","invoicing","fastbill","sevdesk","important","not_found","","","","",""
"DE","invoicing","easybill","sevdesk","important","declared","via_partner","","https://www.easybill.de/ratgeber/so-sparen-sie-bei-der-buchhaltung-bis-zu-80-prozent-der-kosten/","","via GetMyInvoices: documents passed on to 'DATEV, lexoffice oder sevDesk'"
"DE","pos","sumup","sevdesk","important","declared","api","","https://help.sumup.com/de-DE/articles/7r4CNuL3tqwk1jyGNRw8KR-artikel-was-sollte-ich-ueber-die-sevdesk-integration-mit-sumup-wissen","","Daily sync: sales as invoices, fees as expenses in sevdesk"
"DE","pos","lightspeed","sevdesk","important","not_found","","","","",""
"DE","pos","mollie","sevdesk","important","not_found","","","","",""
"DE","pos","gocardless","sevdesk","important","not_found","","","","",""
"DE","pos","zettle","sevdesk","important","not_found","","","","",""
"DE","hr","lucca","sevdesk","important","not_found","","","","",""
"DE","hr","personio","sevdesk","important","not_found","","","","",""
"DE","hr","factorial","sevdesk","important","not_found","","","","",""
"DE","construction","plancraft","sevdesk","important","not_found","","","","",""
"DE","construction","hero-software","sevdesk","important","not_found","","","","",""
"DE","construction","tooltime","sevdesk","important","not_found","","","","",""
"DE","construction","vertuoza","sevdesk","important","not_found","","","","",""
"DE","expense","pleo","sage-100-de","important","not_found","","","","",""
"DE","expense","spendesk","sage-100-de","important","not_found","","","","",""
"DE","expense","payhawk","sage-100-de","important","not_found","","","","",""
"DE","expense","rydoo","sage-100-de","important","not_found","","","","",""
"DE","expense","mooncard","sage-100-de","important","not_found","","","","",""
"DE","expense","n2f","sage-100-de","important","not_found","","","","",""
"DE","expense","jenji","sage-100-de","important","not_found","","","","",""
"DE","expense","moss","sage-100-de","important","not_found","","","","",""
"DE","expense","pliant","sage-100-de","important","not_found","","","","",""
"DE","expense","circula","sage-100-de","important","not_found","","","","",""
"DE","banking","qonto","sage-100-de","important","not_found","","","","",""
"DE","banking","finom","sage-100-de","important","not_found","","","","",""
"DE","banking","n26-business","sage-100-de","important","not_found","","","","",""
"DE","banking","bunq","sage-100-de","important","not_found","","","","",""
"DE","banking","tide","sage-100-de","important","not_found","","","","",""
"DE","banking","holvi","sage-100-de","important","not_found","","","","",""
"DE","banking","kontist","sage-100-de","important","not_found","","","","",""
"DE","cash","agicap","sage-100-de","important","not_found","","","","",""
"DE","cash","fygr","sage-100-de","important","not_found","","","","",""
"DE","cash","tidely","sage-100-de","important","not_found","","","","",""
"DE","cash","commitly","sage-100-de","important","not_found","","","","",""
"DE","payables","candis","sage-100-de","important","not_found","","","","",""
"DE","payables","getmyinvoices","sage-100-de","important","not_found","","","","",""
"DE","payables","klippa","sage-100-de","important","not_found","","","","",""
"DE","payables","yooz","sage-100-de","important","not_found","","","","",""
"DE","invoicing","billit","sage-100-de","important","not_found","","","","",""
"DE","invoicing","teamleader","sage-100-de","important","not_found","","","","",""
"DE","invoicing","billomat","sage-100-de","important","not_found","","","","",""
"DE","invoicing","fastbill","sage-100-de","important","not_found","","","","",""
"DE","invoicing","easybill","sage-100-de","important","not_found","","","","",""
"DE","pos","sumup","sage-100-de","important","not_found","","","","",""
"DE","pos","lightspeed","sage-100-de","important","not_found","","","","",""
"DE","pos","mollie","sage-100-de","important","not_found","","","","",""
"DE","pos","gocardless","sage-100-de","important","not_found","","","","",""
"DE","pos","zettle","sage-100-de","important","not_found","","","","",""
"DE","hr","lucca","sage-100-de","important","not_found","","","","",""
"DE","hr","personio","sage-100-de","important","not_found","","","","",""
"DE","hr","factorial","sage-100-de","important","not_found","","","","",""
"DE","construction","plancraft","sage-100-de","important","not_found","","","","",""
"DE","construction","hero-software","sage-100-de","important","not_found","","","","",""
"DE","construction","tooltime","sage-100-de","important","not_found","","","","",""
"DE","construction","vertuoza","sage-100-de","important","not_found","","","","",""
"DE","expense","pleo","fastbill","secondary","not_found","","","","",""
"DE","expense","spendesk","fastbill","secondary","not_found","","","","",""
"DE","expense","payhawk","fastbill","secondary","not_found","","","","",""
"DE","expense","rydoo","fastbill","secondary","not_found","","","","",""
"DE","expense","mooncard","fastbill","secondary","not_found","","","","",""
"DE","expense","n2f","fastbill","secondary","not_found","","","","",""
"DE","expense","jenji","fastbill","secondary","not_found","","","","",""
"DE","expense","moss","fastbill","secondary","not_found","","","","",""
"DE","expense","pliant","fastbill","secondary","not_found","","","","",""
"DE","expense","circula","fastbill","secondary","not_found","","","","",""
"DE","banking","qonto","fastbill","secondary","declared","unknown","","https://qonto.com/de/integrations/fastbill","","Listed integration; automatic matching of receivables and payables"
"DE","banking","finom","fastbill","secondary","not_found","","","","",""
"DE","banking","n26-business","fastbill","secondary","not_found","","","","",""
"DE","banking","bunq","fastbill","secondary","declared","api","","https://help.bunq.com/articles/what-bookkeeping-software-is-available-with-bunq-integration","","Listed as available bookkeeping software with bunq API integration (OAuth)"
"DE","banking","tide","fastbill","secondary","not_found","","","","",""
"DE","banking","holvi","fastbill","secondary","declared","api","","https://www.holvi.com/de/schnittstellen/","","Listed under further interfaces, connects via standard PSD2 interface"
"DE","banking","kontist","fastbill","secondary","declared","api","","https://kontist.com/en/integrations/fastbill/","","'Realtime accounting integration', real-time synchronization of payments"
"DE","cash","agicap","fastbill","secondary","not_found","","","","",""
"DE","cash","fygr","fastbill","secondary","not_found","","","","",""
"DE","cash","tidely","fastbill","secondary","not_found","","","","",""
"DE","cash","commitly","fastbill","secondary","declared","api","","https://commitly.com/funktionen/integrationen/","","Open items from FastBill flow into planning"
"DE","payables","candis","fastbill","secondary","not_found","","","","",""
"DE","payables","getmyinvoices","fastbill","secondary","declared","api","","https://www.getmyinvoices.com/en/integration/fastbill-receipt-importer/","","Document export and import between GetMyInvoices and FastBill"
"DE","payables","klippa","fastbill","secondary","not_found","","","","",""
"DE","payables","yooz","fastbill","secondary","not_found","","","","",""
"DE","invoicing","billit","fastbill","secondary","not_found","","","","",""
"DE","invoicing","teamleader","fastbill","secondary","not_found","","","","",""
"DE","invoicing","billomat","fastbill","secondary","not_found","","","","",""
"DE","invoicing","fastbill","fastbill","secondary","not_found","","","","",""
"DE","invoicing","easybill","fastbill","secondary","not_found","","","","",""
"DE","pos","sumup","fastbill","secondary","not_found","","","","",""
"DE","pos","lightspeed","fastbill","secondary","not_found","","","","",""
"DE","pos","mollie","fastbill","secondary","not_found","","","","",""
"DE","pos","gocardless","fastbill","secondary","not_found","","","","",""
"DE","pos","zettle","fastbill","secondary","not_found","","","","",""
"DE","hr","lucca","fastbill","secondary","not_found","","","","",""
"DE","hr","personio","fastbill","secondary","not_found","","","","",""
"DE","hr","factorial","fastbill","secondary","not_found","","","","",""
"DE","construction","plancraft","fastbill","secondary","not_found","","","","",""
"DE","construction","hero-software","fastbill","secondary","not_found","","","","",""
"DE","construction","tooltime","fastbill","secondary","not_found","","","","",""
"DE","construction","vertuoza","fastbill","secondary","not_found","","","","",""
"DE","expense","pleo","sage-active","secondary","not_found","","","","",""
"DE","expense","spendesk","sage-active","secondary","not_found","","","","",""
"DE","expense","payhawk","sage-active","secondary","not_found","","","","",""
"DE","expense","rydoo","sage-active","secondary","not_found","","","","",""
"DE","expense","mooncard","sage-active","secondary","not_found","","","","",""
"DE","expense","n2f","sage-active","secondary","not_found","","","","",""
"DE","expense","jenji","sage-active","secondary","not_found","","","","",""
"DE","expense","moss","sage-active","secondary","not_found","","","","",""
"DE","expense","pliant","sage-active","secondary","not_found","","","","",""
"DE","expense","circula","sage-active","secondary","not_found","","","","",""
"DE","banking","qonto","sage-active","secondary","not_found","","","","",""
"DE","banking","finom","sage-active","secondary","not_found","","","","",""
"DE","banking","n26-business","sage-active","secondary","not_found","","","","",""
"DE","banking","bunq","sage-active","secondary","not_found","","","","",""
"DE","banking","tide","sage-active","secondary","not_found","","","","",""
"DE","banking","holvi","sage-active","secondary","not_found","","","","",""
"DE","banking","kontist","sage-active","secondary","not_found","","","","",""
"DE","cash","agicap","sage-active","secondary","not_found","","","","",""
"DE","cash","fygr","sage-active","secondary","not_found","","","","",""
"DE","cash","tidely","sage-active","secondary","not_found","","","","",""
"DE","cash","commitly","sage-active","secondary","not_found","","","","",""
"DE","payables","candis","sage-active","secondary","not_found","","","","",""
"DE","payables","getmyinvoices","sage-active","secondary","not_found","","","","",""
"DE","payables","klippa","sage-active","secondary","not_found","","","","",""
"DE","payables","yooz","sage-active","secondary","not_found","","","","",""
"DE","invoicing","billit","sage-active","secondary","not_found","","","","",""
"DE","invoicing","teamleader","sage-active","secondary","not_found","","","","",""
"DE","invoicing","billomat","sage-active","secondary","not_found","","","","",""
"DE","invoicing","fastbill","sage-active","secondary","not_found","","","","",""
"DE","invoicing","easybill","sage-active","secondary","not_found","","","","",""
"DE","pos","sumup","sage-active","secondary","not_found","","","","",""
"DE","pos","lightspeed","sage-active","secondary","not_found","","","","",""
"DE","pos","mollie","sage-active","secondary","not_found","","","","",""
"DE","pos","gocardless","sage-active","secondary","not_found","","","","",""
"DE","pos","zettle","sage-active","secondary","not_found","","","","",""
"DE","hr","lucca","sage-active","secondary","not_found","","","","",""
"DE","hr","personio","sage-active","secondary","not_found","","","","",""
"DE","hr","factorial","sage-active","secondary","not_found","","","","",""
"DE","construction","plancraft","sage-active","secondary","not_found","","","","",""
"DE","construction","hero-software","sage-active","secondary","not_found","","","","",""
"DE","construction","tooltime","sage-active","secondary","not_found","","","","",""
"DE","construction","vertuoza","sage-active","secondary","not_found","","","","",""
"DE","expense","pleo","unit4","secondary","not_found","","","","",""
"DE","expense","spendesk","unit4","secondary","not_found","","","","",""
"DE","expense","payhawk","unit4","secondary","not_found","","","","",""
"DE","expense","rydoo","unit4","secondary","not_found","","","","",""
"DE","expense","mooncard","unit4","secondary","not_found","","","","",""
"DE","expense","n2f","unit4","secondary","declared","unknown","","https://www.n2f.com/fr/nos-integrations/unit4/","","Dedicated page 'N2F integrates with UNIT4'; mechanism not described"
"DE","expense","jenji","unit4","secondary","not_found","","","","",""
"DE","expense","moss","unit4","secondary","not_found","","","","",""
"DE","expense","pliant","unit4","secondary","not_found","","","","",""
"DE","expense","circula","unit4","secondary","not_found","","","","",""
"DE","banking","qonto","unit4","secondary","not_found","","","","",""
"DE","banking","finom","unit4","secondary","not_found","","","","",""
"DE","banking","n26-business","unit4","secondary","not_found","","","","",""
"DE","banking","bunq","unit4","secondary","not_found","","","","",""
"DE","banking","tide","unit4","secondary","not_found","","","","",""
"DE","banking","holvi","unit4","secondary","not_found","","","","",""
"DE","banking","kontist","unit4","secondary","not_found","","","","",""
"DE","cash","agicap","unit4","secondary","not_found","","","","",""
"DE","cash","fygr","unit4","secondary","not_found","","","","",""
"DE","cash","tidely","unit4","secondary","not_found","","","","",""
"DE","cash","commitly","unit4","secondary","not_found","","","","",""
"DE","payables","candis","unit4","secondary","not_found","","","","",""
"DE","payables","getmyinvoices","unit4","secondary","not_found","","","","",""
"DE","payables","klippa","unit4","secondary","not_found","","","","",""
"DE","payables","yooz","unit4","secondary","declared","unknown","","https://www.getyooz.com/fr/logiciels-comptables-et-erp-connectes","","Logo on connected-ERP list (250+ native connectors); mechanism not detailed"
"DE","invoicing","billit","unit4","secondary","not_found","","","","",""
"DE","invoicing","teamleader","unit4","secondary","not_found","","","","",""
"DE","invoicing","billomat","unit4","secondary","not_found","","","","",""
"DE","invoicing","fastbill","unit4","secondary","not_found","","","","",""
"DE","invoicing","easybill","unit4","secondary","not_found","","","","",""
"DE","pos","sumup","unit4","secondary","not_found","","","","",""
"DE","pos","lightspeed","unit4","secondary","not_found","","","","",""
"DE","pos","mollie","unit4","secondary","declared","file_export","","https://docs.mollie.com/docs/mollie-bank-statements","","Automated export files (email/Dropbox) available for it ('Unit4 Financials & Unit4')"
"DE","pos","gocardless","unit4","secondary","not_found","","","","",""
"DE","pos","zettle","unit4","secondary","not_found","","","","",""
"DE","hr","lucca","unit4","secondary","not_found","","","","",""
"DE","hr","personio","unit4","secondary","not_found","","","","",""
"DE","hr","factorial","unit4","secondary","not_found","","","","",""
"DE","construction","plancraft","unit4","secondary","not_found","","","","",""
"DE","construction","hero-software","unit4","secondary","not_found","","","","",""
"DE","construction","tooltime","unit4","secondary","not_found","","","","",""
"DE","construction","vertuoza","unit4","secondary","not_found","","","","",""
"DE","expense","pleo","agenda","important","not_found","","","","",""
"DE","expense","spendesk","agenda","important","not_found","","","","",""
"DE","expense","payhawk","agenda","important","not_found","","","","",""
"DE","expense","rydoo","agenda","important","not_found","","","","",""
"DE","expense","mooncard","agenda","important","not_found","","","","",""
"DE","expense","n2f","agenda","important","declared","unknown","","https://www.n2f.com/de/integrationen/","","Card on German integrations listing, no detail page"
"DE","expense","jenji","agenda","important","not_found","","","","",""
"DE","expense","moss","agenda","important","not_found","","","","",""
"DE","expense","pliant","agenda","important","not_found","","","","",""
"DE","expense","circula","agenda","important","not_found","","","","",""
"DE","banking","qonto","agenda","important","declared","api","","https://qonto.com/de/integrations/agenda","","Booked transactions imported into Agenda Online via PSD2"
"DE","banking","finom","agenda","important","not_found","","","","",""
"DE","banking","n26-business","agenda","important","not_found","","","","",""
"DE","banking","bunq","agenda","important","declared","api","","https://help.bunq.com/articles/what-bookkeeping-software-is-available-with-bunq-integration","","Listed as available bookkeeping software with bunq API integration (OAuth)"
"DE","banking","tide","agenda","important","not_found","","","","",""
"DE","banking","holvi","agenda","important","not_found","","","","",""
"DE","banking","kontist","agenda","important","not_found","","","","",""
"DE","cash","agicap","agenda","important","not_found","","","","",""
"DE","cash","fygr","agenda","important","not_found","","","","",""
"DE","cash","tidely","agenda","important","not_found","","","","",""
"DE","cash","commitly","agenda","important","declared","file_export","","https://help.commitly.com/de/articles/14107264-agenda-uploader","","Agenda Uploader: export OPOS list, upload file"
"DE","payables","candis","agenda","important","declared","file_export","","https://hilfe.candis.io/de/articles/258714-welche-exportmethode-fur-agenda-verwendet-werden-kann-und-wie-die-daten-hochgeladen-werden-konnen","","DATEV format CSV plus DATEV XML files imported into Agenda"
"DE","payables","getmyinvoices","agenda","important","declared","api","","https://www.getmyinvoices.com/en/integration/agenda/","","Export sync; partner connection through Agenda Connect"
"DE","payables","klippa","agenda","important","not_found","","","","",""
"DE","payables","yooz","agenda","important","not_found","","","","",""
"DE","invoicing","billit","agenda","important","not_found","","","","",""
"DE","invoicing","teamleader","agenda","important","not_found","","","","",""
"DE","invoicing","billomat","agenda","important","declared","file_export","","https://www.billomat.com/magazin/buchhaltungsexport-fuer-datev-und-agenda-2/","","Accounting export in 'DATEV und / oder Agenda freundliches Datenformat'"
"DE","invoicing","fastbill","agenda","important","declared","file_export","","https://support.fastbill.com/hc/de/articles/360016868180-%C3%9Cbertragung-an-Addison-Agenda","","Via DATEV Format Export; 'Eine direkte Schnittstelle gibt es hierfür jedoch nicht'"
"DE","invoicing","easybill","agenda","important","declared","file_export","","https://support.easybill.de/hc/de/articles/6973468981660-Export-f%C3%BCr-AGENDA","","AGENDA imports easybill exports in DATEV ASCII (Version 7) or DATEV XML"
"DE","pos","sumup","agenda","important","not_found","","","","",""
"DE","pos","lightspeed","agenda","important","not_found","","","","",""
"DE","pos","mollie","agenda","important","not_found","","","","",""
"DE","pos","gocardless","agenda","important","not_found","","","","",""
"DE","pos","zettle","agenda","important","not_found","","","","",""
"DE","hr","lucca","agenda","important","not_found","","","","",""
"DE","hr","personio","agenda","important","not_found","","","","",""
"DE","hr","factorial","agenda","important","not_found","","","","",""
"DE","construction","plancraft","agenda","important","not_found","","","","",""
"DE","construction","hero-software","agenda","important","not_found","","","","",""
"DE","construction","tooltime","agenda","important","not_found","","","","",""
"DE","construction","vertuoza","agenda","important","not_found","","","","",""
"DE","expense","pleo","exact-online","secondary","declared","api","","https://www.pleo.io/en/integrations/exact-online","","Every Pleo expense is instantly exported to Exact Online"
"DE","expense","spendesk","exact-online","secondary","declared","via_partner","yes","https://www.spendesk.com/integrations/exact-online/","","Developed by: Spendesk via Chift; two-way syncing"
"DE","expense","payhawk","exact-online","secondary","confirmed","api","","https://payhawk.com/integration/exact-online","https://www.exact.com/benl/app-store/payhawk-payhawk-ltd","Direct integration; listed on the Exact Online Marketplace"
"DE","expense","rydoo","exact-online","secondary","confirmed","api","","https://www.rydoo.com/integrations/exact/","https://www.exact.com/benl/app-store/rydoo-rydoo","Direct integration; connect your Exact Online account, sign in to integrate"
"DE","expense","mooncard","exact-online","secondary","declared","unknown","","https://www.mooncard.co/fr/integrations/exact-online","","""déverse automatiquement vos données comptables""; mechanism not described"
"DE","expense","n2f","exact-online","secondary","not_found","","","","",""
"DE","expense","jenji","exact-online","secondary","not_found","","","","",""
"DE","expense","moss","exact-online","secondary","declared","api","","https://www.getmoss.com/integrations","","Listed under Accounting with label 'API'"
"DE","expense","pliant","exact-online","secondary","not_found","","","","",""
"DE","expense","circula","exact-online","secondary","not_found","","","","",""
"DE","banking","qonto","exact-online","secondary","declared","api","","https://qonto.com/nl/integrations/exact-online-sync-transactions","","Qonto transactions automatically transferred to the accounting tool"
"DE","banking","finom","exact-online","secondary","not_found","","","","",""
"DE","banking","n26-business","exact-online","secondary","not_found","","","","",""
"DE","banking","bunq","exact-online","secondary","declared","api","","https://help.bunq.com/articles/what-bookkeeping-software-is-available-with-bunq-integration","","Listed as available bookkeeping software with bunq API integration (OAuth)"
"DE","banking","tide","exact-online","secondary","not_found","","","","",""
"DE","banking","holvi","exact-online","secondary","not_found","","","","",""
"DE","banking","kontist","exact-online","secondary","not_found","","","","",""
"DE","cash","agicap","exact-online","secondary","not_found","","","","",""
"DE","cash","fygr","exact-online","secondary","declared","api","","https://www.okimia.com/fr/integrations/exact","","Invoices import automatically once accounts connected"
"DE","cash","tidely","exact-online","secondary","not_found","","","","",""
"DE","cash","commitly","exact-online","secondary","not_found","","","","",""
"DE","payables","candis","exact-online","secondary","not_found","","","","",""
"DE","payables","getmyinvoices","exact-online","secondary","declared","api","","https://www.getmyinvoices.com/en/integrations-interfaces/","","'Automated interface to Exact'; product (Online/Globe) not specified"
"DE","payables","klippa","exact-online","secondary","declared","api","","https://www.klippa.com/koppelingen/exact-online/","","Connects directly to Exact Online via SpendControl and AI.dp API"
"DE","payables","yooz","exact-online","secondary","declared","api","","https://www.getyooz.com/wp-content/uploads/Yooz-Infographie-Exact-Online-FR.pdf","","Native connector Yooz - Exact Online"
"DE","invoicing","billit","exact-online","secondary","declared","api","","https://www.billit.eu/nl-be/koppelen-met-billit/koppel-met-je-boekhoudsoftware/","","Link type Billapi (API link), bi-directional"
"DE","invoicing","teamleader","exact-online","secondary","declared","api","","https://www.teamleader.eu/solutions/accounting-connector","","Accounting Connector: automatic two-way sync"
"DE","invoicing","billomat","exact-online","secondary","not_found","","","","",""
"DE","invoicing","fastbill","exact-online","secondary","not_found","","","","",""
"DE","invoicing","easybill","exact-online","secondary","not_found","","","","",""
"DE","pos","sumup","exact-online","secondary","not_found","","","","",""
"DE","pos","lightspeed","exact-online","secondary","declared","api","","https://resto-support.lightspeedhq.com/hc/en-us/articles/115005519368-About-Lightspeed-Accounting","","Lightspeed Accounting can sync daily with Exact Online"
"DE","pos","mollie","exact-online","secondary","declared","api","","https://www.mollie.com/integrations/exact","","Automate Exact Online invoicing, reconcile automatically; also Bank Connection"
"DE","pos","gocardless","exact-online","secondary","not_found","","","","",""
"DE","pos","zettle","exact-online","secondary","declared","api","","https://www.zettle.com/nl/help/articles/9212016-integreer-met-exact","","Sales and payment data imported directly into Exact Online ledger"
"DE","hr","lucca","exact-online","secondary","declared","via_partner","yes","https://support.luccasoftware.com/s/article/Cr%C3%A9er-une-connexion-API?language=fr","","API connection for accounting entries; setup guide hosted on help.chift.app (Chift)"
"DE","hr","personio","exact-online","secondary","not_found","","","","",""
"DE","hr","factorial","exact-online","secondary","not_found","","","","",""
"DE","construction","plancraft","exact-online","secondary","declared","api","","https://plancraft.com/nl-nl/plancraft-integraties","","Integration of Exact and plancraft; 'most used in the Netherlands'"
"DE","construction","hero-software","exact-online","secondary","declared","api","","https://hero-software.nl/functionaliteiten/koppelingen","","OAuth login; finished invoices go directly to Exact"
"DE","construction","tooltime","exact-online","secondary","not_found","","","","",""
"DE","construction","vertuoza","exact-online","secondary","declared","api","","https://intercom-help.eu/vertuoza/fr/articles/522531-synchronisation-comptable-vue-d-ensemble","","Three table rows (BE, FR, NL): sales and purchase send"
"DE","expense","pleo","addison","important","declared","file_export","","https://www.pleo.io/en/integrations/addison-oneclick","","Use Pleo's custom CSV template for ADDISON OneClick"
"DE","expense","spendesk","addison","important","not_found","","","","",""
"DE","expense","payhawk","addison","important","not_found","","","","",""
"DE","expense","rydoo","addison","important","not_found","","","","",""
"DE","expense","mooncard","addison","important","not_found","","","","",""
"DE","expense","n2f","addison","important","declared","unknown","","https://www.n2f.com/de/integrationen/","","Card on German integrations listing, no detail page"
"DE","expense","jenji","addison","important","not_found","","","","",""
"DE","expense","moss","addison","important","declared","file_export","","https://www.getmoss.com/integrations/addison","","Moss generates Addison-ready CSV exports; label 'CSV'"
"DE","expense","pliant","addison","important","not_found","","","","",""
"DE","expense","circula","addison","important","declared","api","","https://help.circula.com/de/articles/279450-addison-oneclick-wolters-kluwer","","Circula integriert direkt mit ADDISON OneClick; tagged API-Integration"
"DE","banking","qonto","addison","important","declared","api","","https://qonto.com/de/integrations/addison-oneclick","","Bank transactions transferred, transfers initiated from ADDISON OneClick portal"
"DE","banking","finom","addison","important","not_found","","","","",""
"DE","banking","n26-business","addison","important","not_found","","","","",""
"DE","banking","bunq","addison","important","declared","api","","https://help.bunq.com/articles/what-bookkeeping-software-is-available-with-bunq-integration","","Listed as available bookkeeping software with bunq API integration (OAuth)"
"DE","banking","tide","addison","important","not_found","","","","",""
"DE","banking","holvi","addison","important","not_found","","","","",""
"DE","banking","kontist","addison","important","not_found","","","","",""
"DE","cash","agicap","addison","important","not_found","","","","",""
"DE","cash","fygr","addison","important","not_found","","","","",""
"DE","cash","tidely","addison","important","not_found","","","","",""
"DE","cash","commitly","addison","important","not_found","","","","",""
"DE","payables","candis","addison","important","declared","file_export","","https://www.candis.io/en/product-partner/addison-oneclick","","Interface partner; exports invoices as XML for import into ADDISON OneClick"
"DE","payables","getmyinvoices","addison","important","declared","api","","https://www.getmyinvoices.com/en/integration/wolters-kluwer/","","Premium partner solution via ADDISON SMART Connect; automated document transfer"
"DE","payables","klippa","addison","important","not_found","","","","",""
"DE","payables","yooz","addison","important","not_found","","","","",""
"DE","invoicing","billit","addison","important","not_found","","","","",""
"DE","invoicing","teamleader","addison","important","not_found","","","","",""
"DE","invoicing","billomat","addison","important","not_found","","","","",""
"DE","invoicing","fastbill","addison","important","declared","api","","https://support.fastbill.com/hc/de/articles/360016868180-%C3%9Cbertragung-an-Addison-Agenda","","'Addison hat eine Integration aufgebaut'; interface provided and supported by Addison"
"DE","invoicing","easybill","addison","important","declared","file_export","","https://support.easybill.de/hc/de/articles/360021491119-Export-f%C3%BCr-ADDISON","","Export in DATEV XML format for ADDISON OneClick / ADDISON SMART Connect"
"DE","pos","sumup","addison","important","not_found","","","","",""
"DE","pos","lightspeed","addison","important","not_found","","","","",""
"DE","pos","mollie","addison","important","not_found","","","","",""
"DE","pos","gocardless","addison","important","not_found","","","","",""
"DE","pos","zettle","addison","important","not_found","","","","",""
"DE","hr","lucca","addison","important","not_found","","","","",""
"DE","hr","personio","addison","important","not_found","","","","",""
"DE","hr","factorial","addison","important","not_found","","","","",""
"DE","construction","plancraft","addison","important","not_found","","","","",""
"DE","construction","hero-software","addison","important","not_found","","","","",""
"DE","construction","tooltime","addison","important","not_found","","","","",""
"DE","construction","vertuoza","addison","important","not_found","","","","",""
"BE","expense","pleo","winbooks","dominant","not_found","","","","",""
"BE","expense","spendesk","winbooks","dominant","not_found","","","","",""
"BE","expense","payhawk","winbooks","dominant","not_found","","","","",""
"BE","expense","rydoo","winbooks","dominant","not_found","","","","",""
"BE","expense","mooncard","winbooks","dominant","not_found","","","","",""
"BE","expense","n2f","winbooks","dominant","not_found","","","","",""
"BE","expense","jenji","winbooks","dominant","not_found","","","","",""
"BE","expense","moss","winbooks","dominant","not_found","","","","",""
"BE","banking","qonto","winbooks","dominant","not_found","","","","",""
"BE","banking","finom","winbooks","dominant","not_found","","","","",""
"BE","banking","memo-bank","winbooks","dominant","not_found","","","","",""
"BE","banking","revolut-business","winbooks","dominant","not_found","","","","",""
"BE","banking","bunq","winbooks","dominant","not_found","","","","",""
"BE","banking","holvi","winbooks","dominant","not_found","","","","",""
"BE","cash","agicap","winbooks","dominant","not_found","","","","",""
"BE","cash","fygr","winbooks","dominant","not_found","","","","",""
"BE","payables","libeo","winbooks","dominant","not_found","","","","",""
"BE","payables","getmyinvoices","winbooks","dominant","not_found","","","","",""
"BE","payables","klippa","winbooks","dominant","not_found","","","","",""
"BE","payables","yooz","winbooks","dominant","not_found","","","","",""
"BE","invoicing","billit","winbooks","dominant","declared","file_export","","https://www.billit.eu/nl-be/koppelen-met-billit/koppel-met-je-boekhoudsoftware/","","Link type Billsync: UBL files synced via own server"
"BE","invoicing","teamleader","winbooks","dominant","declared","file_export","","https://support.focus.teamleader.eu/hc/en-150/articles/25691318213393-What-are-the-available-bookkeeping-integrations-in-Teamleader-Focus-per-country","","Export only (offline tools): Winbooks and Winbooks on Web, countries active BE."
"BE","pos","lightspeed","winbooks","dominant","not_found","","","","",""
"BE","pos","mollie","winbooks","dominant","not_found","","","","",""
"BE","pos","gocardless","winbooks","dominant","not_found","","","","",""
"BE","pos","payplug","winbooks","dominant","not_found","","","","",""
"BE","pos","zettle","winbooks","dominant","not_found","","","","",""
"BE","hr","payfit","winbooks","dominant","not_found","","","","",""
"BE","hr","lucca","winbooks","dominant","not_found","","","","",""
"BE","construction","plancraft","winbooks","dominant","not_found","","","","",""
"BE","construction","hero-software","winbooks","dominant","not_found","","","","",""
"BE","construction","vertuoza","winbooks","dominant","declared","api","","https://intercom-help.eu/vertuoza/fr/articles/522531-synchronisation-comptable-vue-d-ensemble","","Compatible-software table: full sync; needs local agent install"
"BE","construction","graneet","winbooks","dominant","not_found","","","","",""
"BE","expense","pleo","exact-online","dominant","declared","api","","https://www.pleo.io/en/integrations/exact-online","","Every Pleo expense is instantly exported to Exact Online"
"BE","expense","spendesk","exact-online","dominant","declared","via_partner","yes","https://www.spendesk.com/integrations/exact-online/","","Developed by: Spendesk via Chift; two-way syncing"
"BE","expense","payhawk","exact-online","dominant","confirmed","api","","https://payhawk.com/integration/exact-online","https://www.exact.com/benl/app-store/payhawk-payhawk-ltd","Direct integration; listed on the Exact Online Marketplace"
"BE","expense","rydoo","exact-online","dominant","confirmed","api","","https://www.rydoo.com/integrations/exact/","https://www.exact.com/benl/app-store/rydoo-rydoo","Direct integration; connect your Exact Online account, sign in to integrate"
"BE","expense","mooncard","exact-online","dominant","declared","unknown","","https://www.mooncard.co/fr/integrations/exact-online","","""déverse automatiquement vos données comptables""; mechanism not described"
"BE","expense","n2f","exact-online","dominant","not_found","","","","",""
"BE","expense","jenji","exact-online","dominant","not_found","","","","",""
"BE","expense","moss","exact-online","dominant","declared","api","","https://www.getmoss.com/integrations","","Listed under Accounting with label 'API'"
"BE","banking","qonto","exact-online","dominant","declared","api","","https://qonto.com/nl/integrations/exact-online-sync-transactions","","Qonto transactions automatically transferred to the accounting tool"
"BE","banking","finom","exact-online","dominant","not_found","","","","",""
"BE","banking","memo-bank","exact-online","dominant","not_found","","","","",""
"BE","banking","revolut-business","exact-online","dominant","not_found","","","","",""
"BE","banking","bunq","exact-online","dominant","declared","api","","https://help.bunq.com/articles/what-bookkeeping-software-is-available-with-bunq-integration","","Listed as available bookkeeping software with bunq API integration (OAuth)"
"BE","banking","holvi","exact-online","dominant","not_found","","","","",""
"BE","cash","agicap","exact-online","dominant","not_found","","","","",""
"BE","cash","fygr","exact-online","dominant","declared","api","","https://www.okimia.com/fr/integrations/exact","","Invoices import automatically once accounts connected"
"BE","payables","libeo","exact-online","dominant","not_found","","","","",""
"BE","payables","getmyinvoices","exact-online","dominant","declared","api","","https://www.getmyinvoices.com/en/integrations-interfaces/","","'Automated interface to Exact'; product (Online/Globe) not specified"
"BE","payables","klippa","exact-online","dominant","declared","api","","https://www.klippa.com/koppelingen/exact-online/","","Connects directly to Exact Online via SpendControl and AI.dp API"
"BE","payables","yooz","exact-online","dominant","declared","api","","https://www.getyooz.com/wp-content/uploads/Yooz-Infographie-Exact-Online-FR.pdf","","Native connector Yooz - Exact Online"
"BE","invoicing","billit","exact-online","dominant","declared","api","","https://www.billit.eu/nl-be/koppelen-met-billit/koppel-met-je-boekhoudsoftware/","","Link type Billapi (API link), bi-directional"
"BE","invoicing","teamleader","exact-online","dominant","declared","api","","https://www.teamleader.eu/solutions/accounting-connector","","Accounting Connector: automatic two-way sync"
"BE","pos","lightspeed","exact-online","dominant","declared","api","","https://resto-support.lightspeedhq.com/hc/en-us/articles/115005519368-About-Lightspeed-Accounting","","Lightspeed Accounting can sync daily with Exact Online"
"BE","pos","mollie","exact-online","dominant","declared","api","","https://www.mollie.com/integrations/exact","","Automate Exact Online invoicing, reconcile automatically; also Bank Connection"
"BE","pos","gocardless","exact-online","dominant","not_found","","","","",""
"BE","pos","payplug","exact-online","dominant","not_found","","","","",""
"BE","pos","zettle","exact-online","dominant","declared","api","","https://www.zettle.com/nl/help/articles/9212016-integreer-met-exact","","Sales and payment data imported directly into Exact Online ledger"
"BE","hr","payfit","exact-online","dominant","not_found","","","","",""
"BE","hr","lucca","exact-online","dominant","declared","via_partner","yes","https://support.luccasoftware.com/s/article/Cr%C3%A9er-une-connexion-API?language=fr","","API connection for accounting entries; setup guide hosted on help.chift.app (Chift)"
"BE","construction","plancraft","exact-online","dominant","declared","api","","https://plancraft.com/nl-nl/plancraft-integraties","","Integration of Exact and plancraft; 'most used in the Netherlands'"
"BE","construction","hero-software","exact-online","dominant","declared","api","","https://hero-software.nl/functionaliteiten/koppelingen","","OAuth login; finished invoices go directly to Exact"
"BE","construction","vertuoza","exact-online","dominant","declared","api","","https://intercom-help.eu/vertuoza/fr/articles/522531-synchronisation-comptable-vue-d-ensemble","","Three table rows (BE, FR, NL): sales and purchase send"
"BE","construction","graneet","exact-online","dominant","not_found","","","","",""
"BE","expense","pleo","octopus","important","not_found","","","","",""
"BE","expense","spendesk","octopus","important","not_found","","","","",""
"BE","expense","payhawk","octopus","important","not_found","","","","",""
"BE","expense","rydoo","octopus","important","not_found","","","","",""
"BE","expense","mooncard","octopus","important","not_found","","","","",""
"BE","expense","n2f","octopus","important","not_found","","","","",""
"BE","expense","jenji","octopus","important","not_found","","","","",""
"BE","expense","moss","octopus","important","not_found","","","","",""
"BE","banking","qonto","octopus","important","declared","api","","https://qonto.com/nl/integrations/octopus-sync-transactions","","Qonto transactions automatically transferred to the accounting tool"
"BE","banking","finom","octopus","important","not_found","","","","",""
"BE","banking","memo-bank","octopus","important","not_found","","","","",""
"BE","banking","revolut-business","octopus","important","not_found","","","","",""
"BE","banking","bunq","octopus","important","not_found","","","","",""
"BE","banking","holvi","octopus","important","not_found","","","","",""
"BE","cash","agicap","octopus","important","not_found","","","","",""
"BE","cash","fygr","octopus","important","not_found","","","","",""
"BE","payables","libeo","octopus","important","not_found","","","","",""
"BE","payables","getmyinvoices","octopus","important","not_found","","","","",""
"BE","payables","klippa","octopus","important","not_found","","","","",""
"BE","payables","yooz","octopus","important","not_found","","","","",""
"BE","invoicing","billit","octopus","important","declared","api","","https://www.billit.eu/nl-be/koppelen-met-billit/koppel-met-je-boekhoudsoftware/","","Link type Billapi (API link), bi-directional"
"BE","invoicing","teamleader","octopus","important","declared","api","","https://www.teamleader.eu/solutions/accounting-connector","","Accounting Connector: automatic two-way sync"
"BE","pos","lightspeed","octopus","important","declared","via_partner","","https://www.lightspeedhq.nl/integraties/scrada/","","Via Scrada: revenue and payment data forwarded to Octopus"
"BE","pos","mollie","octopus","important","not_found","","","","",""
"BE","pos","gocardless","octopus","important","not_found","","","","",""
"BE","pos","payplug","octopus","important","not_found","","","","",""
"BE","pos","zettle","octopus","important","not_found","","","","",""
"BE","hr","payfit","octopus","important","not_found","","","","",""
"BE","hr","lucca","octopus","important","not_found","","","","",""
"BE","construction","plancraft","octopus","important","not_found","","","","",""
"BE","construction","hero-software","octopus","important","not_found","","","","",""
"BE","construction","vertuoza","octopus","important","declared","api","","https://intercom-help.eu/vertuoza/fr/articles/522531-synchronisation-comptable-vue-d-ensemble","","Compatible-software table: sales, purchase send and purchase retrieval supported"
"BE","construction","graneet","octopus","important","not_found","","","","",""
"BE","expense","pleo","yuki","important","not_found","","","","",""
"BE","expense","spendesk","yuki","important","not_found","","","","",""
"BE","expense","payhawk","yuki","important","not_found","","","","",""
"BE","expense","rydoo","yuki","important","not_found","","","","",""
"BE","expense","mooncard","yuki","important","not_found","","","","",""
"BE","expense","n2f","yuki","important","not_found","","","","",""
"BE","expense","jenji","yuki","important","not_found","","","","",""
"BE","expense","moss","yuki","important","not_found","","","","",""
"BE","banking","qonto","yuki","important","declared","api","","https://qonto.com/nl/integrations/yuki-sync-transactions","","Qonto transactions automatically transferred to the accounting tool"
"BE","banking","finom","yuki","important","not_found","","","","",""
"BE","banking","memo-bank","yuki","important","not_found","","","","",""
"BE","banking","revolut-business","yuki","important","not_found","","","","",""
"BE","banking","bunq","yuki","important","declared","api","","https://help.bunq.com/articles/what-bookkeeping-software-is-available-with-bunq-integration","","Listed as available bookkeeping software with bunq API integration (OAuth)"
"BE","banking","holvi","yuki","important","not_found","","","","",""
"BE","cash","agicap","yuki","important","not_found","","","","",""
"BE","cash","fygr","yuki","important","not_found","","","","",""
"BE","payables","libeo","yuki","important","not_found","","","","",""
"BE","payables","getmyinvoices","yuki","important","not_found","","","","",""
"BE","payables","klippa","yuki","important","not_found","","","","",""
"BE","payables","yooz","yuki","important","not_found","","","","",""
"BE","invoicing","billit","yuki","important","declared","api","","https://www.billit.eu/nl-be/koppelen-met-billit/koppel-met-je-boekhoudsoftware/","","Link type Billapi (API link), bi-directional"
"BE","invoicing","teamleader","yuki","important","declared","api","","https://www.teamleader.eu/solutions/accounting-connector","","Accounting Connector: automatic two-way sync"
"BE","pos","lightspeed","yuki","important","declared","via_partner","","https://www.lightspeedhq.nl/integraties/yuki/","","Via Omniboost Omni-Accounting connector; also via Scrada"
"BE","pos","mollie","yuki","important","declared","api","","https://docs.mollie.com/docs/mollie-bank-statements","","Bank Connection (auto sync every 30 min) available for it; directory page is a stub"
"BE","pos","gocardless","yuki","important","not_found","","","","",""
"BE","pos","payplug","yuki","important","not_found","","","","",""
"BE","pos","zettle","yuki","important","declared","unknown","","https://www.zettle.com/nl/koppelingen","","Listed under 'Boekhoudkoppelingen'; no mechanism stated"
"BE","hr","payfit","yuki","important","not_found","","","","",""
"BE","hr","lucca","yuki","important","not_found","","","","",""
"BE","construction","plancraft","yuki","important","not_found","","","","",""
"BE","construction","hero-software","yuki","important","not_found","","","","",""
"BE","construction","vertuoza","yuki","important","declared","api","","https://intercom-help.eu/vertuoza/fr/articles/522531-synchronisation-comptable-vue-d-ensemble","","Compatible-software table: sales, purchase send and purchase retrieval supported"
"BE","construction","graneet","yuki","important","not_found","","","","",""
"BE","expense","pleo","sage-bob-50","important","not_found","","","","",""
"BE","expense","spendesk","sage-bob-50","important","not_found","","","","",""
"BE","expense","payhawk","sage-bob-50","important","not_found","","","","",""
"BE","expense","rydoo","sage-bob-50","important","not_found","","","","",""
"BE","expense","mooncard","sage-bob-50","important","not_found","","","","",""
"BE","expense","n2f","sage-bob-50","important","not_found","","","","",""
"BE","expense","jenji","sage-bob-50","important","not_found","","","","",""
"BE","expense","moss","sage-bob-50","important","not_found","","","","",""
"BE","banking","qonto","sage-bob-50","important","declared","api","","https://qonto.com/en/library_search?html_variation=integrations&revamp_item_style=true&categories=supplier-invoices&page=2","","Synchronize supplier invoices to Qonto"
"BE","banking","finom","sage-bob-50","important","not_found","","","","",""
"BE","banking","memo-bank","sage-bob-50","important","not_found","","","","",""
"BE","banking","revolut-business","sage-bob-50","important","not_found","","","","",""
"BE","banking","bunq","sage-bob-50","important","not_found","","","","",""
"BE","banking","holvi","sage-bob-50","important","not_found","","","","",""
"BE","cash","agicap","sage-bob-50","important","not_found","","","","",""
"BE","cash","fygr","sage-bob-50","important","not_found","","","","",""
"BE","payables","libeo","sage-bob-50","important","not_found","","","","",""
"BE","payables","getmyinvoices","sage-bob-50","important","not_found","","","","",""
"BE","payables","klippa","sage-bob-50","important","not_found","","","","",""
"BE","payables","yooz","sage-bob-50","important","not_found","","","","",""
"BE","invoicing","billit","sage-bob-50","important","not_found","","","","",""
"BE","invoicing","teamleader","sage-bob-50","important","declared","via_partner","","https://marketplace.teamleader.eu/be/en/category/bookkeeping","","Marketplace app by Billit: collaborate with BOB50 accountant"
"BE","pos","lightspeed","sage-bob-50","important","declared","via_partner","","https://www.lightspeedhq.nl/integraties/sage-bob/","","Via Omniboost Omni-Accounting connector"
"BE","pos","mollie","sage-bob-50","important","not_found","","","","",""
"BE","pos","gocardless","sage-bob-50","important","not_found","","","","",""
"BE","pos","payplug","sage-bob-50","important","not_found","","","","",""
"BE","pos","zettle","sage-bob-50","important","not_found","","","","",""
"BE","hr","payfit","sage-bob-50","important","not_found","","","","",""
"BE","hr","lucca","sage-bob-50","important","declared","via_partner","yes","https://support.luccasoftware.com/s/article/Cr%C3%A9er-une-connexion-API?language=fr","","API connection for accounting entries; setup guide hosted on help.chift.app (Chift)"
"BE","construction","plancraft","sage-bob-50","important","not_found","","","","",""
"BE","construction","hero-software","sage-bob-50","important","not_found","","","","",""
"BE","construction","vertuoza","sage-bob-50","important","declared","api","","https://intercom-help.eu/vertuoza/fr/articles/522531-synchronisation-comptable-vue-d-ensemble","","Compatible-software table: full sync; needs local agent install"
"BE","construction","graneet","sage-bob-50","important","not_found","","","","",""
"BE","expense","pleo","adsolut","important","not_found","","","","",""
"BE","expense","spendesk","adsolut","important","not_found","","","","",""
"BE","expense","payhawk","adsolut","important","not_found","","","","",""
"BE","expense","rydoo","adsolut","important","not_found","","","","",""
"BE","expense","mooncard","adsolut","important","not_found","","","","",""
"BE","expense","n2f","adsolut","important","not_found","","","","",""
"BE","expense","jenji","adsolut","important","not_found","","","","",""
"BE","expense","moss","adsolut","important","not_found","","","","",""
"BE","banking","qonto","adsolut","important","not_found","","","","",""
"BE","banking","finom","adsolut","important","not_found","","","","",""
"BE","banking","memo-bank","adsolut","important","not_found","","","","",""
"BE","banking","revolut-business","adsolut","important","not_found","","","","",""
"BE","banking","bunq","adsolut","important","not_found","","","","",""
"BE","banking","holvi","adsolut","important","not_found","","","","",""
"BE","cash","agicap","adsolut","important","not_found","","","","",""
"BE","cash","fygr","adsolut","important","not_found","","","","",""
"BE","payables","libeo","adsolut","important","not_found","","","","",""
"BE","payables","getmyinvoices","adsolut","important","not_found","","","","",""
"BE","payables","klippa","adsolut","important","not_found","","","","",""
"BE","payables","yooz","adsolut","important","not_found","","","","",""
"BE","invoicing","billit","adsolut","important","declared","file_export","","https://www.billit.eu/nl-be/koppelen-met-billit/koppel-met-je-boekhoudsoftware/","","Link type Billsync: UBL files synced via own server"
"BE","invoicing","teamleader","adsolut","important","declared","via_partner","","https://marketplace.teamleader.eu/be/en/category/bookkeeping","","Marketplace app by Billit"
"BE","pos","lightspeed","adsolut","important","declared","via_partner","","https://www.lightspeedhq.nl/integraties/scrada/","","Via Scrada: data forwarded to Kluwer Adsolut"
"BE","pos","mollie","adsolut","important","not_found","","","","",""
"BE","pos","gocardless","adsolut","important","not_found","","","","",""
"BE","pos","payplug","adsolut","important","not_found","","","","",""
"BE","pos","zettle","adsolut","important","not_found","","","","",""
"BE","hr","payfit","adsolut","important","not_found","","","","",""
"BE","hr","lucca","adsolut","important","not_found","","","","",""
"BE","construction","plancraft","adsolut","important","not_found","","","","",""
"BE","construction","hero-software","adsolut","important","not_found","","","","",""
"BE","construction","vertuoza","adsolut","important","not_found","","","","",""
"BE","construction","graneet","adsolut","important","not_found","","","","",""
"BE","expense","pleo","horus","important","not_found","","","","",""
"BE","expense","spendesk","horus","important","not_found","","","","",""
"BE","expense","payhawk","horus","important","not_found","","","","",""
"BE","expense","rydoo","horus","important","not_found","","","","",""
"BE","expense","mooncard","horus","important","not_found","","","","",""
"BE","expense","n2f","horus","important","not_found","","","","",""
"BE","expense","jenji","horus","important","not_found","","","","",""
"BE","expense","moss","horus","important","not_found","","","","",""
"BE","banking","qonto","horus","important","declared","api","","https://qonto.com/fr-be/integrations/horus-sync-transactions","","Qonto transactions automatically transferred to the accounting platform"
"BE","banking","finom","horus","important","not_found","","","","",""
"BE","banking","memo-bank","horus","important","not_found","","","","",""
"BE","banking","revolut-business","horus","important","not_found","","","","",""
"BE","banking","bunq","horus","important","not_found","","","","",""
"BE","banking","holvi","horus","important","not_found","","","","",""
"BE","cash","agicap","horus","important","not_found","","","","",""
"BE","cash","fygr","horus","important","not_found","","","","",""
"BE","payables","libeo","horus","important","not_found","","","","",""
"BE","payables","getmyinvoices","horus","important","not_found","","","","",""
"BE","payables","klippa","horus","important","not_found","","","","",""
"BE","payables","yooz","horus","important","not_found","","","","",""
"BE","invoicing","billit","horus","important","declared","api","","https://www.billit.eu/nl-be/koppelen-met-billit/koppel-met-je-boekhoudsoftware/","","Link type Billapi (API link), bi-directional"
"BE","invoicing","teamleader","horus","important","declared","unknown","","https://www.teamleader.eu/fr/solutions/integrations","","Named in accounting software list; mechanism not stated"
"BE","pos","lightspeed","horus","important","declared","via_partner","","https://www.lightspeedhq.nl/integraties/scrada/","","Via Scrada: data forwarded to Horus"
"BE","pos","mollie","horus","important","not_found","","","","",""
"BE","pos","gocardless","horus","important","not_found","","","","",""
"BE","pos","payplug","horus","important","not_found","","","","",""
"BE","pos","zettle","horus","important","not_found","","","","",""
"BE","hr","payfit","horus","important","not_found","","","","",""
"BE","hr","lucca","horus","important","not_found","","","","",""
"BE","construction","plancraft","horus","important","not_found","","","","",""
"BE","construction","hero-software","horus","important","not_found","","","","",""
"BE","construction","vertuoza","horus","important","declared","api","","https://intercom-help.eu/vertuoza/fr/articles/522531-synchronisation-comptable-vue-d-ensemble","","Compatible-software table: sync supported, purchase retrieval without PDF"
"BE","construction","graneet","horus","important","not_found","","","","",""
"BE","expense","pleo","kluwer-expert","secondary","not_found","","","","",""
"BE","expense","spendesk","kluwer-expert","secondary","not_found","","","","",""
"BE","expense","payhawk","kluwer-expert","secondary","not_found","","","","",""
"BE","expense","rydoo","kluwer-expert","secondary","not_found","","","","",""
"BE","expense","mooncard","kluwer-expert","secondary","not_found","","","","",""
"BE","expense","n2f","kluwer-expert","secondary","not_found","","","","",""
"BE","expense","jenji","kluwer-expert","secondary","not_found","","","","",""
"BE","expense","moss","kluwer-expert","secondary","not_found","","","","",""
"BE","banking","qonto","kluwer-expert","secondary","not_found","","","","",""
"BE","banking","finom","kluwer-expert","secondary","not_found","","","","",""
"BE","banking","memo-bank","kluwer-expert","secondary","not_found","","","","",""
"BE","banking","revolut-business","kluwer-expert","secondary","not_found","","","","",""
"BE","banking","bunq","kluwer-expert","secondary","not_found","","","","",""
"BE","banking","holvi","kluwer-expert","secondary","not_found","","","","",""
"BE","cash","agicap","kluwer-expert","secondary","not_found","","","","",""
"BE","cash","fygr","kluwer-expert","secondary","not_found","","","","",""
"BE","payables","libeo","kluwer-expert","secondary","not_found","","","","",""
"BE","payables","getmyinvoices","kluwer-expert","secondary","not_found","","","","",""
"BE","payables","klippa","kluwer-expert","secondary","not_found","","","","",""
"BE","payables","yooz","kluwer-expert","secondary","not_found","","","","",""
"BE","invoicing","billit","kluwer-expert","secondary","declared","file_export","","https://www.billit.eu/nl-be/koppelen-met-billit/koppel-met-je-boekhoudsoftware/","","Link type Billsync: UBL files synced via own server, bi-directional"
"BE","invoicing","teamleader","kluwer-expert","secondary","declared","file_export","","https://support.focus.teamleader.eu/hc/en-150/articles/25691318213393-What-are-the-available-bookkeeping-integrations-in-Teamleader-Focus-per-country","","Export only: Expert-M / Eva Online, countries active BE NL."
"BE","pos","lightspeed","kluwer-expert","secondary","declared","via_partner","","https://www.lightspeedhq.nl/integraties/scrada/","","Via Scrada: data forwarded to Expert/M"
"BE","pos","mollie","kluwer-expert","secondary","not_found","","","","",""
"BE","pos","gocardless","kluwer-expert","secondary","not_found","","","","",""
"BE","pos","payplug","kluwer-expert","secondary","not_found","","","","",""
"BE","pos","zettle","kluwer-expert","secondary","not_found","","","","",""
"BE","hr","payfit","kluwer-expert","secondary","not_found","","","","",""
"BE","hr","lucca","kluwer-expert","secondary","not_found","","","","",""
"BE","construction","plancraft","kluwer-expert","secondary","not_found","","","","",""
"BE","construction","hero-software","kluwer-expert","secondary","not_found","","","","",""
"BE","construction","vertuoza","kluwer-expert","secondary","not_found","","","","",""
"BE","construction","graneet","kluwer-expert","secondary","not_found","","","","",""
"BE","expense","pleo","odoo","secondary","declared","api","","https://www.pleo.io/en/integrations/odoo","","Export every expense into Odoo in one click; syncs tags, VAT codes"
"BE","expense","spendesk","odoo","secondary","directory","via_partner","yes","https://www.spendesk.com/integrations/odoo/","https://www.connect-compta.fr/#annuaire","Developed by: Spendesk via Chift; native two-way integration. Also listed in connect-compta (connection through Chift)."
"BE","expense","payhawk","odoo","secondary","declared","via_partner","","https://payhawk.com/integrations","","Card: connect with Odoo through our partner-built integration"
"BE","expense","rydoo","odoo","secondary","not_found","","","","",""
"BE","expense","mooncard","odoo","secondary","not_found","","","","",""
"BE","expense","n2f","odoo","secondary","declared","unknown","","https://www.n2f.com/en/integrations/odoo/","","Dedicated page 'N2F integrates with Odoo'; mechanism not described"
"BE","expense","jenji","odoo","secondary","declared","unknown","","https://www.jenji.io/fr/integrations/erp-comptabilite-finance","","Logo in 'ERP & Comptabilité' grid; connector type not specified per software"
"BE","expense","moss","odoo","secondary","declared","api","","https://www.getmoss.com/integrations","","Listed under Accounting with label 'API'"
"BE","banking","qonto","odoo","secondary","declared","api","","https://qonto.com/fr/integrations/odoo","","EBICS statements and transfers; also transactions sync listed NL/BE"
"BE","banking","finom","odoo","secondary","declared","unknown","","https://finom.co/fr-fr/integrations/","","Listed under ""Intégrations"" on Finom's French integrations page (read 2026-10-02 in a browser); no mechanism stated."
"BE","banking","memo-bank","odoo","secondary","declared","api","","https://memo.bank/produit/integrations/","","Listed with connector: EBICS (direct EBICS TS connection)"
"BE","banking","revolut-business","odoo","secondary","declared","api","","https://www.revolut.com/business/integrations/","","Odoo: Automatically import account statements into your Odoo database."
"BE","banking","bunq","odoo","secondary","not_found","","","","",""
"BE","banking","holvi","odoo","secondary","declared","api","","https://www.holvi.com/de/schnittstellen/","","Weitere Schnittstellen: 'Oodo – Plattformbasierte Unternehmenssoftware (ERP)', verbunden über die standardisierte PSD2-Schnittstelle mit Holvi."
"BE","cash","agicap","odoo","secondary","directory","api","yes","https://agicap.com/fr/nos-integrations/odoo/","https://www.connect-compta.fr/#annuaire","Bi-directional flows; encrypted API or SFTP connections. Also listed in connect-compta (connection through Chift)."
"BE","cash","fygr","odoo","secondary","declared","api","","https://help.okimia.com/fr/articles/9173875-comment-fonctionne-l-integration-entre-okimia-et-odoo","","Help 'Integrations via API'; automatic invoice retrieval"
"BE","payables","libeo","odoo","secondary","directory","api","yes","https://libeo.io/integrations/odoo","https://www.connect-compta.fr/#annuaire","Documents and accounting entries are sent by API into Odoo. Also listed in connect-compta (connection through Chift)."
"BE","payables","getmyinvoices","odoo","secondary","not_found","","","","",""
"BE","payables","klippa","odoo","secondary","declared","api","","https://www.klippa.com/koppelingen/odoo/","","Connects directly to Odoo; books invoices directly to Odoo"
"BE","payables","yooz","odoo","secondary","directory","api","","https://www.getyooz.com/fr/logiciels-comptables-et-erp-connectes","https://www.connect-compta.fr/#annuaire","Logo on connected-ERP list (250+ native connectors); mechanism not detailed. Also listed in connect-compta (direct connection)."
"BE","invoicing","billit","odoo","secondary","not_found","","","","",""
"BE","invoicing","teamleader","odoo","secondary","not_found","","","","",""
"BE","pos","lightspeed","odoo","secondary","not_found","","","","",""
"BE","pos","mollie","odoo","secondary","declared","api","","https://www.mollie.com/integrations/odoo","","Mollie apps for Odoo ecommerce, POS and financial reconciliation"
"BE","pos","gocardless","odoo","secondary","declared","via_partner","","https://gocardless.com/partners/category/accounting-and-invoicing","","Listed as 'Odoo by Open User Systems'"
"BE","pos","payplug","odoo","secondary","declared","api","","https://www.payplug.com/fr/modules/odoo/","","Payplug module for Odoo: checkout and payment links in invoices"
"BE","pos","zettle","odoo","secondary","not_found","","","","",""
"BE","hr","payfit","odoo","secondary","declared","via_partner","","https://payfit.com/fr/go/odoo-by-sodexis/","","Payroll data pushed to Odoo Accounting through the Sodexis connector"
"BE","hr","lucca","odoo","secondary","directory","via_partner","yes","https://support.luccasoftware.com/s/article/Cr%C3%A9er-une-connexion-API?language=fr","https://www.connect-compta.fr/#annuaire","API connection for accounting entries; setup guide hosted on help.chift.app (Chift). Also listed in connect-compta (connection through Chift)."
"BE","construction","plancraft","odoo","secondary","not_found","","","","",""
"BE","construction","hero-software","odoo","secondary","not_found","","","","",""
"BE","construction","vertuoza","odoo","secondary","directory","api","yes","https://intercom-help.eu/vertuoza/fr/articles/522531-synchronisation-comptable-vue-d-ensemble","https://www.connect-compta.fr/#annuaire","Compatible-software table: sales, purchase send and purchase retrieval supported. Also listed in connect-compta (connection through Chift)."
"BE","construction","graneet","odoo","secondary","directory","via_partner","yes","https://www.connect-compta.fr/#annuaire","https://www.connect-compta.fr/#annuaire","connect-compta, Chift's directory, lists a connection through Chift."
"BE","expense","pleo","winauditor","secondary","not_found","","","","",""
"BE","expense","spendesk","winauditor","secondary","not_found","","","","",""
"BE","expense","payhawk","winauditor","secondary","not_found","","","","",""
"BE","expense","rydoo","winauditor","secondary","not_found","","","","",""
"BE","expense","mooncard","winauditor","secondary","not_found","","","","",""
"BE","expense","n2f","winauditor","secondary","not_found","","","","",""
"BE","expense","jenji","winauditor","secondary","not_found","","","","",""
"BE","expense","moss","winauditor","secondary","not_found","","","","",""
"BE","banking","qonto","winauditor","secondary","not_found","","","","",""
"BE","banking","finom","winauditor","secondary","not_found","","","","",""
"BE","banking","memo-bank","winauditor","secondary","not_found","","","","",""
"BE","banking","revolut-business","winauditor","secondary","not_found","","","","",""
"BE","banking","bunq","winauditor","secondary","not_found","","","","",""
"BE","banking","holvi","winauditor","secondary","not_found","","","","",""
"BE","cash","agicap","winauditor","secondary","not_found","","","","",""
"BE","cash","fygr","winauditor","secondary","not_found","","","","",""
"BE","payables","libeo","winauditor","secondary","not_found","","","","",""
"BE","payables","getmyinvoices","winauditor","secondary","not_found","","","","",""
"BE","payables","klippa","winauditor","secondary","not_found","","","","",""
"BE","payables","yooz","winauditor","secondary","not_found","","","","",""
"BE","invoicing","billit","winauditor","secondary","declared","file_export","","https://www.billit.eu/nl-be/koppelen-met-billit/koppel-met-je-boekhoudsoftware/","","Link type Billmail: UBL invoices via software mailbox"
"BE","invoicing","teamleader","winauditor","secondary","not_found","","","","",""
"BE","pos","lightspeed","winauditor","secondary","declared","via_partner","","https://www.lightspeedhq.nl/integraties/scrada/","","Via Scrada: data forwarded to Winauditor"
"BE","pos","mollie","winauditor","secondary","not_found","","","","",""
"BE","pos","gocardless","winauditor","secondary","not_found","","","","",""
"BE","pos","payplug","winauditor","secondary","not_found","","","","",""
"BE","pos","zettle","winauditor","secondary","not_found","","","","",""
"BE","hr","payfit","winauditor","secondary","not_found","","","","",""
"BE","hr","lucca","winauditor","secondary","not_found","","","","",""
"BE","construction","plancraft","winauditor","secondary","not_found","","","","",""
"BE","construction","hero-software","winauditor","secondary","not_found","","","","",""
"BE","construction","vertuoza","winauditor","secondary","not_found","","","","",""
"BE","construction","graneet","winauditor","secondary","not_found","","","","",""
"NL","expense","pleo","exact-online","dominant","declared","api","","https://www.pleo.io/en/integrations/exact-online","","Every Pleo expense is instantly exported to Exact Online"
"NL","expense","spendesk","exact-online","dominant","declared","via_partner","yes","https://www.spendesk.com/integrations/exact-online/","","Developed by: Spendesk via Chift; two-way syncing"
"NL","expense","payhawk","exact-online","dominant","confirmed","api","","https://payhawk.com/integration/exact-online","https://www.exact.com/benl/app-store/payhawk-payhawk-ltd","Direct integration; listed on the Exact Online Marketplace"
"NL","expense","rydoo","exact-online","dominant","confirmed","api","","https://www.rydoo.com/integrations/exact/","https://www.exact.com/benl/app-store/rydoo-rydoo","Direct integration; connect your Exact Online account, sign in to integrate"
"NL","expense","mooncard","exact-online","dominant","declared","unknown","","https://www.mooncard.co/fr/integrations/exact-online","","""déverse automatiquement vos données comptables""; mechanism not described"
"NL","expense","moss","exact-online","dominant","declared","api","","https://www.getmoss.com/integrations","","Listed under Accounting with label 'API'"
"NL","expense","circula","exact-online","dominant","not_found","","","","",""
"NL","banking","qonto","exact-online","dominant","declared","api","","https://qonto.com/nl/integrations/exact-online-sync-transactions","","Qonto transactions automatically transferred to the accounting tool"
"NL","banking","finom","exact-online","dominant","not_found","","","","",""
"NL","banking","bunq","exact-online","dominant","declared","api","","https://help.bunq.com/articles/what-bookkeeping-software-is-available-with-bunq-integration","","Listed as available bookkeeping software with bunq API integration (OAuth)"
"NL","cash","fygr","exact-online","dominant","declared","api","","https://www.okimia.com/fr/integrations/exact","","Invoices import automatically once accounts connected"
"NL","payables","dext","exact-online","dominant","not_found","","","","",""
"NL","payables","getmyinvoices","exact-online","dominant","declared","api","","https://www.getmyinvoices.com/en/integrations-interfaces/","","'Automated interface to Exact'; product (Online/Globe) not specified"
"NL","payables","klippa","exact-online","dominant","declared","api","","https://www.klippa.com/koppelingen/exact-online/","","Connects directly to Exact Online via SpendControl and AI.dp API"
"NL","payables","yooz","exact-online","dominant","declared","api","","https://www.getyooz.com/wp-content/uploads/Yooz-Infographie-Exact-Online-FR.pdf","","Native connector Yooz - Exact Online"
"NL","invoicing","billit","exact-online","dominant","declared","api","","https://www.billit.eu/nl-be/koppelen-met-billit/koppel-met-je-boekhoudsoftware/","","Link type Billapi (API link), bi-directional"
"NL","invoicing","teamleader","exact-online","dominant","declared","api","","https://www.teamleader.eu/solutions/accounting-connector","","Accounting Connector: automatic two-way sync"
"NL","pos","lightspeed","exact-online","dominant","declared","api","","https://resto-support.lightspeedhq.com/hc/en-us/articles/115005519368-About-Lightspeed-Accounting","","Lightspeed Accounting can sync daily with Exact Online"
"NL","pos","mollie","exact-online","dominant","declared","api","","https://www.mollie.com/integrations/exact","","Automate Exact Online invoicing, reconcile automatically; also Bank Connection"
"NL","pos","zettle","exact-online","dominant","declared","api","","https://www.zettle.com/nl/help/articles/9212016-integreer-met-exact","","Sales and payment data imported directly into Exact Online ledger"
"NL","hr","lucca","exact-online","dominant","declared","via_partner","yes","https://support.luccasoftware.com/s/article/Cr%C3%A9er-une-connexion-API?language=fr","","API connection for accounting entries; setup guide hosted on help.chift.app (Chift)"
"NL","construction","plancraft","exact-online","dominant","declared","api","","https://plancraft.com/nl-nl/plancraft-integraties","","Integration of Exact and plancraft; 'most used in the Netherlands'"
"NL","construction","hero-software","exact-online","dominant","declared","api","","https://hero-software.nl/functionaliteiten/koppelingen","","OAuth login; finished invoices go directly to Exact"
"NL","construction","vertuoza","exact-online","dominant","declared","api","","https://intercom-help.eu/vertuoza/fr/articles/522531-synchronisation-comptable-vue-d-ensemble","","Three table rows (BE, FR, NL): sales and purchase send"
"NL","expense","pleo","afas","dominant","declared","via_partner","","https://www.pleo.io/en/integrations/afasprofit","","Developer listed: Present Connection; webhook-driven export into AFAS Profit"
"NL","expense","spendesk","afas","dominant","not_found","","","","",""
"NL","expense","payhawk","afas","dominant","declared","via_partner","","https://payhawk.com/integration/afas","","Titled native AFAS integration; page FAQ describes partner-built integrations"
"NL","expense","rydoo","afas","dominant","not_found","","","","",""
"NL","expense","mooncard","afas","dominant","not_found","","","","",""
"NL","expense","moss","afas","dominant","declared","api","","https://www.getmoss.com/integrations","","Listed under Accounting with label 'API'"
"NL","expense","circula","afas","dominant","not_found","","","","",""
"NL","banking","qonto","afas","dominant","declared","api","","https://qonto.com/nl/integrations/afas-sync-transactions","","Qonto transactions automatically transferred to the accounting tool"
"NL","banking","finom","afas","dominant","not_found","","","","",""
"NL","banking","bunq","afas","dominant","declared","api","","https://help.bunq.com/articles/what-bookkeeping-software-is-available-with-bunq-integration","","Listed as available bookkeeping software with bunq API integration (OAuth)"
"NL","cash","fygr","afas","dominant","not_found","","","","",""
"NL","payables","dext","afas","dominant","not_found","","","","",""
"NL","payables","getmyinvoices","afas","dominant","not_found","","","","",""
"NL","payables","klippa","afas","dominant","declared","api","","https://www.klippa.com/koppelingen/afas/","","SpendControl connects directly with AFAS; books invoices directly to AFAS"
"NL","payables","yooz","afas","dominant","not_found","","","","",""
"NL","invoicing","billit","afas","dominant","not_found","","","","",""
"NL","invoicing","teamleader","afas","dominant","declared","via_partner","","https://marketplace.teamleader.eu/be/en/category/bookkeeping","","Marketplace app by APIcenter: synchronize invoices"
"NL","pos","lightspeed","afas","dominant","declared","via_partner","","https://www.lightspeedhq.nl/integraties/afas/","","Via webwinkelfacturen.nl: receipts forwarded to AFAS as invoices"
"NL","pos","mollie","afas","dominant","declared","api","","https://www.mollie.com/integrations/afas","","Payment links in AFAS invoices, ledger reconciled instantly"
"NL","pos","zettle","afas","dominant","not_found","","","","",""
"NL","hr","lucca","afas","dominant","declared","via_partner","yes","https://support.luccasoftware.com/s/article/Cr%C3%A9er-une-connexion-API?language=fr","","API connection (beta); setup guide hosted on help.chift.app (Chift)"
"NL","construction","plancraft","afas","dominant","not_found","","","","",""
"NL","construction","hero-software","afas","dominant","not_found","","","","",""
"NL","construction","vertuoza","afas","dominant","declared","api","","https://intercom-help.eu/vertuoza/fr/articles/522531-synchronisation-comptable-vue-d-ensemble","","Compatible-software table: sales, purchase send and purchase retrieval supported"
"NL","expense","pleo","e-boekhouden","important","not_found","","","","",""
"NL","expense","spendesk","e-boekhouden","important","not_found","","","","",""
"NL","expense","payhawk","e-boekhouden","important","not_found","","","","",""
"NL","expense","rydoo","e-boekhouden","important","not_found","","","","",""
"NL","expense","mooncard","e-boekhouden","important","not_found","","","","",""
"NL","expense","moss","e-boekhouden","important","not_found","","","","",""
"NL","expense","circula","e-boekhouden","important","not_found","","","","",""
"NL","banking","qonto","e-boekhouden","important","not_found","","","","",""
"NL","banking","finom","e-boekhouden","important","not_found","","","","",""
"NL","banking","bunq","e-boekhouden","important","declared","api","","https://help.bunq.com/articles/what-bookkeeping-software-is-available-with-bunq-integration","","Listed as available bookkeeping software with bunq API integration (OAuth)"
"NL","cash","fygr","e-boekhouden","important","not_found","","","","",""
"NL","payables","dext","e-boekhouden","important","not_found","","","","",""
"NL","payables","getmyinvoices","e-boekhouden","important","declared","api","","https://www.getmyinvoices.com/en/integrations-interfaces/","","'GetMyInvoices offers an automated interface to e-boekhouden'"
"NL","payables","klippa","e-boekhouden","important","not_found","","","","",""
"NL","payables","yooz","e-boekhouden","important","not_found","","","","",""
"NL","invoicing","billit","e-boekhouden","important","declared","file_export","","https://www.billit.eu/nl-nl/koppelen-met-billit/mogelijkheden-per-boekhoudsoftware/","","Link type Billmail: UBL invoices via software mailbox"
"NL","invoicing","teamleader","e-boekhouden","important","declared","via_partner","","https://marketplace.teamleader.eu/nl/en/category/bookkeeping","","Marketplace app by Combidesk: synchronize invoices"
"NL","pos","lightspeed","e-boekhouden","important","declared","via_partner","","https://www.lightspeedhq.nl/integraties/e-boekhouden-voor-retail-en-restaurant/","","Via winkelboekhouding.nl connector: receipts posted to bookkeeping"
"NL","pos","mollie","e-boekhouden","important","declared","unknown","","https://www.mollie.com/integrations/eboekhouden","","Listed in Accounting & Invoicing; stub page, no mechanism"
"NL","pos","zettle","e-boekhouden","important","declared","unknown","","https://www.zettle.com/nl/koppelingen","","Listed under 'Boekhoudkoppelingen'; no mechanism stated"
"NL","hr","lucca","e-boekhouden","important","not_found","","","","",""
"NL","construction","plancraft","e-boekhouden","important","not_found","","","","",""
"NL","construction","hero-software","e-boekhouden","important","not_found","","","","",""
"NL","construction","vertuoza","e-boekhouden","important","declared","api","","https://intercom-help.eu/vertuoza/fr/articles/522531-synchronisation-comptable-vue-d-ensemble","","Compatible-software table: sales, purchase send and purchase retrieval supported"
"NL","expense","pleo","twinfield","important","declared","api","","https://www.pleo.io/en/integrations/twinfield","","Enjoy an error-free month-end with our direct API integration"
"NL","expense","spendesk","twinfield","important","not_found","","","","",""
"NL","expense","payhawk","twinfield","important","not_found","","","","",""
"NL","expense","rydoo","twinfield","important","not_found","","","","",""
"NL","expense","mooncard","twinfield","important","not_found","","","","",""
"NL","expense","moss","twinfield","important","declared","file_export","","https://www.getmoss.com/integrations/twinfield","","Moss generates Twinfield-ready CSV exports; label 'CSV'"
"NL","expense","circula","twinfield","important","declared","api","","https://www.circula.com/en/integrations","","API interface Twinfield from Wolters Kluwer; EN page only"
"NL","banking","qonto","twinfield","important","declared","api","","https://qonto.com/nl/integrations/twinfield-sync-transactions","","Qonto transactions automatically transferred to the accounting tool"
"NL","banking","finom","twinfield","important","not_found","","","","",""
"NL","banking","bunq","twinfield","important","declared","api","","https://help.bunq.com/articles/what-bookkeeping-software-is-available-with-bunq-integration","","Listed as available bookkeeping software with bunq API integration (OAuth)"
"NL","cash","fygr","twinfield","important","not_found","","","","",""
"NL","payables","dext","twinfield","important","declared","api","","https://help.dext.com/en/articles/222160-how-dext-works-with-twinfield","","Publish Cost and Sales documents directly to your Twinfield organisation"
"NL","payables","getmyinvoices","twinfield","important","not_found","","","","",""
"NL","payables","klippa","twinfield","important","declared","api","","https://www.klippa.com/koppelingen/twinfield/","","Connects directly with Twinfield; books invoices directly incl. ledger, VAT code"
"NL","payables","yooz","twinfield","important","not_found","","","","",""
"NL","invoicing","billit","twinfield","important","declared","file_export","","https://www.billit.eu/nl-be/koppelen-met-billit/koppel-met-je-boekhoudsoftware/","","Link type Billsync: UBL files synced via own server"
"NL","invoicing","teamleader","twinfield","important","declared","api","","https://marketplace.teamleader.eu/nl/en/category/bookkeeping","","Marketplace app by Teamleader: adds outgoing invoices automatically"
"NL","pos","lightspeed","twinfield","important","declared","via_partner","","https://www.lightspeedhq.com/uk/integrations/twinfield/","","Via Omniboost Omni-Accounting connector; NL also winkelboekhouding.nl, POSsystems"
"NL","pos","mollie","twinfield","important","declared","api","","https://docs.mollie.com/docs/mollie-bank-statements","","Bank Connection (auto sync every 30 min) available for it; directory page is a stub"
"NL","pos","zettle","twinfield","important","declared","unknown","","https://www.zettle.com/nl/koppelingen","","Listed under 'Boekhoudkoppelingen'; no mechanism stated"
"NL","hr","lucca","twinfield","important","not_found","","","","",""
"NL","construction","plancraft","twinfield","important","not_found","","","","",""
"NL","construction","hero-software","twinfield","important","not_found","","","","",""
"NL","construction","vertuoza","twinfield","important","declared","api","","https://intercom-help.eu/vertuoza/fr/articles/522531-synchronisation-comptable-vue-d-ensemble","","Compatible-software table: sales, purchase send and purchase retrieval supported"
"NL","expense","pleo","moneybird","important","not_found","","","","",""
"NL","expense","spendesk","moneybird","important","not_found","","","","",""
"NL","expense","payhawk","moneybird","important","not_found","","","","",""
"NL","expense","rydoo","moneybird","important","not_found","","","","",""
"NL","expense","mooncard","moneybird","important","not_found","","","","",""
"NL","expense","moss","moneybird","important","not_found","","","","",""
"NL","expense","circula","moneybird","important","not_found","","","","",""
"NL","banking","qonto","moneybird","important","declared","api","","https://qonto.com/nl/integrations/moneybird-sync-transactions","","Qonto transactions automatically transferred to the accounting tool"
"NL","banking","finom","moneybird","important","not_found","","","","",""
"NL","banking","bunq","moneybird","important","declared","api","","https://help.bunq.com/articles/what-bookkeeping-software-is-available-with-bunq-integration","","Listed as available bookkeeping software with bunq API integration (OAuth)"
"NL","cash","fygr","moneybird","important","not_found","","","","",""
"NL","payables","dext","moneybird","important","not_found","","","","",""
"NL","payables","getmyinvoices","moneybird","important","not_found","","","","",""
"NL","payables","klippa","moneybird","important","not_found","","","","",""
"NL","payables","yooz","moneybird","important","not_found","","","","",""
"NL","invoicing","billit","moneybird","important","declared","file_export","","https://www.billit.eu/nl-nl/koppelen-met-billit/mogelijkheden-per-boekhoudsoftware/","","Link type Billmail: UBL invoices via software mailbox"
"NL","invoicing","teamleader","moneybird","important","declared","via_partner","","https://marketplace.teamleader.eu/nl/en/category/bookkeeping","","Marketplace app by Combidesk: synchronize invoices"
"NL","pos","lightspeed","moneybird","important","declared","via_partner","","https://www.lightspeedhq.nl/integraties/moneybird-voor-lightspeedpos/","","Via winkelboekhouding.nl connector: receipts posted to bookkeeping"
"NL","pos","mollie","moneybird","important","declared","api","","https://www.mollie.com/integrations/moneybird","","Payment link on invoices, Moneybird reconciles automatically; Bank Connection"
"NL","pos","zettle","moneybird","important","not_found","","","","",""
"NL","hr","lucca","moneybird","important","not_found","","","","",""
"NL","construction","plancraft","moneybird","important","declared","api","","https://plancraft.com/nl-nl/plancraft-integraties","","Connect account; completed jobs land as invoices in Moneybird automatically"
"NL","construction","hero-software","moneybird","important","not_found","","","","",""
"NL","construction","vertuoza","moneybird","important","declared","api","","https://intercom-help.eu/vertuoza/fr/articles/522531-synchronisation-comptable-vue-d-ensemble","","Compatible-software table: sales, purchase send and purchase retrieval supported"
"NL","expense","pleo","visma-eaccounting","important","not_found","","","","",""
"NL","expense","spendesk","visma-eaccounting","important","not_found","","","","",""
"NL","expense","payhawk","visma-eaccounting","important","not_found","","","","",""
"NL","expense","rydoo","visma-eaccounting","important","not_found","","","","",""
"NL","expense","mooncard","visma-eaccounting","important","not_found","","","","",""
"NL","expense","moss","visma-eaccounting","important","not_found","","","","",""
"NL","expense","circula","visma-eaccounting","important","not_found","","","","",""
"NL","banking","qonto","visma-eaccounting","important","declared","api","","https://qonto.com/nl/accounting","","Named among direct accounting links; supplier invoice sync also listed"
"NL","banking","finom","visma-eaccounting","important","not_found","","","","",""
"NL","banking","bunq","visma-eaccounting","important","not_found","","","","",""
"NL","cash","fygr","visma-eaccounting","important","not_found","","","","",""
"NL","payables","dext","visma-eaccounting","important","not_found","","","","",""
"NL","payables","getmyinvoices","visma-eaccounting","important","not_found","","","","",""
"NL","payables","klippa","visma-eaccounting","important","not_found","","","","",""
"NL","payables","yooz","visma-eaccounting","important","not_found","","","","",""
"NL","invoicing","billit","visma-eaccounting","important","not_found","","","","",""
"NL","invoicing","teamleader","visma-eaccounting","important","declared","via_partner","","https://marketplace.teamleader.eu/be/en/category/bookkeeping","","Marketplace app by Combidesk: synchronize invoices"
"NL","pos","lightspeed","visma-eaccounting","important","declared","via_partner","","https://www.lightspeedhq.nl/integraties/visma-eaccounting-voor-retail-restaurant/","","Via winkelboekhouding.nl connector: receipts posted to bookkeeping"
"NL","pos","mollie","visma-eaccounting","important","declared","file_export","","https://docs.mollie.com/docs/mollie-bank-statements","","Automated export files (email/Dropbox) available for it ('Visma eAccounting & Visma.net')"
"NL","pos","zettle","visma-eaccounting","important","declared","api","","https://www.zettle.com/nl/help/articles/2650704-integreren-met-visma","","Daily sales booked automatically in Visma eAccounting"
"NL","hr","lucca","visma-eaccounting","important","not_found","","","","",""
"NL","construction","plancraft","visma-eaccounting","important","not_found","","","","",""
"NL","construction","hero-software","visma-eaccounting","important","not_found","","","","",""
"NL","construction","vertuoza","visma-eaccounting","important","declared","api","","https://intercom-help.eu/vertuoza/fr/articles/522531-synchronisation-comptable-vue-d-ensemble","","Compatible-software table: sales, purchase send and purchase retrieval supported"
"NL","expense","pleo","snelstart","secondary","not_found","","","","",""
"NL","expense","spendesk","snelstart","secondary","not_found","","","","",""
"NL","expense","payhawk","snelstart","secondary","not_found","","","","",""
"NL","expense","rydoo","snelstart","secondary","not_found","","","","",""
"NL","expense","mooncard","snelstart","secondary","not_found","","","","",""
"NL","expense","moss","snelstart","secondary","not_found","","","","",""
"NL","expense","circula","snelstart","secondary","not_found","","","","",""
"NL","banking","qonto","snelstart","secondary","not_found","","","","",""
"NL","banking","finom","snelstart","secondary","not_found","","","","",""
"NL","banking","bunq","snelstart","secondary","declared","api","","https://help.bunq.com/articles/what-bookkeeping-software-is-available-with-bunq-integration","","Listed as available bookkeeping software with bunq API integration (OAuth)"
"NL","cash","fygr","snelstart","secondary","not_found","","","","",""
"NL","payables","dext","snelstart","secondary","not_found","","","","",""
"NL","payables","getmyinvoices","snelstart","secondary","not_found","","","","",""
"NL","payables","klippa","snelstart","secondary","not_found","","","","",""
"NL","payables","yooz","snelstart","secondary","not_found","","","","",""
"NL","invoicing","billit","snelstart","secondary","declared","file_export","","https://www.billit.eu/nl-nl/koppelen-met-billit/mogelijkheden-per-boekhoudsoftware/","","Link type Billmail: UBL invoices via software mailbox"
"NL","invoicing","teamleader","snelstart","secondary","declared","via_partner","","https://marketplace.teamleader.eu/nl/en/category/bookkeeping","","Marketplace apps by SforSoftware and by Combidesk"
"NL","pos","lightspeed","snelstart","secondary","declared","via_partner","","https://www.lightspeedhq.nl/integraties/snelstart/","","Via winkelboekhouding.nl connector: receipts posted to bookkeeping"
"NL","pos","mollie","snelstart","secondary","declared","api","","https://www.mollie.com/integrations/snelstart","","Automates ledger matching and invoice updates; also Bank Connection"
"NL","pos","zettle","snelstart","secondary","declared","unknown","","https://www.zettle.com/nl/koppelingen","","Listed under 'Boekhoudkoppelingen'; no mechanism stated"
"NL","hr","lucca","snelstart","secondary","not_found","","","","",""
"NL","construction","plancraft","snelstart","secondary","declared","api","","https://plancraft.com/nl-nl/plancraft-integraties","","Direct connection sends invoices and receipts to Snelstart automatically"
"NL","construction","hero-software","snelstart","secondary","declared","api","","https://hero-software.nl/functionaliteiten/koppelingen","","Outgoing invoices sent to SnelStart on completion; needs API-enabled plan"
"NL","construction","vertuoza","snelstart","secondary","declared","api","","https://intercom-help.eu/vertuoza/fr/articles/522531-synchronisation-comptable-vue-d-ensemble","","Compatible-software table: sales and purchase send; no purchase retrieval"
"NL","expense","pleo","minox","secondary","not_found","","","","",""
"NL","expense","spendesk","minox","secondary","not_found","","","","",""
"NL","expense","payhawk","minox","secondary","not_found","","","","",""
"NL","expense","rydoo","minox","secondary","not_found","","","","",""
"NL","expense","mooncard","minox","secondary","not_found","","","","",""
"NL","expense","moss","minox","secondary","not_found","","","","",""
"NL","expense","circula","minox","secondary","not_found","","","","",""
"NL","banking","qonto","minox","secondary","declared","api","","https://qonto.com/nl/integrations/minox-sync-transactions","","Qonto transactions automatically transferred to the accounting tool"
"NL","banking","finom","minox","secondary","not_found","","","","",""
"NL","banking","bunq","minox","secondary","declared","api","","https://help.bunq.com/articles/what-bookkeeping-software-is-available-with-bunq-integration","","Listed as available bookkeeping software with bunq API integration (OAuth)"
"NL","cash","fygr","minox","secondary","not_found","","","","",""
"NL","payables","dext","minox","secondary","not_found","","","","",""
"NL","payables","getmyinvoices","minox","secondary","not_found","","","","",""
"NL","payables","klippa","minox","secondary","declared","api","","https://www.klippa.com/koppelingen/minox/","","API link; approved invoices and expenses booked directly in Minox"
"NL","payables","yooz","minox","secondary","not_found","","","","",""
"NL","invoicing","billit","minox","secondary","not_found","","","","",""
"NL","invoicing","teamleader","minox","secondary","declared","via_partner","","https://marketplace.teamleader.eu/nl/en/category/bookkeeping","","Marketplace app by Combidesk: synchronize invoices"
"NL","pos","lightspeed","minox","secondary","declared","via_partner","","https://www.lightspeedhq.nl/integraties/minox-software/","","Via winkelboekhouding.nl connector: receipts posted to bookkeeping"
"NL","pos","mollie","minox","secondary","declared","api","","https://docs.mollie.com/docs/mollie-bank-statements","","Bank Connection (auto sync every 30 min) available for it"
"NL","pos","zettle","minox","secondary","not_found","","","","",""
"NL","hr","lucca","minox","secondary","not_found","","","","",""
"NL","construction","plancraft","minox","secondary","not_found","","","","",""
"NL","construction","hero-software","minox","secondary","not_found","","","","",""
"NL","construction","vertuoza","minox","secondary","declared","api","","https://intercom-help.eu/vertuoza/fr/articles/522531-synchronisation-comptable-vue-d-ensemble","","Compatible-software table: sales and purchase send; no purchase retrieval"
"NL","expense","pleo","yuki","secondary","not_found","","","","",""
"NL","expense","spendesk","yuki","secondary","not_found","","","","",""
"NL","expense","payhawk","yuki","secondary","not_found","","","","",""
"NL","expense","rydoo","yuki","secondary","not_found","","","","",""
"NL","expense","mooncard","yuki","secondary","not_found","","","","",""
"NL","expense","moss","yuki","secondary","not_found","","","","",""
"NL","expense","circula","yuki","secondary","not_found","","","","",""
"NL","banking","qonto","yuki","secondary","declared","api","","https://qonto.com/nl/integrations/yuki-sync-transactions","","Qonto transactions automatically transferred to the accounting tool"
"NL","banking","finom","yuki","secondary","not_found","","","","",""
"NL","banking","bunq","yuki","secondary","declared","api","","https://help.bunq.com/articles/what-bookkeeping-software-is-available-with-bunq-integration","","Listed as available bookkeeping software with bunq API integration (OAuth)"
"NL","cash","fygr","yuki","secondary","not_found","","","","",""
"NL","payables","dext","yuki","secondary","not_found","","","","",""
"NL","payables","getmyinvoices","yuki","secondary","not_found","","","","",""
"NL","payables","klippa","yuki","secondary","not_found","","","","",""
"NL","payables","yooz","yuki","secondary","not_found","","","","",""
"NL","invoicing","billit","yuki","secondary","declared","api","","https://www.billit.eu/nl-be/koppelen-met-billit/koppel-met-je-boekhoudsoftware/","","Link type Billapi (API link), bi-directional"
"NL","invoicing","teamleader","yuki","secondary","declared","api","","https://www.teamleader.eu/solutions/accounting-connector","","Accounting Connector: automatic two-way sync"
"NL","pos","lightspeed","yuki","secondary","declared","via_partner","","https://www.lightspeedhq.nl/integraties/yuki/","","Via Omniboost Omni-Accounting connector; also via Scrada"
"NL","pos","mollie","yuki","secondary","declared","api","","https://docs.mollie.com/docs/mollie-bank-statements","","Bank Connection (auto sync every 30 min) available for it; directory page is a stub"
"NL","pos","zettle","yuki","secondary","declared","unknown","","https://www.zettle.com/nl/koppelingen","","Listed under 'Boekhoudkoppelingen'; no mechanism stated"
"NL","hr","lucca","yuki","secondary","not_found","","","","",""
"NL","construction","plancraft","yuki","secondary","not_found","","","","",""
"NL","construction","hero-software","yuki","secondary","not_found","","","","",""
"NL","construction","vertuoza","yuki","secondary","declared","api","","https://intercom-help.eu/vertuoza/fr/articles/522531-synchronisation-comptable-vue-d-ensemble","","Compatible-software table: sales, purchase send and purchase retrieval supported"
"NL","expense","pleo","visma-accountview","secondary","not_found","","","","",""
"NL","expense","spendesk","visma-accountview","secondary","not_found","","","","",""
"NL","expense","payhawk","visma-accountview","secondary","not_found","","","","",""
"NL","expense","rydoo","visma-accountview","secondary","not_found","","","","",""
"NL","expense","mooncard","visma-accountview","secondary","not_found","","","","",""
"NL","expense","moss","visma-accountview","secondary","not_found","","","","",""
"NL","expense","circula","visma-accountview","secondary","not_found","","","","",""
"NL","banking","qonto","visma-accountview","secondary","not_found","","","","",""
"NL","banking","finom","visma-accountview","secondary","not_found","","","","",""
"NL","banking","bunq","visma-accountview","secondary","not_found","","","","",""
"NL","cash","fygr","visma-accountview","secondary","not_found","","","","",""
"NL","payables","dext","visma-accountview","secondary","not_found","","","","",""
"NL","payables","getmyinvoices","visma-accountview","secondary","not_found","","","","",""
"NL","payables","klippa","visma-accountview","secondary","not_found","","","","",""
"NL","payables","yooz","visma-accountview","secondary","not_found","","","","",""
"NL","invoicing","billit","visma-accountview","secondary","not_found","","","","",""
"NL","invoicing","teamleader","visma-accountview","secondary","declared","via_partner","","https://marketplace.teamleader.eu/be/en/category/bookkeeping","","Marketplace app by APIcenter: synchronize invoices"
"NL","pos","lightspeed","visma-accountview","secondary","not_found","","","","",""
"NL","pos","mollie","visma-accountview","secondary","declared","file_export","","https://docs.mollie.com/docs/mollie-bank-statements","","Automated export files (email/Dropbox) available for it"
"NL","pos","zettle","visma-accountview","secondary","not_found","","","","",""
"NL","hr","lucca","visma-accountview","secondary","not_found","","","","",""
"NL","construction","plancraft","visma-accountview","secondary","not_found","","","","",""
"NL","construction","hero-software","visma-accountview","secondary","not_found","","","","",""
"NL","construction","vertuoza","visma-accountview","secondary","not_found","","","","",""
"GB","expense","pleo","xero","dominant","declared","api","","https://www.pleo.io/en/integrations/xero","","Spending data synced in real time"
"GB","expense","spendesk","xero","dominant","declared","api","","https://helpcenter.spendesk.com/en/articles/13176842-overview-of-xero-native-integration","","Native integration between Spendesk and Xero; pulls master data"
"GB","expense","payhawk","xero","dominant","declared","api","","https://payhawk.com/integration/xero","","Sync expenses with Xero in real time; automatic bank feed"
"GB","expense","rydoo","xero","dominant","declared","api","","https://www.rydoo.com/integrations/xero/","","Connecting Xero: simply click Sign in to integrate"
"GB","expense","mooncard","xero","dominant","not_found","","","","",""
"GB","expense","n2f","xero","dominant","declared","file_export","","https://www.n2f.com/en/expense-report/accounting-export/","","""entries are generated directly in the format accepted by your ecosystem"""
"GB","expense","expensya","xero","dominant","not_found","","","","",""
"GB","expense","jenji","xero","dominant","declared","unknown","","https://www.jenji.io/fr/integrations/erp-comptabilite-finance","","Logo in 'ERP & Comptabilité' grid; connector type not specified per software"
"GB","expense","moss","xero","dominant","declared","api","","https://www.getmoss.com/integrations","","Listed under Accounting with label 'API'"
"GB","expense","pliant","xero","dominant","declared","api","","https://www.getpliant.com/en/integrations","","Accounting category; type 'API integration'"
"GB","banking","qonto","xero","dominant","declared","api","","https://qonto.com/fr/integrations/xero","","All Qonto transactions imported automatically into Xero"
"GB","banking","shine","xero","dominant","not_found","","","","",""
"GB","banking","finom","xero","dominant","declared","unknown","","https://finom.co/llms.txt","","Listed under Accounting integrations, mechanism not described"
"GB","banking","memo-bank","xero","dominant","not_found","","","","",""
"GB","banking","revolut-business","xero","dominant","declared","api","","https://www.revolut.com/business/integrations/","","Xero listed in integrations: central accounting hub that syncs seamlessly; 'Connect your accounting apps'"
"GB","banking","bunq","xero","dominant","not_found","","","","",""
"GB","banking","tide","xero","dominant","declared","api","","https://www.tide.co/features/accounting-integrations/","","'Our Xero accounting integration is a direct sync'; paid Xero Connector"
"GB","cash","agicap","xero","dominant","declared","api","","https://agicap.com/en/our-integrations/xero/","","Sync workflow; encrypted API or SFTP connections"
"GB","cash","trezy","xero","dominant","not_found","","","","",""
"GB","payables","dext","xero","dominant","declared","api","","https://dext.com/en/business/product/integrate-with-accounting-software/xero","","Receipts and bills reach Xero coded, with tax rate and tracking categories"
"GB","payables","libeo","xero","dominant","not_found","","","","",""
"GB","payables","getmyinvoices","xero","dominant","declared","api","","https://www.getmyinvoices.com/en/integration/xero-incoming-invoices/","","Add sync account, Export, select Xero; documents transferred automatically"
"GB","payables","klippa","xero","dominant","declared","api","","https://www.klippa.com/en/spendcontrol-en/integrations/xero/","","Integration with Xero to synchronize data via an API, two-way"
"GB","payables","yooz","xero","dominant","declared","api","","https://www.getyooz.com/wp-content/uploads/Yooz-Infographie-Xero-FR.pdf","","Connecteur (API) Yooz - Xero"
"GB","payables","chaintrust","xero","dominant","not_found","","","","",""
"GB","invoicing","teamleader","xero","dominant","declared","unknown","","https://www.teamleader.eu/solutions/integrations","","Named in Teamleader Orbit connected tools list"
"GB","invoicing","sellsy","xero","dominant","not_found","","","","",""
"GB","pos","sumup","xero","dominant","declared","api","","https://help.sumup.com/en-GB/articles/40kv0a4cBysasUUXN3zkpc-link-accounting-software-sumup","","POS Plus/Payments Plus: link Xero; syncs sales, fees, expenses"
"GB","pos","lightspeed","xero","dominant","declared","api","","https://www.lightspeedhq.com/uk/integrations/xero/","","Daily sales, payment totals, COGS sync to Xero"
"GB","pos","mollie","xero","dominant","declared","api","","https://www.mollie.com/integrations/xero","","Mollie link on Xero invoices, settled invoices auto-reconciled"
"GB","pos","gocardless","xero","dominant","declared","api","","https://gocardless.com/integrations/xero","","Partners since 2015; automatically collect Xero invoice payments"
"GB","pos","zettle","xero","dominant","declared","api","","https://www.zettle.com/gb/help/articles/1904954-integrate-with-xero","","Help article: connect PayPal Point of Sale account with Xero"
"GB","hr","payfit","xero","dominant","declared","file_export","","https://support.payfit.com/en-gb/contents/Custom-Payroll-Journals-uyAYKNmy","","Select the export format (Xero, Sage 50, QuickBooks or NetSuite)"
"GB","hr","lucca","xero","dominant","declared","via_partner","yes","https://support.luccasoftware.com/s/article/Cr%C3%A9er-une-connexion-API?language=fr","","API connection for accounting entries; setup guide hosted on help.chift.app (Chift)"
"GB","hr","factorial","xero","dominant","not_found","","","","",""
"GB","construction","tooltime","xero","dominant","declared","api","","https://support.tooltime.app/de/articles/10300211-xero-integration","","Connect with Xero login; invoices transferred automatically or manually"
"GB","construction","vertuoza","xero","dominant","declared","api","","https://intercom-help.eu/vertuoza/fr/articles/522531-synchronisation-comptable-vue-d-ensemble","","Compatible-software table: sales, purchase send and purchase retrieval supported"
"GB","expense","pleo","quickbooks","dominant","declared","api","","https://www.pleo.io/en/integrations/quickbooks-integration","","Say goodbye to .csv or manual exports to QuickBooks"
"GB","expense","spendesk","quickbooks","dominant","declared","api","","https://helpcenter.spendesk.com/en/articles/5633716-overview-of-quickbooks-online-native-integration","","Native integration; only available for US companies"
"GB","expense","payhawk","quickbooks","dominant","declared","api","","https://payhawk.com/integration/quickbooks","","Direct API integration with QuickBooks Online"
"GB","expense","rydoo","quickbooks","dominant","declared","api","","https://www.rydoo.com/integrations/quickbooks/","","Connecting QuickBooks: simply click Sign in to integrate"
"GB","expense","mooncard","quickbooks","dominant","declared","unknown","","https://www.mooncard.co/en/use-case/accounting/accounting-software","","""Quickbooks is compatible with Mooncard management software."""
"GB","expense","n2f","quickbooks","dominant","declared","file_export","","https://www.n2f.com/en/expense-report/accounting-export/","","""entries are generated directly in the format accepted by your ecosystem"""
"GB","expense","expensya","quickbooks","dominant","declared","api","","https://help.expensya.com/l/en/article/6qxr64rtt9-configuring-expensya-quick-books-integration","","category mapping and login to QuickBooks account; ""no longer available in France"""
"GB","expense","jenji","quickbooks","dominant","declared","unknown","","https://www.jenji.io/fr/integrations/erp-comptabilite-finance","","Logo in 'ERP & Comptabilité' grid; connector type not specified per software"
"GB","expense","moss","quickbooks","dominant","declared","api","","https://www.getmoss.com/integrations","","Listed under Accounting with label 'API'"
"GB","expense","pliant","quickbooks","dominant","declared","api","","https://www.getpliant.com/en/integrations","","Accounting category; type 'API integration'"
"GB","banking","qonto","quickbooks","dominant","not_found","","","","",""
"GB","banking","shine","quickbooks","dominant","not_found","","","","",""
"GB","banking","finom","quickbooks","dominant","declared","unknown","","https://finom.co/llms.txt","","Listed under Accounting integrations, mechanism not described"
"GB","banking","memo-bank","quickbooks","dominant","not_found","","","","",""
"GB","banking","revolut-business","quickbooks","dominant","declared","api","","https://www.revolut.com/business/integrations/","","QuickBooks: Save time by syncing transactions, bills, and expenses."
"GB","banking","bunq","quickbooks","dominant","not_found","","","","",""
"GB","banking","tide","quickbooks","dominant","declared","api","","https://www.tide.co/help-centre/tide-accounting-integrations/","","Connects via Open Banking bank feed, daily transaction import"
"GB","cash","agicap","quickbooks","dominant","declared","api","","https://agicap.com/en/our-integrations/intuit-quickbooks/","","Sync workflow; encrypted API or SFTP connections"
"GB","cash","trezy","quickbooks","dominant","declared","api","","https://www.trezy.io/quickbooks-integration","","Integrates with QuickBooks Online via secure OAuth, read-only"
"GB","payables","dext","quickbooks","dominant","declared","api","","https://help.dext.com/en/articles/339551-how-to-connect-dext-to-your-accounting-software","","Listed as main accounting software that can be connected to Dext"
"GB","payables","libeo","quickbooks","dominant","not_found","","","","",""
"GB","payables","getmyinvoices","quickbooks","dominant","declared","api","","https://www.getmyinvoices.com/en/integration/quickbooks-invoice-importer/","","Sync account 'Export' to QuickBooks; help centre names QuickBooks Online"
"GB","payables","klippa","quickbooks","dominant","declared","api","","https://www.klippa.com/en/spendcontrol-en/integrations/quickbooks/","","Official partners; two-way integration synchronising Quickbooks data"
"GB","payables","yooz","quickbooks","dominant","declared","api","","https://www.getyooz.com/en-gb/erp/quickbooks-online","","API-based connectivity, bi-directional data flows"
"GB","payables","chaintrust","quickbooks","dominant","not_found","","","","",""
"GB","invoicing","teamleader","quickbooks","dominant","declared","unknown","","https://www.teamleader.eu/solutions/integrations","","Named in Teamleader Orbit connected tools list"
"GB","invoicing","sellsy","quickbooks","dominant","not_found","","","","",""
"GB","pos","sumup","quickbooks","dominant","declared","api","","https://help.sumup.com/en-GB/articles/40kv0a4cBysasUUXN3zkpc-link-accounting-software-sumup","","POS Plus/Payments Plus: link QuickBooks; syncs sales, fees, expenses"
"GB","pos","lightspeed","quickbooks","dominant","declared","api","","https://www.lightspeedhq.com/uk/integrations/quickbooks/","","Register closures pushed automatically to QuickBooks Online"
"GB","pos","mollie","quickbooks","dominant","declared","api","","https://www.mollie.com/integrations/quickbooks","","Clients pay QuickBooks invoices, automatically reconciled; also Bank Connection"
"GB","pos","gocardless","quickbooks","dominant","declared","api","","https://gocardless.com/integrations/intuit-quickbooks","","Added from QuickBooks app store; payments reconciled automatically"
"GB","pos","zettle","quickbooks","dominant","declared","api","","https://www.zettle.com/gb/help/articles/2982932-integrate-with-quickbooks","","Help article: connect PayPal Point of Sale account with QuickBooks"
"GB","hr","payfit","quickbooks","dominant","declared","file_export","","https://support.payfit.com/en-gb/contents/Custom-Payroll-Journals-uyAYKNmy","","Select the export format (Xero, Sage 50, QuickBooks or NetSuite)"
"GB","hr","lucca","quickbooks","dominant","declared","via_partner","yes","https://support.luccasoftware.com/s/article/Cr%C3%A9er-une-connexion-API?language=fr","","API connection for accounting entries; setup guide hosted on help.chift.app (Chift)"
"GB","hr","factorial","quickbooks","dominant","not_found","","","","",""
"GB","construction","tooltime","quickbooks","dominant","not_found","","","","",""
"GB","construction","vertuoza","quickbooks","dominant","declared","api","","https://intercom-help.eu/vertuoza/fr/articles/522531-synchronisation-comptable-vue-d-ensemble","","Compatible-software table: sales, purchase send and purchase retrieval supported"
"GB","expense","pleo","sage-50","dominant","declared","file_export","","https://www.pleo.io/en/integrations/sage-50","","Export your spending data to Sage 50 with our custom CSV template"
"GB","expense","spendesk","sage-50","dominant","declared","file_export","","https://helpcenter.spendesk.com/fr/articles/7669249-importer-votre-journal-d-achats-spendesk-dans-sage-100-spc-ou-sage-50","","Import Spendesk purchase journal into Sage 100 SPC or Sage 50"
"GB","expense","payhawk","sage-50","dominant","declared","file_export","","https://payhawk.com/integrations","","Card: predefined CSV/XLS export templates for Sage 50"
"GB","expense","rydoo","sage-50","dominant","not_found","","","","",""
"GB","expense","mooncard","sage-50","dominant","declared","unknown","","https://www.mooncard.co/fr/integrations/ciel","","payment data pushed as pre-filled accounting entries; mechanism not described"
"GB","expense","n2f","sage-50","dominant","not_found","","","","",""
"GB","expense","expensya","sage-50","dominant","declared","file_export","","https://www.expensya.com/fr/solutions/integrations/","","""modèles d'exportation CSV/XLS prédéfinis"" for Sage solutions"
"GB","expense","jenji","sage-50","dominant","declared","unknown","","https://www.jenji.io/fr/integrations/erp-comptabilite-finance","","Logo in 'ERP & Comptabilité' grid; connector type not specified per software"
"GB","expense","moss","sage-50","dominant","declared","file_export","","https://www.getmoss.com/integrations/sage","","Moss supports Sage 50 and Sage 200 through configurable CSV templates"
"GB","expense","pliant","sage-50","dominant","not_found","","","","",""
"GB","banking","qonto","sage-50","dominant","declared","via_partner","","https://qonto.com/fr/integrations/sage-ciel-jedeclare","","EBICS link through jedeclare.com (third party)"
"GB","banking","shine","sage-50","dominant","declared","via_partner","","https://www.shine.fr/integrations-comptables/","","Listed as: Transactions - via Bridge, TransfertBANQUE"
"GB","banking","finom","sage-50","dominant","not_found","","","","",""
"GB","banking","memo-bank","sage-50","dominant","declared","api","","https://memo.bank/produit/integrations/","","Listed with connector: EBICS (direct EBICS TS connection)"
"GB","banking","revolut-business","sage-50","dominant","declared","unknown","","https://www.revolut.com/business/integrations/","","Sage 50 Accounts listed among integrations."
"GB","banking","bunq","sage-50","dominant","not_found","","","","",""
"GB","banking","tide","sage-50","dominant","declared","unknown","","https://www.tide.co/help-centre/tide-accounting-integrations/","","Page names ""Sage Accounting"" without the product. Connects via Open Banking bank feed, daily transaction import"
"GB","cash","agicap","sage-50","dominant","declared","unknown","","https://agicap.com/de/unsere-integrationen/","","Listed under ERP & Buchhaltung, no mechanism"
"GB","cash","trezy","sage-50","dominant","not_found","","","","",""
"GB","payables","dext","sage-50","dominant","declared","api","","https://help.dext.com/en/articles/105795-how-to-connect-dext-to-sage-50-uk","","Connects to Sage 50 UK through the Dext Connect App"
"GB","payables","libeo","sage-50","dominant","declared","file_export","","https://help.libeo.io/fr/articles/6680551-sage-50-ciel-exporter-mes-ecritures-comptables","","Export entries with the Sage 50 template, import into Sage 50"
"GB","payables","getmyinvoices","sage-50","dominant","not_found","","","","",""
"GB","payables","klippa","sage-50","dominant","not_found","","","","",""
"GB","payables","yooz","sage-50","dominant","declared","api","","https://www.getyooz.com/wp-content/uploads/Yooz-Infographic-Sage-50-UK.pdf","","Connector with Sage 50 (UK); native connector Sage 50 Contaplus (ES)"
"GB","payables","chaintrust","sage-50","dominant","declared","file_export","","https://www.chaintrust.io/blog/actualites/integration-logiciels-comptables-avec-chaintrust/","","Manual import file; attachments not transferred"
"GB","invoicing","teamleader","sage-50","dominant","declared","via_partner","","https://marketplace.teamleader.eu/es/en/category/bookkeeping","","Marketplace app by AlcaTic (third party)"
"GB","invoicing","sellsy","sage-50","dominant","declared","via_partner","","https://go.sellsy.com/applications/edi-connect","","via EdiConnect: sync 'entre Sellsy et EBP, Sage 50, Sage 100 ou Sage 1000'"
"GB","pos","sumup","sage-50","dominant","not_found","","","","",""
"GB","pos","lightspeed","sage-50","dominant","not_found","","","","",""
"GB","pos","mollie","sage-50","dominant","not_found","","","","",""
"GB","pos","gocardless","sage-50","dominant","declared","api","","https://gocardless.com/partners/sage50","","Automatic collection of Sage 50cloud invoices; FR page too"
"GB","pos","zettle","sage-50","dominant","not_found","","","","",""
"GB","hr","payfit","sage-50","dominant","declared","file_export","","https://support.payfit.com/en-gb/contents/Custom-Payroll-Journals-uyAYKNmy","","Select the export format (Xero, Sage 50, QuickBooks or NetSuite)"
"GB","hr","lucca","sage-50","dominant","declared","unknown","","https://www.lucca.fr/magazine/administration/comptabilite/5-outils-dematerialiser-processus-comptables","","'Sage, Ciel, Navision, SAP, Quadratus': Notes de frais communicates with all ERPs"
"GB","hr","factorial","sage-50","dominant","not_found","","","","",""
"GB","construction","tooltime","sage-50","dominant","not_found","","","","",""
"GB","construction","vertuoza","sage-50","dominant","not_found","","","","",""
"GB","expense","pleo","microsoft-dynamics","important","declared","api","","https://www.pleo.io/en/integrations/microsoft-business-central","","One-click exports to Business Central; developer listed: Pleo"
"GB","expense","spendesk","microsoft-dynamics","important","declared","via_partner","yes","https://helpcenter.spendesk.com/en/articles/12158659-connect-spendesk-to-microsoft-business-central","","Install an extension from our technical partner Chift"
"GB","expense","payhawk","microsoft-dynamics","important","declared","api","","https://payhawk.com/integration/microsoft-dynamics","","Direct integration; fully synced with Business Central in real time"
"GB","expense","rydoo","microsoft-dynamics","important","declared","via_partner","","https://www.rydoo.com/integrations/microsoft-dynamics-365-business-central-unitech/","","Done using the UniTech IT Solutions connector handling the API integration"
"GB","expense","mooncard","microsoft-dynamics","important","declared","unknown","","https://www.mooncard.co/fr/integrations/microsoft-dynamics","","""intégration automatique des données comptables""; mechanism not described"
"GB","expense","n2f","microsoft-dynamics","important","declared","file_export","","https://www.n2f.com/de/reisekostenabrechnungen/buchhaltungsexport/","","booking entries generated directly in the matching format for your system"
"GB","expense","expensya","microsoft-dynamics","important","declared","file_export","","https://www.expensya.com/fr/solutions/integrations/","","""format d'exportation d'Expensya dédié à Microsoft Dynamics ERP"""
"GB","expense","jenji","microsoft-dynamics","important","declared","unknown","","https://www.jenji.io/fr/integrations/erp-comptabilite-finance","","Logo in 'ERP & Comptabilité' grid; connector type not specified per software"
"GB","expense","moss","microsoft-dynamics","important","declared","api","","https://www.getmoss.com/integrations/business-central","","Connect Moss to Business Central to sync company spend data; label 'API'"
"GB","expense","pliant","microsoft-dynamics","important","declared","api","","https://www.getpliant.com/en/integrations","","Accounting category; type 'API integration'"
"GB","banking","qonto","microsoft-dynamics","important","declared","api","","https://qonto.com/fr/integrations/dynamics365","","Bank statements and SEPA transfers via direct EBICS connection"
"GB","banking","shine","microsoft-dynamics","important","not_found","","","","",""
"GB","banking","finom","microsoft-dynamics","important","not_found","","","","",""
"GB","banking","memo-bank","microsoft-dynamics","important","not_found","","","","",""
"GB","banking","revolut-business","microsoft-dynamics","important","declared","unknown","","https://www.revolut.com/business/integrations/","","Dynamics 365 Business Central: Automate bookkeeping with Microsoft Business Central."
"GB","banking","bunq","microsoft-dynamics","important","declared","api","","https://help.bunq.com/articles/what-bookkeeping-software-is-available-with-bunq-integration","","Listed as available bookkeeping software with bunq API integration (OAuth)"
"GB","banking","tide","microsoft-dynamics","important","not_found","","","","",""
"GB","cash","agicap","microsoft-dynamics","important","declared","unknown","","https://agicap.com/fr/nos-integrations/","","Listed under ERP & Comptabilite, no mechanism"
"GB","cash","trezy","microsoft-dynamics","important","not_found","","","","",""
"GB","payables","dext","microsoft-dynamics","important","not_found","","","","",""
"GB","payables","libeo","microsoft-dynamics","important","not_found","","","","",""
"GB","payables","getmyinvoices","microsoft-dynamics","important","declared","api","","https://www.getmyinvoices.com/en/integration/microsoft-dynamics-365-business-central/","","Export sync sends invoices automatically to the Business Central interface"
"GB","payables","klippa","microsoft-dynamics","important","declared","api","","https://www.klippa.com/en/spendcontrol-en/integrations/microsoft-dynamics/","","Real-time two-way integration with Microsoft Dynamics 365 Business Central"
"GB","payables","yooz","microsoft-dynamics","important","declared","api","","https://www.getyooz.com/fr/erp/automatisation-comptabilite-microsoft-dynamics","","Yooz connector, automated data exchange; UK infographic says API integration"
"GB","payables","chaintrust","microsoft-dynamics","important","not_found","","","","",""
"GB","invoicing","teamleader","microsoft-dynamics","important","declared","via_partner","","https://marketplace.teamleader.eu/be/en/category/bookkeeping","","Marketplace app by APIcenter: synchronize invoices"
"GB","invoicing","sellsy","microsoft-dynamics","important","not_found","","","","",""
"GB","pos","sumup","microsoft-dynamics","important","not_found","","","","",""
"GB","pos","lightspeed","microsoft-dynamics","important","not_found","","","","",""
"GB","pos","mollie","microsoft-dynamics","important","declared","file_export","","https://docs.mollie.com/docs/mollie-bank-statements","","Automated export files (email/Dropbox) available for it"
"GB","pos","gocardless","microsoft-dynamics","important","declared","via_partner","","https://gocardless.com/partners/microsoft","","Connect through our partners (Astral 365 app)"
"GB","pos","zettle","microsoft-dynamics","important","not_found","","","","",""
"GB","hr","payfit","microsoft-dynamics","important","not_found","","","","",""
"GB","hr","lucca","microsoft-dynamics","important","declared","via_partner","yes","https://support.luccasoftware.com/s/article/Cr%C3%A9er-une-connexion-API?language=fr","","API connection (beta); setup guide hosted on help.chift.app (Chift)"
"GB","hr","factorial","microsoft-dynamics","important","declared","via_partner","","https://help.factorialhr.com/en_US/integrations-marketplace/factorial-%E2%80%93-microsoft-dynamics-nav-integration-navision-on-premise","","Syncs employees, projects, time records and employee expenses to Navision"
"GB","construction","tooltime","microsoft-dynamics","important","not_found","","","","",""
"GB","construction","vertuoza","microsoft-dynamics","important","declared","api","","https://intercom-help.eu/vertuoza/fr/articles/522531-synchronisation-comptable-vue-d-ensemble","","Compatible-software table: sales and purchase send; no purchase retrieval"
"GB","expense","pleo","sage-200","important","declared","file_export","","https://www.pleo.io/en/integrations/sage-200","","Export your Pleo spending data to Sage 200 with custom CSV template"
"GB","expense","spendesk","sage-200","important","not_found","","","","",""
"GB","expense","payhawk","sage-200","important","declared","file_export","","https://payhawk.com/integrations","","Card: predefined CSV/XLS export templates for Sage 200"
"GB","expense","rydoo","sage-200","important","not_found","","","","",""
"GB","expense","mooncard","sage-200","important","not_found","","","","",""
"GB","expense","n2f","sage-200","important","not_found","","","","",""
"GB","expense","expensya","sage-200","important","not_found","","","","",""
"GB","expense","jenji","sage-200","important","not_found","","","","",""
"GB","expense","moss","sage-200","important","declared","file_export","","https://www.getmoss.com/integrations/sage","","Moss supports Sage 50 and Sage 200 through configurable CSV templates"
"GB","expense","pliant","sage-200","important","not_found","","","","",""
"GB","banking","qonto","sage-200","important","not_found","","","","",""
"GB","banking","shine","sage-200","important","not_found","","","","",""
"GB","banking","finom","sage-200","important","not_found","","","","",""
"GB","banking","memo-bank","sage-200","important","not_found","","","","",""
"GB","banking","revolut-business","sage-200","important","declared","unknown","","https://www.revolut.com/business/integrations/","","Sage 200 listed among integrations."
"GB","banking","bunq","sage-200","important","not_found","","","","",""
"GB","banking","tide","sage-200","important","not_found","","","","",""
"GB","cash","agicap","sage-200","important","declared","via_partner","","https://agicap.com/es/articulo/gestion-tesoreria-sage-200-conector-agicap/","","Automated connector by Win4Sync (partner)"
"GB","cash","trezy","sage-200","important","not_found","","","","",""
"GB","payables","dext","sage-200","important","not_found","","","","",""
"GB","payables","libeo","sage-200","important","not_found","","","","",""
"GB","payables","getmyinvoices","sage-200","important","not_found","","","","",""
"GB","payables","klippa","sage-200","important","not_found","","","","",""
"GB","payables","yooz","sage-200","important","declared","api","","https://www.getyooz.com/wp-content/uploads/Yooz-Infographic-Sage-200-Standard-UK.pdf","","Connector with Sage 200 Standard"
"GB","payables","chaintrust","sage-200","important","not_found","","","","",""
"GB","invoicing","teamleader","sage-200","important","not_found","","","","",""
"GB","invoicing","sellsy","sage-200","important","not_found","","","","",""
"GB","pos","sumup","sage-200","important","not_found","","","","",""
"GB","pos","lightspeed","sage-200","important","not_found","","","","",""
"GB","pos","mollie","sage-200","important","not_found","","","","",""
"GB","pos","gocardless","sage-200","important","declared","api","","https://gocardless.com/partners/sage200","","Connect in Sage 200cloud Utilities menu; payments auto-reconciled"
"GB","pos","zettle","sage-200","important","not_found","","","","",""
"GB","hr","payfit","sage-200","important","not_found","","","","",""
"GB","hr","lucca","sage-200","important","not_found","","","","",""
"GB","hr","factorial","sage-200","important","declared","unknown","","https://factorial.es/integraciones","","Featured integration 'Sage 200 & Sage Despachos': soluciones inteligentes para mejorar los flujos de trabajo y el control financiero."
"GB","construction","tooltime","sage-200","important","not_found","","","","",""
"GB","construction","vertuoza","sage-200","important","not_found","","","","",""
"GB","expense","pleo","sage-intacct","important","declared","api","","https://www.pleo.io/en/integrations/sage","","Exports every expense directly to Sage Intacct in real time"
"GB","expense","spendesk","sage-intacct","important","not_found","","","","",""
"GB","expense","payhawk","sage-intacct","important","declared","api","","https://payhawk.com/integration/sage-intacct","","Real-time Sage Intacct integration; automated two-way sync"
"GB","expense","rydoo","sage-intacct","important","not_found","","","","",""
"GB","expense","mooncard","sage-intacct","important","not_found","","","","",""
"GB","expense","n2f","sage-intacct","important","not_found","","","","",""
"GB","expense","expensya","sage-intacct","important","not_found","","","","",""
"GB","expense","jenji","sage-intacct","important","not_found","","","","",""
"GB","expense","moss","sage-intacct","important","not_found","","","","",""
"GB","expense","pliant","sage-intacct","important","not_found","","","","",""
"GB","banking","qonto","sage-intacct","important","not_found","","","","",""
"GB","banking","shine","sage-intacct","important","not_found","","","","",""
"GB","banking","finom","sage-intacct","important","not_found","","","","",""
"GB","banking","memo-bank","sage-intacct","important","not_found","","","","",""
"GB","banking","revolut-business","sage-intacct","important","declared","unknown","","https://www.revolut.com/business/integrations/","","Sage Intacct listed among integrations."
"GB","banking","bunq","sage-intacct","important","not_found","","","","",""
"GB","banking","tide","sage-intacct","important","not_found","","","","",""
"GB","cash","agicap","sage-intacct","important","declared","unknown","","https://agicap.com/en/our-integrations/","","Listed under ERP & Accounting, no mechanism"
"GB","cash","trezy","sage-intacct","important","not_found","","","","",""
"GB","payables","dext","sage-intacct","important","not_found","","","","",""
"GB","payables","libeo","sage-intacct","important","not_found","","","","",""
"GB","payables","getmyinvoices","sage-intacct","important","not_found","","","","",""
"GB","payables","klippa","sage-intacct","important","not_found","","","","",""
"GB","payables","yooz","sage-intacct","important","declared","api","","https://www.getyooz.com/wp-content/uploads/Yooz-Infographie-Sage-Intacct-FR.pdf","","Connecteur (API) Yooz - Sage Intacct"
"GB","payables","chaintrust","sage-intacct","important","not_found","","","","",""
"GB","invoicing","teamleader","sage-intacct","important","not_found","","","","",""
"GB","invoicing","sellsy","sage-intacct","important","not_found","","","","",""
"GB","pos","sumup","sage-intacct","important","not_found","","","","",""
"GB","pos","lightspeed","sage-intacct","important","declared","via_partner","","https://www.lightspeedhq.com/uk/integrations/sage-intacct/","","Via Omniboost Omni-Accounting connector"
"GB","pos","mollie","sage-intacct","important","not_found","","","","",""
"GB","pos","gocardless","sage-intacct","important","declared","api","","https://gocardless.com/partners/sageintacct","","GoCardless for Sage Intacct: automatic invoice payment collection"
"GB","pos","zettle","sage-intacct","important","not_found","","","","",""
"GB","hr","payfit","sage-intacct","important","not_found","","","","",""
"GB","hr","lucca","sage-intacct","important","not_found","","","","",""
"GB","hr","factorial","sage-intacct","important","not_found","","","","",""
"GB","construction","tooltime","sage-intacct","important","not_found","","","","",""
"GB","construction","vertuoza","sage-intacct","important","not_found","","","","",""
"GB","expense","pleo","clearbooks","secondary","not_found","","","","",""
"GB","expense","spendesk","clearbooks","secondary","not_found","","","","",""
"GB","expense","payhawk","clearbooks","secondary","not_found","","","","",""
"GB","expense","rydoo","clearbooks","secondary","not_found","","","","",""
"GB","expense","mooncard","clearbooks","secondary","not_found","","","","",""
"GB","expense","n2f","clearbooks","secondary","not_found","","","","",""
"GB","expense","expensya","clearbooks","secondary","not_found","","","","",""
"GB","expense","jenji","clearbooks","secondary","not_found","","","","",""
"GB","expense","moss","clearbooks","secondary","not_found","","","","",""
"GB","expense","pliant","clearbooks","secondary","not_found","","","","",""
"GB","banking","qonto","clearbooks","secondary","not_found","","","","",""
"GB","banking","shine","clearbooks","secondary","not_found","","","","",""
"GB","banking","finom","clearbooks","secondary","not_found","","","","",""
"GB","banking","memo-bank","clearbooks","secondary","not_found","","","","",""
"GB","banking","revolut-business","clearbooks","secondary","declared","unknown","","https://www.revolut.com/business/integrations/","","Clear Books listed among integrations: online accounting software."
"GB","banking","bunq","clearbooks","secondary","not_found","","","","",""
"GB","banking","tide","clearbooks","secondary","declared","api","","https://www.tide.co/help-centre/tide-accounting-integrations/","","Open Banking bank feed set up in Clear Books"
"GB","cash","agicap","clearbooks","secondary","not_found","","","","",""
"GB","cash","trezy","clearbooks","secondary","not_found","","","","",""
"GB","payables","dext","clearbooks","secondary","not_found","","","","",""
"GB","payables","libeo","clearbooks","secondary","not_found","","","","",""
"GB","payables","getmyinvoices","clearbooks","secondary","not_found","","","","",""
"GB","payables","klippa","clearbooks","secondary","not_found","","","","",""
"GB","payables","yooz","clearbooks","secondary","not_found","","","","",""
"GB","payables","chaintrust","clearbooks","secondary","not_found","","","","",""
"GB","invoicing","teamleader","clearbooks","secondary","not_found","","","","",""
"GB","invoicing","sellsy","clearbooks","secondary","not_found","","","","",""
"GB","pos","sumup","clearbooks","secondary","not_found","","","","",""
"GB","pos","lightspeed","clearbooks","secondary","not_found","","","","",""
"GB","pos","mollie","clearbooks","secondary","not_found","","","","",""
"GB","pos","gocardless","clearbooks","secondary","declared","unknown","","https://gocardless.com/partners/category/accounting-and-invoicing","","Listed in Accounting & Invoicing partners; no mechanism stated"
"GB","pos","zettle","clearbooks","secondary","not_found","","","","",""
"GB","hr","payfit","clearbooks","secondary","not_found","","","","",""
"GB","hr","lucca","clearbooks","secondary","not_found","","","","",""
"GB","hr","factorial","clearbooks","secondary","not_found","","","","",""
"GB","construction","tooltime","clearbooks","secondary","not_found","","","","",""
"GB","construction","vertuoza","clearbooks","secondary","not_found","","","","",""
"GB","expense","pleo","unit4","secondary","not_found","","","","",""
"GB","expense","spendesk","unit4","secondary","not_found","","","","",""
"GB","expense","payhawk","unit4","secondary","not_found","","","","",""
"GB","expense","rydoo","unit4","secondary","not_found","","","","",""
"GB","expense","mooncard","unit4","secondary","not_found","","","","",""
"GB","expense","n2f","unit4","secondary","declared","unknown","","https://www.n2f.com/fr/nos-integrations/unit4/","","Dedicated page 'N2F integrates with UNIT4'; mechanism not described"
"GB","expense","expensya","unit4","secondary","not_found","","","","",""
"GB","expense","jenji","unit4","secondary","not_found","","","","",""
"GB","expense","moss","unit4","secondary","not_found","","","","",""
"GB","expense","pliant","unit4","secondary","not_found","","","","",""
"GB","banking","qonto","unit4","secondary","not_found","","","","",""
"GB","banking","shine","unit4","secondary","not_found","","","","",""
"GB","banking","finom","unit4","secondary","not_found","","","","",""
"GB","banking","memo-bank","unit4","secondary","not_found","","","","",""
"GB","banking","revolut-business","unit4","secondary","not_found","","","","",""
"GB","banking","bunq","unit4","secondary","not_found","","","","",""
"GB","banking","tide","unit4","secondary","not_found","","","","",""
"GB","cash","agicap","unit4","secondary","not_found","","","","",""
"GB","cash","trezy","unit4","secondary","not_found","","","","",""
"GB","payables","dext","unit4","secondary","not_found","","","","",""
"GB","payables","libeo","unit4","secondary","not_found","","","","",""
"GB","payables","getmyinvoices","unit4","secondary","not_found","","","","",""
"GB","payables","klippa","unit4","secondary","not_found","","","","",""
"GB","payables","yooz","unit4","secondary","declared","unknown","","https://www.getyooz.com/fr/logiciels-comptables-et-erp-connectes","","Logo on connected-ERP list (250+ native connectors); mechanism not detailed"
"GB","payables","chaintrust","unit4","secondary","not_found","","","","",""
"GB","invoicing","teamleader","unit4","secondary","not_found","","","","",""
"GB","invoicing","sellsy","unit4","secondary","not_found","","","","",""
"GB","pos","sumup","unit4","secondary","not_found","","","","",""
"GB","pos","lightspeed","unit4","secondary","not_found","","","","",""
"GB","pos","mollie","unit4","secondary","declared","file_export","","https://docs.mollie.com/docs/mollie-bank-statements","","Automated export files (email/Dropbox) available for it ('Unit4 Financials & Unit4')"
"GB","pos","gocardless","unit4","secondary","not_found","","","","",""
"GB","pos","zettle","unit4","secondary","not_found","","","","",""
"GB","hr","payfit","unit4","secondary","not_found","","","","",""
"GB","hr","lucca","unit4","secondary","not_found","","","","",""
"GB","hr","factorial","unit4","secondary","not_found","","","","",""
"GB","construction","tooltime","unit4","secondary","not_found","","","","",""
"GB","construction","vertuoza","unit4","secondary","not_found","","","","",""
"GB","expense","pleo","freeagent","important","declared","api","","https://www.pleo.io/en/integrations/freeagent","","Automatically send expenses, receipts, and card transactions from Pleo to FreeAgent"
"GB","expense","spendesk","freeagent","important","not_found","","","","",""
"GB","expense","payhawk","freeagent","important","not_found","","","","",""
"GB","expense","rydoo","freeagent","important","not_found","","","","",""
"GB","expense","mooncard","freeagent","important","not_found","","","","",""
"GB","expense","n2f","freeagent","important","not_found","","","","",""
"GB","expense","expensya","freeagent","important","not_found","","","","",""
"GB","expense","jenji","freeagent","important","not_found","","","","",""
"GB","expense","moss","freeagent","important","not_found","","","","",""
"GB","expense","pliant","freeagent","important","not_found","","","","",""
"GB","banking","qonto","freeagent","important","not_found","","","","",""
"GB","banking","shine","freeagent","important","not_found","","","","",""
"GB","banking","finom","freeagent","important","not_found","","","","",""
"GB","banking","memo-bank","freeagent","important","not_found","","","","",""
"GB","banking","revolut-business","freeagent","important","declared","api","","https://www.revolut.com/business/integrations/","","FreeAgent: Save time by syncing transactions, bills, and expenses."
"GB","banking","bunq","freeagent","important","not_found","","","","",""
"GB","banking","tide","freeagent","important","declared","api","","https://www.tide.co/help-centre/tide-accounting-integrations/","","Connects via Open Banking bank feed, daily transaction import, feed every 24 hours"
"GB","cash","agicap","freeagent","important","not_found","","","","",""
"GB","cash","trezy","freeagent","important","not_found","","","","",""
"GB","payables","dext","freeagent","important","declared","api","","https://help.dext.com/en/articles/220009-how-to-connect-dext-to-freeagent","","Publish cost items, expense claims and sales directly to FreeAgent"
"GB","payables","libeo","freeagent","important","not_found","","","","",""
"GB","payables","getmyinvoices","freeagent","important","not_found","","","","",""
"GB","payables","klippa","freeagent","important","not_found","","","","",""
"GB","payables","yooz","freeagent","important","not_found","","","","",""
"GB","payables","chaintrust","freeagent","important","not_found","","","","",""
"GB","invoicing","teamleader","freeagent","important","not_found","","","","",""
"GB","invoicing","sellsy","freeagent","important","not_found","","","","",""
"GB","pos","sumup","freeagent","important","not_found","","","","",""
"GB","pos","lightspeed","freeagent","important","not_found","","","","",""
"GB","pos","mollie","freeagent","important","not_found","","","","",""
"GB","pos","gocardless","freeagent","important","declared","api","","https://gocardless.com/integrations/freeagent","","FreeAgent connects to GoCardless; invoices collected and reconciled"
"GB","pos","zettle","freeagent","important","not_found","","","","",""
"GB","hr","payfit","freeagent","important","not_found","","","","",""
"GB","hr","lucca","freeagent","important","declared","via_partner","yes","https://support.luccasoftware.com/s/article/Cr%C3%A9er-une-connexion-API?language=fr","","API connection for accounting entries; setup guide hosted on help.chift.app (Chift)"
"GB","hr","factorial","freeagent","important","not_found","","","","",""
"GB","construction","tooltime","freeagent","important","not_found","","","","",""
"GB","construction","vertuoza","freeagent","important","declared","api","","https://intercom-help.eu/vertuoza/fr/articles/522531-synchronisation-comptable-vue-d-ensemble","","Compatible-software table: sales, purchase send and purchase retrieval supported"
"GB","expense","pleo","freshbooks","secondary","not_found","","","","",""
"GB","expense","spendesk","freshbooks","secondary","not_found","","","","",""
"GB","expense","payhawk","freshbooks","secondary","not_found","","","","",""
"GB","expense","rydoo","freshbooks","secondary","not_found","","","","",""
"GB","expense","mooncard","freshbooks","secondary","not_found","","","","",""
"GB","expense","n2f","freshbooks","secondary","not_found","","","","",""
"GB","expense","expensya","freshbooks","secondary","not_found","","","","",""
"GB","expense","jenji","freshbooks","secondary","not_found","","","","",""
"GB","expense","moss","freshbooks","secondary","not_found","","","","",""
"GB","expense","pliant","freshbooks","secondary","not_found","","","","",""
"GB","banking","qonto","freshbooks","secondary","not_found","","","","",""
"GB","banking","shine","freshbooks","secondary","not_found","","","","",""
"GB","banking","finom","freshbooks","secondary","not_found","","","","",""
"GB","banking","memo-bank","freshbooks","secondary","not_found","","","","",""
"GB","banking","revolut-business","freshbooks","secondary","declared","unknown","","https://www.revolut.com/business/integrations/","","FreshBooks listed among integrations: billing and accounting software."
"GB","banking","bunq","freshbooks","secondary","declared","api","","https://help.bunq.com/articles/what-bookkeeping-software-is-available-with-bunq-integration","","Listed as available bookkeeping software with bunq API integration (OAuth)"
"GB","banking","tide","freshbooks","secondary","not_found","","","","",""
"GB","cash","agicap","freshbooks","secondary","not_found","","","","",""
"GB","cash","trezy","freshbooks","secondary","not_found","","","","",""
"GB","payables","dext","freshbooks","secondary","not_found","","","","",""
"GB","payables","libeo","freshbooks","secondary","not_found","","","","",""
"GB","payables","getmyinvoices","freshbooks","secondary","not_found","","","","",""
"GB","payables","klippa","freshbooks","secondary","not_found","","","","",""
"GB","payables","yooz","freshbooks","secondary","not_found","","","","",""
"GB","payables","chaintrust","freshbooks","secondary","not_found","","","","",""
"GB","invoicing","teamleader","freshbooks","secondary","not_found","","","","",""
"GB","invoicing","sellsy","freshbooks","secondary","not_found","","","","",""
"GB","pos","sumup","freshbooks","secondary","not_found","","","","",""
"GB","pos","lightspeed","freshbooks","secondary","not_found","","","","",""
"GB","pos","mollie","freshbooks","secondary","not_found","","","","",""
"GB","pos","gocardless","freshbooks","secondary","not_found","","","","",""
"GB","pos","zettle","freshbooks","secondary","not_found","","","","",""
"GB","hr","payfit","freshbooks","secondary","not_found","","","","",""
"GB","hr","lucca","freshbooks","secondary","not_found","","","","",""
"GB","hr","factorial","freshbooks","secondary","not_found","","","","",""
"GB","construction","tooltime","freshbooks","secondary","not_found","","","","",""
"GB","construction","vertuoza","freshbooks","secondary","not_found","","","","",""
"ES","expense","pleo","sage-50","dominant","declared","file_export","","https://www.pleo.io/en/integrations/sage-50","","Export your spending data to Sage 50 with our custom CSV template"
"ES","expense","spendesk","sage-50","dominant","declared","file_export","","https://helpcenter.spendesk.com/fr/articles/7669249-importer-votre-journal-d-achats-spendesk-dans-sage-100-spc-ou-sage-50","","Import Spendesk purchase journal into Sage 100 SPC or Sage 50"
"ES","expense","payhawk","sage-50","dominant","declared","file_export","","https://payhawk.com/integrations","","Card: predefined CSV/XLS export templates for Sage 50"
"ES","expense","mooncard","sage-50","dominant","declared","unknown","","https://www.mooncard.co/fr/integrations/ciel","","payment data pushed as pre-filled accounting entries; mechanism not described"
"ES","expense","n2f","sage-50","dominant","not_found","","","","",""
"ES","expense","expensya","sage-50","dominant","declared","file_export","","https://www.expensya.com/fr/solutions/integrations/","","""modèles d'exportation CSV/XLS prédéfinis"" for Sage solutions"
"ES","expense","jenji","sage-50","dominant","declared","unknown","","https://www.jenji.io/fr/integrations/erp-comptabilite-finance","","Logo in 'ERP & Comptabilité' grid; connector type not specified per software"
"ES","expense","moss","sage-50","dominant","declared","file_export","","https://www.getmoss.com/integrations/sage","","Moss supports Sage 50 and Sage 200 through configurable CSV templates"
"ES","banking","qonto","sage-50","dominant","declared","via_partner","","https://qonto.com/fr/integrations/sage-ciel-jedeclare","","EBICS link through jedeclare.com (third party)"
"ES","banking","shine","sage-50","dominant","declared","via_partner","","https://www.shine.fr/integrations-comptables/","","Listed as: Transactions - via Bridge, TransfertBANQUE"
"ES","banking","finom","sage-50","dominant","not_found","","","","",""
"ES","banking","memo-bank","sage-50","dominant","declared","api","","https://memo.bank/produit/integrations/","","Listed with connector: EBICS (direct EBICS TS connection)"
"ES","banking","revolut-business","sage-50","dominant","declared","unknown","","https://www.revolut.com/business/integrations/","","Sage 50 Accounts listed among integrations."
"ES","banking","tide","sage-50","dominant","declared","unknown","","https://www.tide.co/help-centre/tide-accounting-integrations/","","Page names ""Sage Accounting"" without the product. Connects via Open Banking bank feed, daily transaction import"
"ES","banking","holvi","sage-50","dominant","not_found","","","","",""
"ES","cash","agicap","sage-50","dominant","declared","unknown","","https://agicap.com/de/unsere-integrationen/","","Listed under ERP & Buchhaltung, no mechanism"
"ES","cash","fygr","sage-50","dominant","not_found","","","","",""
"ES","payables","dext","sage-50","dominant","declared","api","","https://help.dext.com/en/articles/105795-how-to-connect-dext-to-sage-50-uk","","Connects to Sage 50 UK through the Dext Connect App"
"ES","payables","libeo","sage-50","dominant","declared","file_export","","https://help.libeo.io/fr/articles/6680551-sage-50-ciel-exporter-mes-ecritures-comptables","","Export entries with the Sage 50 template, import into Sage 50"
"ES","payables","klippa","sage-50","dominant","not_found","","","","",""
"ES","payables","yooz","sage-50","dominant","declared","api","","https://www.getyooz.com/wp-content/uploads/Yooz-Infographic-Sage-50-UK.pdf","","Connector with Sage 50 (UK); native connector Sage 50 Contaplus (ES)"
"ES","payables","chaintrust","sage-50","dominant","declared","file_export","","https://www.chaintrust.io/blog/actualites/integration-logiciels-comptables-avec-chaintrust/","","Manual import file; attachments not transferred"
"ES","invoicing","teamleader","sage-50","dominant","declared","via_partner","","https://marketplace.teamleader.eu/es/en/category/bookkeeping","","Marketplace app by AlcaTic (third party)"
"ES","invoicing","sellsy","sage-50","dominant","declared","via_partner","","https://go.sellsy.com/applications/edi-connect","","via EdiConnect: sync 'entre Sellsy et EBP, Sage 50, Sage 100 ou Sage 1000'"
"ES","pos","mollie","sage-50","dominant","not_found","","","","",""
"ES","pos","gocardless","sage-50","dominant","declared","api","","https://gocardless.com/partners/sage50","","Automatic collection of Sage 50cloud invoices; FR page too"
"ES","pos","payplug","sage-50","dominant","not_found","","","","",""
"ES","hr","payfit","sage-50","dominant","declared","file_export","","https://support.payfit.com/en-gb/contents/Custom-Payroll-Journals-uyAYKNmy","","Select the export format (Xero, Sage 50, QuickBooks or NetSuite)"
"ES","hr","lucca","sage-50","dominant","declared","unknown","","https://www.lucca.fr/magazine/administration/comptabilite/5-outils-dematerialiser-processus-comptables","","'Sage, Ciel, Navision, SAP, Quadratus': Notes de frais communicates with all ERPs"
"ES","hr","factorial","sage-50","dominant","not_found","","","","",""
"ES","construction","vertuoza","sage-50","dominant","not_found","","","","",""
"ES","construction","graneet","sage-50","dominant","not_found","","","","",""
"ES","expense","pleo","microsoft-dynamics","dominant","declared","api","","https://www.pleo.io/en/integrations/microsoft-business-central","","One-click exports to Business Central; developer listed: Pleo"
"ES","expense","spendesk","microsoft-dynamics","dominant","declared","via_partner","yes","https://helpcenter.spendesk.com/en/articles/12158659-connect-spendesk-to-microsoft-business-central","","Install an extension from our technical partner Chift"
"ES","expense","payhawk","microsoft-dynamics","dominant","declared","api","","https://payhawk.com/integration/microsoft-dynamics","","Direct integration; fully synced with Business Central in real time"
"ES","expense","mooncard","microsoft-dynamics","dominant","declared","unknown","","https://www.mooncard.co/fr/integrations/microsoft-dynamics","","""intégration automatique des données comptables""; mechanism not described"
"ES","expense","n2f","microsoft-dynamics","dominant","declared","file_export","","https://www.n2f.com/de/reisekostenabrechnungen/buchhaltungsexport/","","booking entries generated directly in the matching format for your system"
"ES","expense","expensya","microsoft-dynamics","dominant","declared","file_export","","https://www.expensya.com/fr/solutions/integrations/","","""format d'exportation d'Expensya dédié à Microsoft Dynamics ERP"""
"ES","expense","jenji","microsoft-dynamics","dominant","declared","unknown","","https://www.jenji.io/fr/integrations/erp-comptabilite-finance","","Logo in 'ERP & Comptabilité' grid; connector type not specified per software"
"ES","expense","moss","microsoft-dynamics","dominant","declared","api","","https://www.getmoss.com/integrations/business-central","","Connect Moss to Business Central to sync company spend data; label 'API'"
"ES","banking","qonto","microsoft-dynamics","dominant","declared","api","","https://qonto.com/fr/integrations/dynamics365","","Bank statements and SEPA transfers via direct EBICS connection"
"ES","banking","shine","microsoft-dynamics","dominant","not_found","","","","",""
"ES","banking","finom","microsoft-dynamics","dominant","not_found","","","","",""
"ES","banking","memo-bank","microsoft-dynamics","dominant","not_found","","","","",""
"ES","banking","revolut-business","microsoft-dynamics","dominant","declared","unknown","","https://www.revolut.com/business/integrations/","","Dynamics 365 Business Central: Automate bookkeeping with Microsoft Business Central."
"ES","banking","tide","microsoft-dynamics","dominant","not_found","","","","",""
"ES","banking","holvi","microsoft-dynamics","dominant","not_found","","","","",""
"ES","cash","agicap","microsoft-dynamics","dominant","declared","unknown","","https://agicap.com/fr/nos-integrations/","","Listed under ERP & Comptabilite, no mechanism"
"ES","cash","fygr","microsoft-dynamics","dominant","declared","api","","https://help.okimia.com/fr/articles/15260978-comment-fonctionne-l-integration-entre-okimia-et-microsoft-business-central","","Help 'Integrations via API'; invoices retrieved"
"ES","payables","dext","microsoft-dynamics","dominant","not_found","","","","",""
"ES","payables","libeo","microsoft-dynamics","dominant","not_found","","","","",""
"ES","payables","klippa","microsoft-dynamics","dominant","declared","api","","https://www.klippa.com/en/spendcontrol-en/integrations/microsoft-dynamics/","","Real-time two-way integration with Microsoft Dynamics 365 Business Central"
"ES","payables","yooz","microsoft-dynamics","dominant","declared","api","","https://www.getyooz.com/fr/erp/automatisation-comptabilite-microsoft-dynamics","","Yooz connector, automated data exchange; UK infographic says API integration"
"ES","payables","chaintrust","microsoft-dynamics","dominant","not_found","","","","",""
"ES","invoicing","teamleader","microsoft-dynamics","dominant","declared","via_partner","","https://marketplace.teamleader.eu/be/en/category/bookkeeping","","Marketplace app by APIcenter: synchronize invoices"
"ES","invoicing","sellsy","microsoft-dynamics","dominant","not_found","","","","",""
"ES","pos","mollie","microsoft-dynamics","dominant","declared","file_export","","https://docs.mollie.com/docs/mollie-bank-statements","","Automated export files (email/Dropbox) available for it"
"ES","pos","gocardless","microsoft-dynamics","dominant","declared","via_partner","","https://gocardless.com/partners/microsoft","","Connect through our partners (Astral 365 app)"
"ES","pos","payplug","microsoft-dynamics","dominant","not_found","","","","",""
"ES","hr","payfit","microsoft-dynamics","dominant","not_found","","","","",""
"ES","hr","lucca","microsoft-dynamics","dominant","declared","via_partner","yes","https://support.luccasoftware.com/s/article/Cr%C3%A9er-une-connexion-API?language=fr","","API connection (beta); setup guide hosted on help.chift.app (Chift)"
"ES","hr","factorial","microsoft-dynamics","dominant","declared","via_partner","","https://help.factorialhr.com/en_US/integrations-marketplace/factorial-%E2%80%93-microsoft-dynamics-nav-integration-navision-on-premise","","Syncs employees, projects, time records and employee expenses to Navision"
"ES","construction","vertuoza","microsoft-dynamics","dominant","declared","api","","https://intercom-help.eu/vertuoza/fr/articles/522531-synchronisation-comptable-vue-d-ensemble","","Compatible-software table: sales and purchase send; no purchase retrieval"
"ES","construction","graneet","microsoft-dynamics","dominant","not_found","","","","",""
"ES","expense","pleo","a3-asesor","important","not_found","","","","",""
"ES","expense","spendesk","a3-asesor","important","not_found","","","","",""
"ES","expense","payhawk","a3-asesor","important","not_found","","","","",""
"ES","expense","mooncard","a3-asesor","important","not_found","","","","",""
"ES","expense","n2f","a3-asesor","important","not_found","","","","",""
"ES","expense","expensya","a3-asesor","important","not_found","","","","",""
"ES","expense","jenji","a3-asesor","important","not_found","","","","",""
"ES","expense","moss","a3-asesor","important","not_found","","","","",""
"ES","banking","qonto","a3-asesor","important","not_found","","","","",""
"ES","banking","shine","a3-asesor","important","not_found","","","","",""
"ES","banking","finom","a3-asesor","important","not_found","","","","",""
"ES","banking","memo-bank","a3-asesor","important","not_found","","","","",""
"ES","banking","revolut-business","a3-asesor","important","not_found","","","","",""
"ES","banking","tide","a3-asesor","important","not_found","","","","",""
"ES","banking","holvi","a3-asesor","important","not_found","","","","",""
"ES","cash","agicap","a3-asesor","important","not_found","","","","",""
"ES","cash","fygr","a3-asesor","important","not_found","","","","",""
"ES","payables","dext","a3-asesor","important","not_found","","","","",""
"ES","payables","libeo","a3-asesor","important","not_found","","","","",""
"ES","payables","klippa","a3-asesor","important","not_found","","","","",""
"ES","payables","yooz","a3-asesor","important","declared","api","","https://www.getyooz.com/wp-content/uploads/Yooz-Infografia-Integracion-A3ASESOR-SP.pdf","","Conector Yooz - A3ASESOR, automated integration"
"ES","payables","chaintrust","a3-asesor","important","not_found","","","","",""
"ES","invoicing","teamleader","a3-asesor","important","not_found","","","","",""
"ES","invoicing","sellsy","a3-asesor","important","not_found","","","","",""
"ES","pos","mollie","a3-asesor","important","not_found","","","","",""
"ES","pos","gocardless","a3-asesor","important","not_found","","","","",""
"ES","pos","payplug","a3-asesor","important","not_found","","","","",""
"ES","hr","payfit","a3-asesor","important","not_found","","","","",""
"ES","hr","lucca","a3-asesor","important","not_found","","","","",""
"ES","hr","factorial","a3-asesor","important","not_found","","","","",""
"ES","construction","vertuoza","a3-asesor","important","not_found","","","","",""
"ES","construction","graneet","a3-asesor","important","not_found","","","","",""
"ES","expense","pleo","sage-200","important","declared","file_export","","https://www.pleo.io/en/integrations/sage-200","","Export your Pleo spending data to Sage 200 with custom CSV template"
"ES","expense","spendesk","sage-200","important","not_found","","","","",""
"ES","expense","payhawk","sage-200","important","declared","file_export","","https://payhawk.com/integrations","","Card: predefined CSV/XLS export templates for Sage 200"
"ES","expense","mooncard","sage-200","important","not_found","","","","",""
"ES","expense","n2f","sage-200","important","not_found","","","","",""
"ES","expense","expensya","sage-200","important","not_found","","","","",""
"ES","expense","jenji","sage-200","important","not_found","","","","",""
"ES","expense","moss","sage-200","important","declared","file_export","","https://www.getmoss.com/integrations/sage","","Moss supports Sage 50 and Sage 200 through configurable CSV templates"
"ES","banking","qonto","sage-200","important","not_found","","","","",""
"ES","banking","shine","sage-200","important","not_found","","","","",""
"ES","banking","finom","sage-200","important","not_found","","","","",""
"ES","banking","memo-bank","sage-200","important","not_found","","","","",""
"ES","banking","revolut-business","sage-200","important","declared","unknown","","https://www.revolut.com/business/integrations/","","Sage 200 listed among integrations."
"ES","banking","tide","sage-200","important","not_found","","","","",""
"ES","banking","holvi","sage-200","important","not_found","","","","",""
"ES","cash","agicap","sage-200","important","declared","via_partner","","https://agicap.com/es/articulo/gestion-tesoreria-sage-200-conector-agicap/","","Automated connector by Win4Sync (partner)"
"ES","cash","fygr","sage-200","important","not_found","","","","",""
"ES","payables","dext","sage-200","important","not_found","","","","",""
"ES","payables","libeo","sage-200","important","not_found","","","","",""
"ES","payables","klippa","sage-200","important","not_found","","","","",""
"ES","payables","yooz","sage-200","important","declared","api","","https://www.getyooz.com/wp-content/uploads/Yooz-Infographic-Sage-200-Standard-UK.pdf","","Connector with Sage 200 Standard"
"ES","payables","chaintrust","sage-200","important","not_found","","","","",""
"ES","invoicing","teamleader","sage-200","important","not_found","","","","",""
"ES","invoicing","sellsy","sage-200","important","not_found","","","","",""
"ES","pos","mollie","sage-200","important","not_found","","","","",""
"ES","pos","gocardless","sage-200","important","declared","api","","https://gocardless.com/partners/sage200","","Connect in Sage 200cloud Utilities menu; payments auto-reconciled"
"ES","pos","payplug","sage-200","important","not_found","","","","",""
"ES","hr","payfit","sage-200","important","not_found","","","","",""
"ES","hr","lucca","sage-200","important","not_found","","","","",""
"ES","hr","factorial","sage-200","important","declared","unknown","","https://factorial.es/integraciones","","Featured integration 'Sage 200 & Sage Despachos': soluciones inteligentes para mejorar los flujos de trabajo y el control financiero."
"ES","construction","vertuoza","sage-200","important","not_found","","","","",""
"ES","construction","graneet","sage-200","important","not_found","","","","",""
"ES","expense","pleo","contasol","important","not_found","","","","",""
"ES","expense","spendesk","contasol","important","not_found","","","","",""
"ES","expense","payhawk","contasol","important","not_found","","","","",""
"ES","expense","mooncard","contasol","important","not_found","","","","",""
"ES","expense","n2f","contasol","important","not_found","","","","",""
"ES","expense","expensya","contasol","important","not_found","","","","",""
"ES","expense","jenji","contasol","important","not_found","","","","",""
"ES","expense","moss","contasol","important","not_found","","","","",""
"ES","banking","qonto","contasol","important","not_found","","","","",""
"ES","banking","shine","contasol","important","not_found","","","","",""
"ES","banking","finom","contasol","important","not_found","","","","",""
"ES","banking","memo-bank","contasol","important","not_found","","","","",""
"ES","banking","revolut-business","contasol","important","not_found","","","","",""
"ES","banking","tide","contasol","important","not_found","","","","",""
"ES","banking","holvi","contasol","important","not_found","","","","",""
"ES","cash","agicap","contasol","important","not_found","","","","",""
"ES","cash","fygr","contasol","important","not_found","","","","",""
"ES","payables","dext","contasol","important","not_found","","","","",""
"ES","payables","libeo","contasol","important","not_found","","","","",""
"ES","payables","klippa","contasol","important","not_found","","","","",""
"ES","payables","yooz","contasol","important","declared","api","","https://www.getyooz.com/wp-content/uploads/Yooz-Infografia-Integracion-Contasol-SP.pdf","","Conector nativo Yooz - CONTASOL, API Yooz"
"ES","payables","chaintrust","contasol","important","not_found","","","","",""
"ES","invoicing","teamleader","contasol","important","not_found","","","","",""
"ES","invoicing","sellsy","contasol","important","not_found","","","","",""
"ES","pos","mollie","contasol","important","not_found","","","","",""
"ES","pos","gocardless","contasol","important","not_found","","","","",""
"ES","pos","payplug","contasol","important","not_found","","","","",""
"ES","hr","payfit","contasol","important","not_found","","","","",""
"ES","hr","lucca","contasol","important","not_found","","","","",""
"ES","hr","factorial","contasol","important","not_found","","","","",""
"ES","construction","vertuoza","contasol","important","not_found","","","","",""
"ES","construction","graneet","contasol","important","not_found","","","","",""
"ES","expense","pleo","sage-despachos","important","not_found","","","","",""
"ES","expense","spendesk","sage-despachos","important","not_found","","","","",""
"ES","expense","payhawk","sage-despachos","important","not_found","","","","",""
"ES","expense","mooncard","sage-despachos","important","not_found","","","","",""
"ES","expense","n2f","sage-despachos","important","not_found","","","","",""
"ES","expense","expensya","sage-despachos","important","not_found","","","","",""
"ES","expense","jenji","sage-despachos","important","not_found","","","","",""
"ES","expense","moss","sage-despachos","important","not_found","","","","",""
"ES","banking","qonto","sage-despachos","important","declared","api","","https://qonto.com/es/accountants/integrations/sage-despachos","","Regate by Qonto transfers entries and documents to Sage daily"
"ES","banking","shine","sage-despachos","important","not_found","","","","",""
"ES","banking","finom","sage-despachos","important","not_found","","","","",""
"ES","banking","memo-bank","sage-despachos","important","not_found","","","","",""
"ES","banking","revolut-business","sage-despachos","important","not_found","","","","",""
"ES","banking","tide","sage-despachos","important","not_found","","","","",""
"ES","banking","holvi","sage-despachos","important","not_found","","","","",""
"ES","cash","agicap","sage-despachos","important","not_found","","","","",""
"ES","cash","fygr","sage-despachos","important","not_found","","","","",""
"ES","payables","dext","sage-despachos","important","not_found","","","","",""
"ES","payables","libeo","sage-despachos","important","not_found","","","","",""
"ES","payables","klippa","sage-despachos","important","not_found","","","","",""
"ES","payables","yooz","sage-despachos","important","declared","api","","https://www.getyooz.com/wp-content/uploads/Yooz-Infografia-Integracion-Sage-Despachos-SP-v07.pdf","","Conector Yooz - Sage Despachos, native connector"
"ES","payables","chaintrust","sage-despachos","important","not_found","","","","",""
"ES","invoicing","teamleader","sage-despachos","important","not_found","","","","",""
"ES","invoicing","sellsy","sage-despachos","important","not_found","","","","",""
"ES","pos","mollie","sage-despachos","important","not_found","","","","",""
"ES","pos","gocardless","sage-despachos","important","not_found","","","","",""
"ES","pos","payplug","sage-despachos","important","not_found","","","","",""
"ES","hr","payfit","sage-despachos","important","not_found","","","","",""
"ES","hr","lucca","sage-despachos","important","not_found","","","","",""
"ES","hr","factorial","sage-despachos","important","not_found","","","","",""
"ES","construction","vertuoza","sage-despachos","important","not_found","","","","",""
"ES","construction","graneet","sage-despachos","important","not_found","","","","",""
"ES","expense","pleo","a3-erp","important","not_found","","","","",""
"ES","expense","spendesk","a3-erp","important","not_found","","","","",""
"ES","expense","payhawk","a3-erp","important","not_found","","","","",""
"ES","expense","mooncard","a3-erp","important","not_found","","","","",""
"ES","expense","n2f","a3-erp","important","not_found","","","","",""
"ES","expense","expensya","a3-erp","important","not_found","","","","",""
"ES","expense","jenji","a3-erp","important","not_found","","","","",""
"ES","expense","moss","a3-erp","important","not_found","","","","",""
"ES","banking","qonto","a3-erp","important","not_found","","","","",""
"ES","banking","shine","a3-erp","important","not_found","","","","",""
"ES","banking","finom","a3-erp","important","not_found","","","","",""
"ES","banking","memo-bank","a3-erp","important","not_found","","","","",""
"ES","banking","revolut-business","a3-erp","important","not_found","","","","",""
"ES","banking","tide","a3-erp","important","not_found","","","","",""
"ES","banking","holvi","a3-erp","important","not_found","","","","",""
"ES","cash","agicap","a3-erp","important","declared","unknown","","https://agicap.com/es/nuestras-integraciones/","","Listed under ERP & Contabilidad, no mechanism"
"ES","cash","fygr","a3-erp","important","not_found","","","","",""
"ES","payables","dext","a3-erp","important","not_found","","","","",""
"ES","payables","libeo","a3-erp","important","not_found","","","","",""
"ES","payables","klippa","a3-erp","important","not_found","","","","",""
"ES","payables","yooz","a3-erp","important","not_found","","","","",""
"ES","payables","chaintrust","a3-erp","important","not_found","","","","",""
"ES","invoicing","teamleader","a3-erp","important","not_found","","","","",""
"ES","invoicing","sellsy","a3-erp","important","not_found","","","","",""
"ES","pos","mollie","a3-erp","important","not_found","","","","",""
"ES","pos","gocardless","a3-erp","important","not_found","","","","",""
"ES","pos","payplug","a3-erp","important","not_found","","","","",""
"ES","hr","payfit","a3-erp","important","not_found","","","","",""
"ES","hr","lucca","a3-erp","important","not_found","","","","",""
"ES","hr","factorial","a3-erp","important","not_found","","","","",""
"ES","construction","vertuoza","a3-erp","important","not_found","","","","",""
"ES","construction","graneet","a3-erp","important","not_found","","","","",""
"ES","expense","pleo","a3-innuva","secondary","not_found","","","","",""
"ES","expense","spendesk","a3-innuva","secondary","not_found","","","","",""
"ES","expense","payhawk","a3-innuva","secondary","not_found","","","","",""
"ES","expense","mooncard","a3-innuva","secondary","not_found","","","","",""
"ES","expense","n2f","a3-innuva","secondary","not_found","","","","",""
"ES","expense","expensya","a3-innuva","secondary","not_found","","","","",""
"ES","expense","jenji","a3-innuva","secondary","not_found","","","","",""
"ES","expense","moss","a3-innuva","secondary","not_found","","","","",""
"ES","banking","qonto","a3-innuva","secondary","not_found","","","","",""
"ES","banking","shine","a3-innuva","secondary","not_found","","","","",""
"ES","banking","finom","a3-innuva","secondary","not_found","","","","",""
"ES","banking","memo-bank","a3-innuva","secondary","not_found","","","","",""
"ES","banking","revolut-business","a3-innuva","secondary","not_found","","","","",""
"ES","banking","tide","a3-innuva","secondary","not_found","","","","",""
"ES","banking","holvi","a3-innuva","secondary","not_found","","","","",""
"ES","cash","agicap","a3-innuva","secondary","not_found","","","","",""
"ES","cash","fygr","a3-innuva","secondary","not_found","","","","",""
"ES","payables","dext","a3-innuva","secondary","not_found","","","","",""
"ES","payables","libeo","a3-innuva","secondary","not_found","","","","",""
"ES","payables","klippa","a3-innuva","secondary","not_found","","","","",""
"ES","payables","yooz","a3-innuva","secondary","not_found","","","","",""
"ES","payables","chaintrust","a3-innuva","secondary","not_found","","","","",""
"ES","invoicing","teamleader","a3-innuva","secondary","not_found","","","","",""
"ES","invoicing","sellsy","a3-innuva","secondary","not_found","","","","",""
"ES","pos","mollie","a3-innuva","secondary","not_found","","","","",""
"ES","pos","gocardless","a3-innuva","secondary","not_found","","","","",""
"ES","pos","payplug","a3-innuva","secondary","not_found","","","","",""
"ES","hr","payfit","a3-innuva","secondary","not_found","","","","",""
"ES","hr","lucca","a3-innuva","secondary","not_found","","","","",""
"ES","hr","factorial","a3-innuva","secondary","not_found","","","","",""
"ES","construction","vertuoza","a3-innuva","secondary","not_found","","","","",""
"ES","construction","graneet","a3-innuva","secondary","not_found","","","","",""
"ES","expense","pleo","holded","secondary","declared","unknown","","https://www.pleo.io/en/integrations/holded","","Marketplace card: export spending data right into Holded in a click"
"ES","expense","spendesk","holded","secondary","not_found","","","","",""
"ES","expense","payhawk","holded","secondary","not_found","","","","",""
"ES","expense","mooncard","holded","secondary","not_found","","","","",""
"ES","expense","n2f","holded","secondary","not_found","","","","",""
"ES","expense","expensya","holded","secondary","not_found","","","","",""
"ES","expense","jenji","holded","secondary","not_found","","","","",""
"ES","expense","moss","holded","secondary","not_found","","","","",""
"ES","banking","qonto","holded","secondary","declared","unknown","","https://qonto.com/en/integrations/holded","","Holded integration page: 'Holded optimizes business management: access all your Qonto information... directly from the platform.'"
"ES","banking","shine","holded","secondary","not_found","","","","",""
"ES","banking","finom","holded","secondary","not_found","","","","",""
"ES","banking","memo-bank","holded","secondary","not_found","","","","",""
"ES","banking","revolut-business","holded","secondary","not_found","","","","",""
"ES","banking","tide","holded","secondary","not_found","","","","",""
"ES","banking","holvi","holded","secondary","not_found","","","","",""
"ES","cash","agicap","holded","secondary","declared","unknown","","https://agicap.com/fr/nos-integrations/","","Listed under ERP & Comptabilite, no mechanism"
"ES","cash","fygr","holded","secondary","declared","api","","https://help.okimia.com/fr/articles/10201094-comment-fonctionne-l-integration-entre-okimia-et-holded","","Help 'Integrations via API'; invoices retrieved"
"ES","payables","dext","holded","secondary","not_found","","","","",""
"ES","payables","libeo","holded","secondary","not_found","","","","",""
"ES","payables","klippa","holded","secondary","not_found","","","","",""
"ES","payables","yooz","holded","secondary","not_found","","","","",""
"ES","payables","chaintrust","holded","secondary","not_found","","","","",""
"ES","invoicing","teamleader","holded","secondary","not_found","","","","",""
"ES","invoicing","sellsy","holded","secondary","not_found","","","","",""
"ES","pos","mollie","holded","secondary","not_found","","","","",""
"ES","pos","gocardless","holded","secondary","declared","unknown","","https://gocardless.com/es-es/asociados","","Menu text only: 'Sincroniza con Chargebee, Holded, Salesforce'"
"ES","pos","payplug","holded","secondary","not_found","","","","",""
"ES","hr","payfit","holded","secondary","declared","file_export","","https://support.payfit.com/es-es/contents/Quieres-llevar-un-mejor-control-de-tus-gastos-en-PayFit-Descubre-la-integracion-con-Holded-ux_Yql_R","","Download 'Resumen de Nóminas - Holded' report, then import it in Holded"
"ES","hr","lucca","holded","secondary","not_found","","","","",""
"ES","hr","factorial","holded","secondary","not_found","","","","",""
"ES","construction","vertuoza","holded","secondary","not_found","","","","",""
"ES","construction","graneet","holded","secondary","not_found","","","","",""
"ES","expense","pleo","odoo","secondary","declared","api","","https://www.pleo.io/en/integrations/odoo","","Export every expense into Odoo in one click; syncs tags, VAT codes"
"ES","expense","spendesk","odoo","secondary","directory","via_partner","yes","https://www.spendesk.com/integrations/odoo/","https://www.connect-compta.fr/#annuaire","Developed by: Spendesk via Chift; native two-way integration. Also listed in connect-compta (connection through Chift)."
"ES","expense","payhawk","odoo","secondary","declared","via_partner","","https://payhawk.com/integrations","","Card: connect with Odoo through our partner-built integration"
"ES","expense","mooncard","odoo","secondary","not_found","","","","",""
"ES","expense","n2f","odoo","secondary","declared","unknown","","https://www.n2f.com/en/integrations/odoo/","","Dedicated page 'N2F integrates with Odoo'; mechanism not described"
"ES","expense","expensya","odoo","secondary","not_found","","","","",""
"ES","expense","jenji","odoo","secondary","declared","unknown","","https://www.jenji.io/fr/integrations/erp-comptabilite-finance","","Logo in 'ERP & Comptabilité' grid; connector type not specified per software"
"ES","expense","moss","odoo","secondary","declared","api","","https://www.getmoss.com/integrations","","Listed under Accounting with label 'API'"
"ES","banking","qonto","odoo","secondary","declared","api","","https://qonto.com/fr/integrations/odoo","","EBICS statements and transfers; also transactions sync listed NL/BE"
"ES","banking","shine","odoo","secondary","not_found","","","","",""
"ES","banking","finom","odoo","secondary","declared","unknown","","https://finom.co/fr-fr/integrations/","","Listed under ""Intégrations"" on Finom's French integrations page (read 2026-10-02 in a browser); no mechanism stated."
"ES","banking","memo-bank","odoo","secondary","declared","api","","https://memo.bank/produit/integrations/","","Listed with connector: EBICS (direct EBICS TS connection)"
"ES","banking","revolut-business","odoo","secondary","declared","api","","https://www.revolut.com/business/integrations/","","Odoo: Automatically import account statements into your Odoo database."
"ES","banking","tide","odoo","secondary","not_found","","","","",""
"ES","banking","holvi","odoo","secondary","declared","api","","https://www.holvi.com/de/schnittstellen/","","Weitere Schnittstellen: 'Oodo – Plattformbasierte Unternehmenssoftware (ERP)', verbunden über die standardisierte PSD2-Schnittstelle mit Holvi."
"ES","cash","agicap","odoo","secondary","directory","api","yes","https://agicap.com/fr/nos-integrations/odoo/","https://www.connect-compta.fr/#annuaire","Bi-directional flows; encrypted API or SFTP connections. Also listed in connect-compta (connection through Chift)."
"ES","cash","fygr","odoo","secondary","declared","api","","https://help.okimia.com/fr/articles/9173875-comment-fonctionne-l-integration-entre-okimia-et-odoo","","Help 'Integrations via API'; automatic invoice retrieval"
"ES","payables","dext","odoo","secondary","not_found","","","","",""
"ES","payables","libeo","odoo","secondary","directory","api","yes","https://libeo.io/integrations/odoo","https://www.connect-compta.fr/#annuaire","Documents and accounting entries are sent by API into Odoo. Also listed in connect-compta (connection through Chift)."
"ES","payables","klippa","odoo","secondary","declared","api","","https://www.klippa.com/koppelingen/odoo/","","Connects directly to Odoo; books invoices directly to Odoo"
"ES","payables","yooz","odoo","secondary","directory","api","","https://www.getyooz.com/fr/logiciels-comptables-et-erp-connectes","https://www.connect-compta.fr/#annuaire","Logo on connected-ERP list (250+ native connectors); mechanism not detailed. Also listed in connect-compta (direct connection)."
"ES","payables","chaintrust","odoo","secondary","not_found","","","","",""
"ES","invoicing","teamleader","odoo","secondary","not_found","","","","",""
"ES","invoicing","sellsy","odoo","secondary","not_found","","","","",""
"ES","pos","mollie","odoo","secondary","declared","api","","https://www.mollie.com/integrations/odoo","","Mollie apps for Odoo ecommerce, POS and financial reconciliation"
"ES","pos","gocardless","odoo","secondary","declared","via_partner","","https://gocardless.com/partners/category/accounting-and-invoicing","","Listed as 'Odoo by Open User Systems'"
"ES","pos","payplug","odoo","secondary","declared","api","","https://www.payplug.com/fr/modules/odoo/","","Payplug module for Odoo: checkout and payment links in invoices"
"ES","hr","payfit","odoo","secondary","declared","via_partner","","https://payfit.com/fr/go/odoo-by-sodexis/","","Payroll data pushed to Odoo Accounting through the Sodexis connector"
"ES","hr","lucca","odoo","secondary","directory","via_partner","yes","https://support.luccasoftware.com/s/article/Cr%C3%A9er-une-connexion-API?language=fr","https://www.connect-compta.fr/#annuaire","API connection for accounting entries; setup guide hosted on help.chift.app (Chift). Also listed in connect-compta (connection through Chift)."
"ES","hr","factorial","odoo","secondary","not_found","","","","",""
"ES","construction","vertuoza","odoo","secondary","directory","api","yes","https://intercom-help.eu/vertuoza/fr/articles/522531-synchronisation-comptable-vue-d-ensemble","https://www.connect-compta.fr/#annuaire","Compatible-software table: sales, purchase send and purchase retrieval supported. Also listed in connect-compta (connection through Chift)."
"ES","construction","graneet","odoo","secondary","directory","via_partner","yes","https://www.connect-compta.fr/#annuaire","https://www.connect-compta.fr/#annuaire","connect-compta, Chift's directory, lists a connection through Chift."
"IT","expense","pleo","teamsystem-studio","dominant","not_found","","","","",""
"IT","expense","spendesk","teamsystem-studio","dominant","not_found","","","","",""
"IT","expense","payhawk","teamsystem-studio","dominant","not_found","","","","",""
"IT","expense","rydoo","teamsystem-studio","dominant","not_found","","","","",""
"IT","expense","n2f","teamsystem-studio","dominant","declared","unknown","","https://www.n2f.com/fr/nos-integrations/teamsystem/","","Page names ""TeamSystem"" without the product. Dedicated page 'N2F integrates with TeamSystem'; mechanism not described"
"IT","expense","moss","teamsystem-studio","dominant","not_found","","","","",""
"IT","expense","pliant","teamsystem-studio","dominant","not_found","","","","",""
"IT","banking","qonto","teamsystem-studio","dominant","declared","unknown","","https://qonto.com/it/integrations/teamsystem","","Page names ""TeamSystem"" without the product. Integration via TeamSystem Pay module: collections, payments, account access"
"IT","banking","finom","teamsystem-studio","dominant","not_found","","","","",""
"IT","banking","memo-bank","teamsystem-studio","dominant","not_found","","","","",""
"IT","banking","revolut-business","teamsystem-studio","dominant","not_found","","","","",""
"IT","banking","bunq","teamsystem-studio","dominant","not_found","","","","",""
"IT","cash","agicap","teamsystem-studio","dominant","not_found","","","","",""
"IT","payables","candis","teamsystem-studio","dominant","not_found","","","","",""
"IT","payables","klippa","teamsystem-studio","dominant","not_found","","","","",""
"IT","payables","yooz","teamsystem-studio","dominant","not_found","","","","",""
"IT","pos","lightspeed","teamsystem-studio","dominant","not_found","","","","",""
"IT","pos","mollie","teamsystem-studio","dominant","not_found","","","","",""
"IT","pos","gocardless","teamsystem-studio","dominant","not_found","","","","",""
"IT","hr","payfit","teamsystem-studio","dominant","not_found","","","","",""
"IT","construction","vertuoza","teamsystem-studio","dominant","not_found","","","","",""
"IT","expense","pleo","microsoft-dynamics","important","declared","api","","https://www.pleo.io/en/integrations/microsoft-business-central","","One-click exports to Business Central; developer listed: Pleo"
"IT","expense","spendesk","microsoft-dynamics","important","declared","via_partner","yes","https://helpcenter.spendesk.com/en/articles/12158659-connect-spendesk-to-microsoft-business-central","","Install an extension from our technical partner Chift"
"IT","expense","payhawk","microsoft-dynamics","important","declared","api","","https://payhawk.com/integration/microsoft-dynamics","","Direct integration; fully synced with Business Central in real time"
"IT","expense","rydoo","microsoft-dynamics","important","declared","via_partner","","https://www.rydoo.com/integrations/microsoft-dynamics-365-business-central-unitech/","","Done using the UniTech IT Solutions connector handling the API integration"
"IT","expense","n2f","microsoft-dynamics","important","declared","file_export","","https://www.n2f.com/de/reisekostenabrechnungen/buchhaltungsexport/","","booking entries generated directly in the matching format for your system"
"IT","expense","moss","microsoft-dynamics","important","declared","api","","https://www.getmoss.com/integrations/business-central","","Connect Moss to Business Central to sync company spend data; label 'API'"
"IT","expense","pliant","microsoft-dynamics","important","declared","api","","https://www.getpliant.com/en/integrations","","Accounting category; type 'API integration'"
"IT","banking","qonto","microsoft-dynamics","important","declared","api","","https://qonto.com/fr/integrations/dynamics365","","Bank statements and SEPA transfers via direct EBICS connection"
"IT","banking","finom","microsoft-dynamics","important","not_found","","","","",""
"IT","banking","memo-bank","microsoft-dynamics","important","not_found","","","","",""
"IT","banking","revolut-business","microsoft-dynamics","important","declared","unknown","","https://www.revolut.com/business/integrations/","","Dynamics 365 Business Central: Automate bookkeeping with Microsoft Business Central."
"IT","banking","bunq","microsoft-dynamics","important","declared","api","","https://help.bunq.com/articles/what-bookkeeping-software-is-available-with-bunq-integration","","Listed as available bookkeeping software with bunq API integration (OAuth)"
"IT","cash","agicap","microsoft-dynamics","important","declared","unknown","","https://agicap.com/fr/nos-integrations/","","Listed under ERP & Comptabilite, no mechanism"
"IT","payables","candis","microsoft-dynamics","important","declared","via_partner","","https://hilfe.candis.io/de/collections/870858-microsoft-dynamics-365-business-central","","Sievers Candis Connector via Microsoft AppSource, BC SaaS only"
"IT","payables","klippa","microsoft-dynamics","important","declared","api","","https://www.klippa.com/en/spendcontrol-en/integrations/microsoft-dynamics/","","Real-time two-way integration with Microsoft Dynamics 365 Business Central"
"IT","payables","yooz","microsoft-dynamics","important","declared","api","","https://www.getyooz.com/fr/erp/automatisation-comptabilite-microsoft-dynamics","","Yooz connector, automated data exchange; UK infographic says API integration"
"IT","pos","lightspeed","microsoft-dynamics","important","not_found","","","","",""
"IT","pos","mollie","microsoft-dynamics","important","declared","file_export","","https://docs.mollie.com/docs/mollie-bank-statements","","Automated export files (email/Dropbox) available for it"
"IT","pos","gocardless","microsoft-dynamics","important","declared","via_partner","","https://gocardless.com/partners/microsoft","","Connect through our partners (Astral 365 app)"
"IT","hr","payfit","microsoft-dynamics","important","not_found","","","","",""
"IT","construction","vertuoza","microsoft-dynamics","important","declared","api","","https://intercom-help.eu/vertuoza/fr/articles/522531-synchronisation-comptable-vue-d-ensemble","","Compatible-software table: sales and purchase send; no purchase retrieval"
"IT","expense","pleo","ago-infinity","important","not_found","","","","",""
"IT","expense","spendesk","ago-infinity","important","not_found","","","","",""
"IT","expense","payhawk","ago-infinity","important","not_found","","","","",""
"IT","expense","rydoo","ago-infinity","important","not_found","","","","",""
"IT","expense","n2f","ago-infinity","important","declared","unknown","","https://www.n2f.com/fr/nos-integrations/zucchetti/","","Page names ""Zucchetti"" without the product. Dedicated page 'N2F integrates with Zucchetti'; mechanism not described"
"IT","expense","moss","ago-infinity","important","not_found","","","","",""
"IT","expense","pliant","ago-infinity","important","not_found","","","","",""
"IT","banking","qonto","ago-infinity","important","not_found","","","","",""
"IT","banking","finom","ago-infinity","important","not_found","","","","",""
"IT","banking","memo-bank","ago-infinity","important","not_found","","","","",""
"IT","banking","revolut-business","ago-infinity","important","not_found","","","","",""
"IT","banking","bunq","ago-infinity","important","not_found","","","","",""
"IT","cash","agicap","ago-infinity","important","not_found","","","","",""
"IT","payables","candis","ago-infinity","important","not_found","","","","",""
"IT","payables","klippa","ago-infinity","important","not_found","","","","",""
"IT","payables","yooz","ago-infinity","important","not_found","","","","",""
"IT","pos","lightspeed","ago-infinity","important","not_found","","","","",""
"IT","pos","mollie","ago-infinity","important","not_found","","","","",""
"IT","pos","gocardless","ago-infinity","important","not_found","","","","",""
"IT","hr","payfit","ago-infinity","important","not_found","","","","",""
"IT","construction","vertuoza","ago-infinity","important","not_found","","","","",""
"IT","expense","pleo","profis","important","not_found","","","","",""
"IT","expense","spendesk","profis","important","not_found","","","","",""
"IT","expense","payhawk","profis","important","not_found","","","","",""
"IT","expense","rydoo","profis","important","not_found","","","","",""
"IT","expense","n2f","profis","important","not_found","","","","",""
"IT","expense","moss","profis","important","not_found","","","","",""
"IT","expense","pliant","profis","important","not_found","","","","",""
"IT","banking","qonto","profis","important","not_found","","","","",""
"IT","banking","finom","profis","important","not_found","","","","",""
"IT","banking","memo-bank","profis","important","not_found","","","","",""
"IT","banking","revolut-business","profis","important","not_found","","","","",""
"IT","banking","bunq","profis","important","not_found","","","","",""
"IT","cash","agicap","profis","important","declared","unknown","","https://agicap.com/it/le-nostre-integrazioni/","","Listed under ERP & Contabilita, no mechanism"
"IT","payables","candis","profis","important","not_found","","","","",""
"IT","payables","klippa","profis","important","not_found","","","","",""
"IT","payables","yooz","profis","important","not_found","","","","",""
"IT","pos","lightspeed","profis","important","not_found","","","","",""
"IT","pos","mollie","profis","important","not_found","","","","",""
"IT","pos","gocardless","profis","important","not_found","","","","",""
"IT","hr","payfit","profis","important","not_found","","","","",""
"IT","construction","vertuoza","profis","important","not_found","","","","",""
"IT","expense","pleo","teamsystem-azienda","important","not_found","","","","",""
"IT","expense","spendesk","teamsystem-azienda","important","not_found","","","","",""
"IT","expense","payhawk","teamsystem-azienda","important","not_found","","","","",""
"IT","expense","rydoo","teamsystem-azienda","important","not_found","","","","",""
"IT","expense","n2f","teamsystem-azienda","important","declared","unknown","","https://www.n2f.com/fr/nos-integrations/teamsystem/","","Page names ""TeamSystem"" without the product. Dedicated page 'N2F integrates with TeamSystem'; mechanism not described"
"IT","expense","moss","teamsystem-azienda","important","not_found","","","","",""
"IT","expense","pliant","teamsystem-azienda","important","not_found","","","","",""
"IT","banking","qonto","teamsystem-azienda","important","declared","unknown","","https://qonto.com/it/integrations/teamsystem","","Page names ""TeamSystem"" without the product. Integration via TeamSystem Pay module: collections, payments, account access"
"IT","banking","finom","teamsystem-azienda","important","not_found","","","","",""
"IT","banking","memo-bank","teamsystem-azienda","important","not_found","","","","",""
"IT","banking","revolut-business","teamsystem-azienda","important","not_found","","","","",""
"IT","banking","bunq","teamsystem-azienda","important","not_found","","","","",""
"IT","cash","agicap","teamsystem-azienda","important","not_found","","","","",""
"IT","payables","candis","teamsystem-azienda","important","not_found","","","","",""
"IT","payables","klippa","teamsystem-azienda","important","not_found","","","","",""
"IT","payables","yooz","teamsystem-azienda","important","not_found","","","","",""
"IT","pos","lightspeed","teamsystem-azienda","important","not_found","","","","",""
"IT","pos","mollie","teamsystem-azienda","important","not_found","","","","",""
"IT","pos","gocardless","teamsystem-azienda","important","not_found","","","","",""
"IT","hr","payfit","teamsystem-azienda","important","not_found","","","","",""
"IT","construction","vertuoza","teamsystem-azienda","important","not_found","","","","",""
"IT","expense","pleo","bpoint","secondary","not_found","","","","",""
"IT","expense","spendesk","bpoint","secondary","not_found","","","","",""
"IT","expense","payhawk","bpoint","secondary","not_found","","","","",""
"IT","expense","rydoo","bpoint","secondary","not_found","","","","",""
"IT","expense","n2f","bpoint","secondary","not_found","","","","",""
"IT","expense","moss","bpoint","secondary","not_found","","","","",""
"IT","expense","pliant","bpoint","secondary","not_found","","","","",""
"IT","banking","qonto","bpoint","secondary","not_found","","","","",""
"IT","banking","finom","bpoint","secondary","not_found","","","","",""
"IT","banking","memo-bank","bpoint","secondary","not_found","","","","",""
"IT","banking","revolut-business","bpoint","secondary","not_found","","","","",""
"IT","banking","bunq","bpoint","secondary","not_found","","","","",""
"IT","cash","agicap","bpoint","secondary","not_found","","","","",""
"IT","payables","candis","bpoint","secondary","not_found","","","","",""
"IT","payables","klippa","bpoint","secondary","not_found","","","","",""
"IT","payables","yooz","bpoint","secondary","not_found","","","","",""
"IT","pos","lightspeed","bpoint","secondary","not_found","","","","",""
"IT","pos","mollie","bpoint","secondary","not_found","","","","",""
"IT","pos","gocardless","bpoint","secondary","not_found","","","","",""
"IT","hr","payfit","bpoint","secondary","not_found","","","","",""
"IT","construction","vertuoza","bpoint","secondary","not_found","","","","",""
"IT","expense","pleo","teamsystem-gamma","secondary","not_found","","","","",""
"IT","expense","spendesk","teamsystem-gamma","secondary","not_found","","","","",""
"IT","expense","payhawk","teamsystem-gamma","secondary","not_found","","","","",""
"IT","expense","rydoo","teamsystem-gamma","secondary","not_found","","","","",""
"IT","expense","n2f","teamsystem-gamma","secondary","declared","unknown","","https://www.n2f.com/fr/nos-integrations/teamsystem/","","Page names ""TeamSystem"" without the product. Dedicated page 'N2F integrates with TeamSystem'; mechanism not described"
"IT","expense","moss","teamsystem-gamma","secondary","not_found","","","","",""
"IT","expense","pliant","teamsystem-gamma","secondary","not_found","","","","",""
"IT","banking","qonto","teamsystem-gamma","secondary","declared","unknown","","https://qonto.com/it/integrations/teamsystem","","Page names ""TeamSystem"" without the product. Integration via TeamSystem Pay module: collections, payments, account access"
"IT","banking","finom","teamsystem-gamma","secondary","not_found","","","","",""
"IT","banking","memo-bank","teamsystem-gamma","secondary","not_found","","","","",""
"IT","banking","revolut-business","teamsystem-gamma","secondary","not_found","","","","",""
"IT","banking","bunq","teamsystem-gamma","secondary","not_found","","","","",""
"IT","cash","agicap","teamsystem-gamma","secondary","not_found","","","","",""
"IT","payables","candis","teamsystem-gamma","secondary","not_found","","","","",""
"IT","payables","klippa","teamsystem-gamma","secondary","not_found","","","","",""
"IT","payables","yooz","teamsystem-gamma","secondary","not_found","","","","",""
"IT","pos","lightspeed","teamsystem-gamma","secondary","not_found","","","","",""
"IT","pos","mollie","teamsystem-gamma","secondary","not_found","","","","",""
"IT","pos","gocardless","teamsystem-gamma","secondary","not_found","","","","",""
"IT","hr","payfit","teamsystem-gamma","secondary","not_found","","","","",""
"IT","construction","vertuoza","teamsystem-gamma","secondary","not_found","","","","",""
"IT","expense","pleo","datev-koinos","secondary","not_found","","","","",""
"IT","expense","spendesk","datev-koinos","secondary","not_found","","","","",""
"IT","expense","payhawk","datev-koinos","secondary","not_found","","","","",""
"IT","expense","rydoo","datev-koinos","secondary","not_found","","","","",""
"IT","expense","n2f","datev-koinos","secondary","not_found","","","","",""
"IT","expense","moss","datev-koinos","secondary","not_found","","","","",""
"IT","expense","pliant","datev-koinos","secondary","not_found","","","","",""
"IT","banking","qonto","datev-koinos","secondary","not_found","","","","",""
"IT","banking","finom","datev-koinos","secondary","not_found","","","","",""
"IT","banking","memo-bank","datev-koinos","secondary","not_found","","","","",""
"IT","banking","revolut-business","datev-koinos","secondary","not_found","","","","",""
"IT","banking","bunq","datev-koinos","secondary","not_found","","","","",""
"IT","cash","agicap","datev-koinos","secondary","declared","unknown","","https://agicap.com/it/le-nostre-integrazioni/","","Listed under ERP & Contabilita, no mechanism"
"IT","payables","candis","datev-koinos","secondary","not_found","","","","",""
"IT","payables","klippa","datev-koinos","secondary","not_found","","","","",""
"IT","payables","yooz","datev-koinos","secondary","not_found","","","","",""
"IT","pos","lightspeed","datev-koinos","secondary","not_found","","","","",""
"IT","pos","mollie","datev-koinos","secondary","not_found","","","","",""
"IT","pos","gocardless","datev-koinos","secondary","not_found","","","","",""
"IT","hr","payfit","datev-koinos","secondary","not_found","","","","",""
"IT","construction","vertuoza","datev-koinos","secondary","not_found","","","","",""
"IT","expense","pleo","teamsystem-reviso","secondary","not_found","","","","",""
"IT","expense","spendesk","teamsystem-reviso","secondary","not_found","","","","",""
"IT","expense","payhawk","teamsystem-reviso","secondary","not_found","","","","",""
"IT","expense","rydoo","teamsystem-reviso","secondary","not_found","","","","",""
"IT","expense","n2f","teamsystem-reviso","secondary","not_found","","","","",""
"IT","expense","moss","teamsystem-reviso","secondary","not_found","","","","",""
"IT","expense","pliant","teamsystem-reviso","secondary","not_found","","","","",""
"IT","banking","qonto","teamsystem-reviso","secondary","not_found","","","","",""
"IT","banking","finom","teamsystem-reviso","secondary","not_found","","","","",""
"IT","banking","memo-bank","teamsystem-reviso","secondary","not_found","","","","",""
"IT","banking","revolut-business","teamsystem-reviso","secondary","not_found","","","","",""
"IT","banking","bunq","teamsystem-reviso","secondary","not_found","","","","",""
"IT","cash","agicap","teamsystem-reviso","secondary","not_found","","","","",""
"IT","payables","candis","teamsystem-reviso","secondary","not_found","","","","",""
"IT","payables","klippa","teamsystem-reviso","secondary","not_found","","","","",""
"IT","payables","yooz","teamsystem-reviso","secondary","not_found","","","","",""
"IT","pos","lightspeed","teamsystem-reviso","secondary","not_found","","","","",""
"IT","pos","mollie","teamsystem-reviso","secondary","not_found","","","","",""
"IT","pos","gocardless","teamsystem-reviso","secondary","not_found","","","","",""
"IT","hr","payfit","teamsystem-reviso","secondary","not_found","","","","",""
"IT","construction","vertuoza","teamsystem-reviso","secondary","not_found","","","","",""
"IT","expense","pleo","netsuite","secondary","declared","api","","https://www.pleo.io/en/integrations/netsuite-new","","Sync and match all expenses, reimbursements, invoices with a single click"
"IT","expense","spendesk","netsuite","secondary","declared","api","","https://www.spendesk.com/integrations/netsuite/","","Integrates with NetSuite via a native, two-way sync"
"IT","expense","payhawk","netsuite","secondary","declared","api","","https://payhawk.com/integration/netsuite","","Real-time bidirectional connection; sync expenses, invoices, payments to NetSuite"
"IT","expense","rydoo","netsuite","secondary","declared","api","","https://www.rydoo.com/integrations/netsuite/","","Automatically export expenses from Rydoo to NetSuite in near real-time"
"IT","expense","n2f","netsuite","secondary","declared","unknown","","https://www.n2f.com/de/","","FAQ list of compatible accounting/ERP/payroll programs"
"IT","expense","moss","netsuite","secondary","declared","api","","https://www.getmoss.com/integrations","","Listed under Accounting with label 'API'"
"IT","expense","pliant","netsuite","secondary","declared","api","","https://www.getpliant.com/en/integrations","","Accounting category; type 'API integration'"
"IT","banking","qonto","netsuite","secondary","declared","api","","https://qonto.com/fr/integrations/netsuite","","Bank statements and SEPA transfers via direct EBICS connection"
"IT","banking","finom","netsuite","secondary","declared","unknown","","https://finom.co/fr-fr/integrations/","","Listed under ""Intégrations"" on Finom's French integrations page (read 2026-10-02 in a browser); no mechanism stated."
"IT","banking","memo-bank","netsuite","secondary","declared","via_partner","","https://memo.bank/produit/integrations/","","Listed with connector: Salt Edge (third-party aggregator)"
"IT","banking","revolut-business","netsuite","secondary","declared","api","","https://www.revolut.com/business/integrations/","","NetSuite: Save time by syncing transactions, bills, and expenses."
"IT","banking","bunq","netsuite","secondary","declared","api","","https://help.bunq.com/articles/what-bookkeeping-software-is-available-with-bunq-integration","","Listed as available bookkeeping software with bunq API integration (OAuth)"
"IT","cash","agicap","netsuite","secondary","declared","api","","https://agicap.com/en/our-integrations/oraclenetsuite/","","Data flows through encrypted API or SFTP connections"
"IT","payables","candis","netsuite","secondary","declared","api","","https://www.candis.io/en/erp","","Existing integrations with SAP Business One, Sage100, Business Central, Oracle Netsuite"
"IT","payables","klippa","netsuite","secondary","declared","api","","https://www.klippa.com/en/spendcontrol-en/integrations/netsuite/","","Two-way NetSuite integration via API (Klippa for Netsuite SuiteApp)"
"IT","payables","yooz","netsuite","secondary","declared","api","","https://www.getyooz.com/fr/erp/oracle-netsuite","","Native integration, REST and SOAP API connectivity"
"IT","pos","lightspeed","netsuite","secondary","declared","api","","https://www.lightspeedhq.com/integrations/netsuite/","","Lightspeed Retail for NetSuite: SuiteApp integration; elsewhere via Omniboost"
"IT","pos","mollie","netsuite","secondary","declared","file_export","","https://docs.mollie.com/docs/mollie-bank-statements","","Automated export files (email/Dropbox) available for it"
"IT","pos","gocardless","netsuite","secondary","declared","api","","https://gocardless.com/partners/netsuite","","GoCardless for NetSuite: collect and reconcile invoice payments automatically"
"IT","hr","payfit","netsuite","secondary","declared","file_export","","https://support.payfit.com/en-gb/contents/Custom-Payroll-Journals-uyAYKNmy","","Select the export format (Xero, Sage 50, QuickBooks or NetSuite)"
"IT","construction","vertuoza","netsuite","secondary","declared","api","","https://intercom-help.eu/vertuoza/fr/articles/522531-synchronisation-comptable-vue-d-ensemble","","Compatible-software table: sales, purchase send and purchase retrieval supported"
"DK","expense","pleo","visma-e-conomic","dominant","declared","api","","https://www.pleo.io/en/integrations/visma-economic","","Pleo's direct integration with Visma e-conomic"
"DK","banking","bunq","visma-e-conomic","dominant","not_found","","","","",""
"DK","payables","dext","visma-e-conomic","dominant","declared","file_export","","https://help.dext.com/en/articles/758038-what-csv-export-formats-are-available-in-dext","","CSV format matching Visma e-conomic purchase voucher layout (Nordic)"
"DK","payables","getmyinvoices","visma-e-conomic","dominant","not_found","","","","",""
"DK","invoicing","teamleader","visma-e-conomic","dominant","not_found","","","","",""
"DK","pos","zettle","visma-e-conomic","dominant","declared","unknown","","https://www.zettle.com/dk/integrationer","","Listed under Accounting & Bookkeeping"
"DK","expense","pleo","microsoft-dynamics","important","declared","api","","https://www.pleo.io/en/integrations/microsoft-business-central","","One-click exports to Business Central; developer listed: Pleo"
"DK","banking","bunq","microsoft-dynamics","important","declared","api","","https://help.bunq.com/articles/what-bookkeeping-software-is-available-with-bunq-integration","","Listed as available bookkeeping software with bunq API integration (OAuth)"
"DK","payables","dext","microsoft-dynamics","important","not_found","","","","",""
"DK","payables","getmyinvoices","microsoft-dynamics","important","declared","api","","https://www.getmyinvoices.com/en/integration/microsoft-dynamics-365-business-central/","","Export sync sends invoices automatically to the Business Central interface"
"DK","invoicing","teamleader","microsoft-dynamics","important","declared","via_partner","","https://marketplace.teamleader.eu/be/en/category/bookkeeping","","Marketplace app by APIcenter: synchronize invoices"
"DK","pos","zettle","microsoft-dynamics","important","not_found","","","","",""
"DK","expense","pleo","dinero","important","declared","api","","https://www.pleo.io/en/integrations/dinero","","Pleo's direct integration with Dinero"
"DK","banking","bunq","dinero","important","not_found","","","","",""
"DK","payables","dext","dinero","important","not_found","","","","",""
"DK","payables","getmyinvoices","dinero","important","declared","api","","https://www.getmyinvoices.com/en/integration/download-dinero-invoices/","","Automated interface to Dinero, Danish cloud accounting software"
"DK","invoicing","teamleader","dinero","important","not_found","","","","",""
"DK","pos","zettle","dinero","important","declared","unknown","","https://www.zettle.com/dk/integrationer","","Listed under Accounting & Bookkeeping"
"DK","expense","pleo","billy","important","declared","api","","https://www.pleo.io/en/integrations/billy-new","","Send purchase data, receipts directly to the desired cash journal in Billy"
"DK","banking","bunq","billy","important","not_found","","","","",""
"DK","payables","dext","billy","important","not_found","","","","",""
"DK","payables","getmyinvoices","billy","important","not_found","","","","",""
"DK","invoicing","teamleader","billy","important","not_found","","","","",""
"DK","pos","zettle","billy","important","declared","unknown","","https://www.zettle.com/dk/integrationer","","Listed under Accounting & Bookkeeping"
"DK","expense","pleo","uniconta","important","declared","api","","https://www.pleo.io/en/integrations/uniconta","","Pleo's direct integration with Uniconta"
"DK","banking","bunq","uniconta","important","declared","api","","https://help.bunq.com/articles/what-bookkeeping-software-is-available-with-bunq-integration","","Listed as available bookkeeping software with bunq API integration (OAuth)"
"DK","payables","dext","uniconta","important","not_found","","","","",""
"DK","payables","getmyinvoices","uniconta","important","not_found","","","","",""
"DK","invoicing","teamleader","uniconta","important","not_found","","","","",""
"DK","pos","zettle","uniconta","important","not_found","","","","",""
"DK","expense","pleo","bjorn-lunden","secondary","not_found","","","","",""
"DK","banking","bunq","bjorn-lunden","secondary","not_found","","","","",""
"DK","payables","dext","bjorn-lunden","secondary","not_found","","","","",""
"DK","payables","getmyinvoices","bjorn-lunden","secondary","not_found","","","","",""
"DK","invoicing","teamleader","bjorn-lunden","secondary","declared","via_partner","","https://marketplace.teamleader.eu/nl/en/category/bookkeeping","","Marketplace app by Combidesk: synchronize invoices"
"DK","pos","zettle","bjorn-lunden","secondary","declared","unknown","","https://www.zettle.com/se/integrationer","","Listed under Accounting & Bookkeeping"
"DK","expense","pleo","unit4","secondary","not_found","","","","",""
"DK","banking","bunq","unit4","secondary","not_found","","","","",""
"DK","payables","dext","unit4","secondary","not_found","","","","",""
"DK","payables","getmyinvoices","unit4","secondary","not_found","","","","",""
"DK","invoicing","teamleader","unit4","secondary","not_found","","","","",""
"DK","pos","zettle","unit4","secondary","not_found","","","","",""
"DK","expense","pleo","dynaccount","secondary","not_found","","","","",""
"DK","banking","bunq","dynaccount","secondary","not_found","","","","",""
"DK","payables","dext","dynaccount","secondary","not_found","","","","",""
"DK","payables","getmyinvoices","dynaccount","secondary","not_found","","","","",""
"DK","invoicing","teamleader","dynaccount","secondary","not_found","","","","",""
"DK","pos","zettle","dynaccount","secondary","not_found","","","","",""
"SE","expense","pleo","fortnox","dominant","declared","api","","https://www.pleo.io/en/integrations/fortnox-new","","Get your API integration code in Fortnox and copy it into Pleo"
"SE","banking","revolut-business","fortnox","dominant","not_found","","","","",""
"SE","banking","holvi","fortnox","dominant","not_found","","","","",""
"SE","invoicing","teamleader","fortnox","dominant","not_found","","","","",""
"SE","pos","zettle","fortnox","dominant","declared","unknown","","https://www.zettle.com/se/integrationer","","Listed under Accounting & Bookkeeping"
"SE","expense","pleo","visma-spiris","dominant","declared","api","","https://www.pleo.io/en/integrations/visma","","Send purchase data, receipts, VAT codes directly to Visma eEkonomi"
"SE","banking","revolut-business","visma-spiris","dominant","not_found","","","","",""
"SE","banking","holvi","visma-spiris","dominant","not_found","","","","",""
"SE","invoicing","teamleader","visma-spiris","dominant","not_found","","","","",""
"SE","pos","zettle","visma-spiris","dominant","not_found","","","","",""
"SE","expense","pleo","microsoft-dynamics","important","declared","api","","https://www.pleo.io/en/integrations/microsoft-business-central","","One-click exports to Business Central; developer listed: Pleo"
"SE","banking","revolut-business","microsoft-dynamics","important","declared","unknown","","https://www.revolut.com/business/integrations/","","Dynamics 365 Business Central: Automate bookkeeping with Microsoft Business Central."
"SE","banking","holvi","microsoft-dynamics","important","not_found","","","","",""
"SE","invoicing","teamleader","microsoft-dynamics","important","declared","via_partner","","https://marketplace.teamleader.eu/be/en/category/bookkeeping","","Marketplace app by APIcenter: synchronize invoices"
"SE","pos","zettle","microsoft-dynamics","important","not_found","","","","",""
"SE","expense","pleo","xledger","important","declared","api","","https://www.pleo.io/en/integrations/xledger","","Every transaction is tagged and synced to Xledger"
"SE","banking","revolut-business","xledger","important","declared","unknown","","https://www.revolut.com/business/integrations/","","Xledger listed among integrations."
"SE","banking","holvi","xledger","important","not_found","","","","",""
"SE","invoicing","teamleader","xledger","important","not_found","","","","",""
"SE","pos","zettle","xledger","important","not_found","","","","",""
"SE","expense","pleo","bjorn-lunden","important","not_found","","","","",""
"SE","banking","revolut-business","bjorn-lunden","important","not_found","","","","",""
"SE","banking","holvi","bjorn-lunden","important","not_found","","","","",""
"SE","invoicing","teamleader","bjorn-lunden","important","declared","via_partner","","https://marketplace.teamleader.eu/nl/en/category/bookkeeping","","Marketplace app by Combidesk: synchronize invoices"
"SE","pos","zettle","bjorn-lunden","important","declared","unknown","","https://www.zettle.com/se/integrationer","","Listed under Accounting & Bookkeeping"
"SE","expense","pleo","unit4","secondary","not_found","","","","",""
"SE","banking","revolut-business","unit4","secondary","not_found","","","","",""
"SE","banking","holvi","unit4","secondary","not_found","","","","",""
"SE","invoicing","teamleader","unit4","secondary","not_found","","","","",""
"SE","pos","zettle","unit4","secondary","not_found","","","","",""
"SE","expense","pleo","finago","secondary","not_found","","","","",""
"SE","banking","revolut-business","finago","secondary","not_found","","","","",""
"SE","banking","holvi","finago","secondary","declared","api","","https://www.holvi.com/fi/yhteydet/","","Bank connection (pankkiyhteys): connect Holvi in a few clicks; tailored Excel/CSV report too"
"SE","invoicing","teamleader","finago","secondary","not_found","","","","",""
"SE","pos","zettle","finago","secondary","not_found","","","","",""
"SE","expense","pleo","sage-active","secondary","not_found","","","","",""
"SE","banking","revolut-business","sage-active","secondary","not_found","","","","",""
"SE","banking","holvi","sage-active","secondary","not_found","","","","",""
"SE","invoicing","teamleader","sage-active","secondary","not_found","","","","",""
"SE","pos","zettle","sage-active","secondary","not_found","","","","",""
"SE","expense","pleo","hogia","secondary","not_found","","","","",""
"SE","banking","revolut-business","hogia","secondary","not_found","","","","",""
"SE","banking","holvi","hogia","secondary","not_found","","","","",""
"SE","invoicing","teamleader","hogia","secondary","not_found","","","","",""
"SE","pos","zettle","hogia","secondary","not_found","","","","",""
"NO","expense","pleo","microsoft-dynamics","dominant","declared","api","","https://www.pleo.io/en/integrations/microsoft-business-central","","One-click exports to Business Central; developer listed: Pleo"
"NO","banking","qonto","microsoft-dynamics","dominant","declared","api","","https://qonto.com/fr/integrations/dynamics365","","Bank statements and SEPA transfers via direct EBICS connection"
"NO","banking","revolut-business","microsoft-dynamics","dominant","declared","unknown","","https://www.revolut.com/business/integrations/","","Dynamics 365 Business Central: Automate bookkeeping with Microsoft Business Central."
"NO","banking","holvi","microsoft-dynamics","dominant","not_found","","","","",""
"NO","payables","dext","microsoft-dynamics","dominant","not_found","","","","",""
"NO","invoicing","teamleader","microsoft-dynamics","dominant","declared","via_partner","","https://marketplace.teamleader.eu/be/en/category/bookkeeping","","Marketplace app by APIcenter: synchronize invoices"
"NO","pos","lightspeed","microsoft-dynamics","dominant","not_found","","","","",""
"NO","pos","mollie","microsoft-dynamics","dominant","declared","file_export","","https://docs.mollie.com/docs/mollie-bank-statements","","Automated export files (email/Dropbox) available for it"
"NO","pos","zettle","microsoft-dynamics","dominant","not_found","","","","",""
"NO","construction","vertuoza","microsoft-dynamics","dominant","declared","api","","https://intercom-help.eu/vertuoza/fr/articles/522531-synchronisation-comptable-vue-d-ensemble","","Compatible-software table: sales and purchase send; no purchase retrieval"
"NO","expense","pleo","tripletex","dominant","not_found","","","","",""
"NO","banking","qonto","tripletex","dominant","not_found","","","","",""
"NO","banking","revolut-business","tripletex","dominant","not_found","","","","",""
"NO","banking","holvi","tripletex","dominant","not_found","","","","",""
"NO","payables","dext","tripletex","dominant","not_found","","","","",""
"NO","invoicing","teamleader","tripletex","dominant","not_found","","","","",""
"NO","pos","lightspeed","tripletex","dominant","not_found","","","","",""
"NO","pos","mollie","tripletex","dominant","not_found","","","","",""
"NO","pos","zettle","tripletex","dominant","not_found","","","","",""
"NO","construction","vertuoza","tripletex","dominant","not_found","","","","",""
"NO","expense","pleo","fiken","dominant","not_found","","","","",""
"NO","banking","qonto","fiken","dominant","not_found","","","","",""
"NO","banking","revolut-business","fiken","dominant","not_found","","","","",""
"NO","banking","holvi","fiken","dominant","not_found","","","","",""
"NO","payables","dext","fiken","dominant","not_found","","","","",""
"NO","invoicing","teamleader","fiken","dominant","not_found","","","","",""
"NO","pos","lightspeed","fiken","dominant","not_found","","","","",""
"NO","pos","mollie","fiken","dominant","not_found","","","","",""
"NO","pos","zettle","fiken","dominant","declared","unknown","","https://www.zettle.com/no/integrasjoner","","Listed under Accounting & Bookkeeping"
"NO","construction","vertuoza","fiken","dominant","not_found","","","","",""
"NO","expense","pleo","poweroffice","dominant","not_found","","","","",""
"NO","banking","qonto","poweroffice","dominant","not_found","","","","",""
"NO","banking","revolut-business","poweroffice","dominant","not_found","","","","",""
"NO","banking","holvi","poweroffice","dominant","not_found","","","","",""
"NO","payables","dext","poweroffice","dominant","not_found","","","","",""
"NO","invoicing","teamleader","poweroffice","dominant","not_found","","","","",""
"NO","pos","lightspeed","poweroffice","dominant","not_found","","","","",""
"NO","pos","mollie","poweroffice","dominant","not_found","","","","",""
"NO","pos","zettle","poweroffice","dominant","not_found","","","","",""
"NO","construction","vertuoza","poweroffice","dominant","not_found","","","","",""
"NO","expense","pleo","finago","important","not_found","","","","",""
"NO","banking","qonto","finago","important","not_found","","","","",""
"NO","banking","revolut-business","finago","important","not_found","","","","",""
"NO","banking","holvi","finago","important","declared","api","","https://www.holvi.com/fi/yhteydet/","","Bank connection (pankkiyhteys): connect Holvi in a few clicks; tailored Excel/CSV report too"
"NO","payables","dext","finago","important","not_found","","","","",""
"NO","invoicing","teamleader","finago","important","not_found","","","","",""
"NO","pos","lightspeed","finago","important","not_found","","","","",""
"NO","pos","mollie","finago","important","not_found","","","","",""
"NO","pos","zettle","finago","important","not_found","","","","",""
"NO","construction","vertuoza","finago","important","not_found","","","","",""
"NO","expense","pleo","xledger","important","declared","api","","https://www.pleo.io/en/integrations/xledger","","Every transaction is tagged and synced to Xledger"
"NO","banking","qonto","xledger","important","not_found","","","","",""
"NO","banking","revolut-business","xledger","important","declared","unknown","","https://www.revolut.com/business/integrations/","","Xledger listed among integrations."
"NO","banking","holvi","xledger","important","not_found","","","","",""
"NO","payables","dext","xledger","important","not_found","","","","",""
"NO","invoicing","teamleader","xledger","important","not_found","","","","",""
"NO","pos","lightspeed","xledger","important","not_found","","","","",""
"NO","pos","mollie","xledger","important","not_found","","","","",""
"NO","pos","zettle","xledger","important","not_found","","","","",""
"NO","construction","vertuoza","xledger","important","not_found","","","","",""
"NO","expense","pleo","visma-eaccounting","secondary","not_found","","","","",""
"NO","banking","qonto","visma-eaccounting","secondary","declared","api","","https://qonto.com/nl/accounting","","Named among direct accounting links; supplier invoice sync also listed"
"NO","banking","revolut-business","visma-eaccounting","secondary","not_found","","","","",""
"NO","banking","holvi","visma-eaccounting","secondary","not_found","","","","",""
"NO","payables","dext","visma-eaccounting","secondary","not_found","","","","",""
"NO","invoicing","teamleader","visma-eaccounting","secondary","declared","via_partner","","https://marketplace.teamleader.eu/be/en/category/bookkeeping","","Marketplace app by Combidesk: synchronize invoices"
"NO","pos","lightspeed","visma-eaccounting","secondary","declared","via_partner","","https://www.lightspeedhq.nl/integraties/visma-eaccounting-voor-retail-restaurant/","","Via winkelboekhouding.nl connector: receipts posted to bookkeeping"
"NO","pos","mollie","visma-eaccounting","secondary","declared","file_export","","https://docs.mollie.com/docs/mollie-bank-statements","","Automated export files (email/Dropbox) available for it ('Visma eAccounting & Visma.net')"
"NO","pos","zettle","visma-eaccounting","secondary","declared","api","","https://www.zettle.com/nl/help/articles/2650704-integreren-met-visma","","Daily sales booked automatically in Visma eAccounting"
"NO","construction","vertuoza","visma-eaccounting","secondary","declared","api","","https://intercom-help.eu/vertuoza/fr/articles/522531-synchronisation-comptable-vue-d-ensemble","","Compatible-software table: sales, purchase send and purchase retrieval supported"
"NO","expense","pleo","unimicro","secondary","not_found","","","","",""
"NO","banking","qonto","unimicro","secondary","not_found","","","","",""
"NO","banking","revolut-business","unimicro","secondary","not_found","","","","",""
"NO","banking","holvi","unimicro","secondary","not_found","","","","",""
"NO","payables","dext","unimicro","secondary","not_found","","","","",""
"NO","invoicing","teamleader","unimicro","secondary","not_found","","","","",""
"NO","pos","lightspeed","unimicro","secondary","not_found","","","","",""
"NO","pos","mollie","unimicro","secondary","not_found","","","","",""
"NO","pos","zettle","unimicro","secondary","not_found","","","","",""
"NO","construction","vertuoza","unimicro","secondary","not_found","","","","",""
"NO","expense","pleo","zirius","secondary","not_found","","","","",""
"NO","banking","qonto","zirius","secondary","not_found","","","","",""
"NO","banking","revolut-business","zirius","secondary","not_found","","","","",""
"NO","banking","holvi","zirius","secondary","not_found","","","","",""
"NO","payables","dext","zirius","secondary","not_found","","","","",""
"NO","invoicing","teamleader","zirius","secondary","not_found","","","","",""
"NO","pos","lightspeed","zirius","secondary","not_found","","","","",""
"NO","pos","mollie","zirius","secondary","not_found","","","","",""
"NO","pos","zettle","zirius","secondary","not_found","","","","",""
"NO","construction","vertuoza","zirius","secondary","not_found","","","","",""
"NO","expense","pleo","visma-e-conomic","secondary","declared","api","","https://www.pleo.io/en/integrations/visma-economic","","Pleo's direct integration with Visma e-conomic"
"NO","banking","qonto","visma-e-conomic","secondary","not_found","","","","",""
"NO","banking","revolut-business","visma-e-conomic","secondary","not_found","","","","",""
"NO","banking","holvi","visma-e-conomic","secondary","not_found","","","","",""
"NO","payables","dext","visma-e-conomic","secondary","declared","file_export","","https://help.dext.com/en/articles/758038-what-csv-export-formats-are-available-in-dext","","CSV format matching Visma e-conomic purchase voucher layout (Nordic)"
"NO","invoicing","teamleader","visma-e-conomic","secondary","not_found","","","","",""
"NO","pos","lightspeed","visma-e-conomic","secondary","not_found","","","","",""
"NO","pos","mollie","visma-e-conomic","secondary","not_found","","","","",""
"NO","pos","zettle","visma-e-conomic","secondary","declared","unknown","","https://www.zettle.com/dk/integrationer","","Listed under Accounting & Bookkeeping"
"NO","construction","vertuoza","visma-e-conomic","secondary","not_found","","","","",""
